GEO,Sex,Age group,Disability type,Global Severity,Labour force status,UOM,VALUE,STATUS
Newfoundland and Labrador,Males,15 to 24 years,All disability types,Mild,Total labour force,Number,650.0,E
Newfoundland and Labrador,Males,15 to 24 years,All disability types,Mild,Employed,Number,150.0,E
Newfoundland and Labrador,Males,15 to 24 years,All disability types,Mild,Not in labour force,Number,440.0,E
Newfoundland and Labrador,Males,15 to 24 years,All disability types,Mild,Participation rate,Percent,30.2,E
Newfoundland and Labrador,Males,15 to 24 years,All disability types,Mild,Age standardized participation rate,Percent,29.4,E
Newfoundland and Labrador,Males,15 to 24 years,All disability types,Mild,Employment Rate,Percent,23.8,E
Newfoundland and Labrador,Males,15 to 24 years,All disability types,Mild,Age standardized employment rate,Percent,23.6,E
Newfoundland and Labrador,Males,15 to 24 years,All disability types,Moderate,Total labour force,Number,440.0,E
Newfoundland and Labrador,Males,15 to 24 years,All disability types,Moderate,Not in labour force,Number,320.0,E
Newfoundland and Labrador,Males,15 to 24 years,All disability types,Moderate,Participation rate,Percent,23.8,E
Newfoundland and Labrador,Males,15 to 24 years,All disability types,Moderate,Age standardized participation rate,Percent,23.9,E
Newfoundland and Labrador,Males,15 to 24 years,All disability types,Severe,Not in labour force,Number,100.0,E
Newfoundland and Labrador,Males,15 to 24 years,All disability types,Very Severe,Total labour force,Number,200.0,E
Newfoundland and Labrador,Males,15 to 24 years,All disability types,Very Severe,Not in labour force,Number,140.0,E
Newfoundland and Labrador,Males,15 to 24 years,Mobility,Very Severe,Total labour force,Number,110.0,E
Newfoundland and Labrador,Males,15 to 24 years,Flexibility,Very Severe,Total labour force,Number,90.0,E
Newfoundland and Labrador,Males,15 to 24 years,Dexterity,Very Severe,Total labour force,Number,70.0,E
Newfoundland and Labrador,Males,15 to 24 years,Pain,Mild,Total labour force,Number,170.0,E
Newfoundland and Labrador,Males,15 to 24 years,Learning,Mild,Total labour force,Number,250.0,E
Newfoundland and Labrador,Males,15 to 24 years,Learning,Moderate,Total labour force,Number,170.0,E
Newfoundland and Labrador,Males,15 to 24 years,Learning,Very Severe,Total labour force,Number,170.0,E
Newfoundland and Labrador,Males,15 to 24 years,Memory,Very Severe,Total labour force,Number,140.0,E
Newfoundland and Labrador,Males,15 to 24 years,Developmental,Mild,Total labour force,Number,50.0,E
Newfoundland and Labrador,Males,15 to 24 years,Developmental,Severe,Total labour force,Number,80.0,E
Newfoundland and Labrador,Males,15 to 24 years,Developmental,Very Severe,Total labour force,Number,160.0,E
Newfoundland and Labrador,Males,15 to 24 years,Mental and/or psychological,Very Severe,Total labour force,Number,100.0,E
Newfoundland and Labrador,Males,25 to 34 years,All disability types,Mild,Total labour force,Number,1070.0,E
Newfoundland and Labrador,Males,25 to 34 years,All disability types,Mild,Employed,Number,720.0,E
Newfoundland and Labrador,Males,25 to 34 years,All disability types,Mild,Participation rate,Percent,96.2,
Newfoundland and Labrador,Males,25 to 34 years,All disability types,Mild,Age standardized participation rate,Percent,96.7,
Newfoundland and Labrador,Males,25 to 34 years,All disability types,Mild,Employment Rate,Percent,69.2,E
Newfoundland and Labrador,Males,25 to 34 years,All disability types,Mild,Age standardized employment rate,Percent,69.8,E
Newfoundland and Labrador,Males,35 to 44 years,All disability types,Mild,Total labour force,Number,1260.0,E
Newfoundland and Labrador,Males,35 to 44 years,All disability types,Mild,Employed,Number,920.0,E
Newfoundland and Labrador,Males,35 to 44 years,All disability types,Mild,Participation rate,Percent,82.9,
Newfoundland and Labrador,Males,35 to 44 years,All disability types,Mild,Age standardized participation rate,Percent,83.6,
Newfoundland and Labrador,Males,35 to 44 years,All disability types,Mild,Employment Rate,Percent,74.8,
Newfoundland and Labrador,Males,35 to 44 years,All disability types,Mild,Age standardized employment rate,Percent,75.2,
Newfoundland and Labrador,Males,35 to 44 years,All disability types,Moderate,Total labour force,Number,550.0,E
Newfoundland and Labrador,Males,35 to 44 years,All disability types,Moderate,Participation rate,Percent,81.8,
Newfoundland and Labrador,Males,35 to 44 years,All disability types,Moderate,Age standardized participation rate,Percent,81.6,
Newfoundland and Labrador,Males,35 to 44 years,All disability types,Moderate,Employment Rate,Percent,43.6,E
Newfoundland and Labrador,Males,35 to 44 years,All disability types,Moderate,Age standardized employment rate,Percent,43.3,E
Newfoundland and Labrador,Males,35 to 44 years,All disability types,Severe,Not in labour force,Number,90.0,E
Newfoundland and Labrador,Males,35 to 44 years,All disability types,Very Severe,Total labour force,Number,530.0,E
Newfoundland and Labrador,Males,35 to 44 years,All disability types,Very Severe,Not in labour force,Number,340.0,E
Newfoundland and Labrador,Males,35 to 44 years,Mobility,Very Severe,Total labour force,Number,290.0,E
Newfoundland and Labrador,Males,35 to 44 years,Mobility,Very Severe,Not in labour force,Number,160.0,E
Newfoundland and Labrador,Males,35 to 44 years,Flexibility,Very Severe,Total labour force,Number,440.0,E
Newfoundland and Labrador,Males,35 to 44 years,Pain,Mild,Participation rate,Percent,95.2,
Newfoundland and Labrador,Males,35 to 44 years,Pain,Mild,Age standardized participation rate,Percent,95.3,
Newfoundland and Labrador,Males,35 to 44 years,Pain,Mild,Employment Rate,Percent,90.5,
Newfoundland and Labrador,Males,35 to 44 years,Pain,Mild,Age standardized employment rate,Percent,90.8,
Newfoundland and Labrador,Males,35 to 44 years,Pain,Moderate,Participation rate,Percent,74.2,E
Newfoundland and Labrador,Males,35 to 44 years,Pain,Moderate,Age standardized participation rate,Percent,74.4,E
Newfoundland and Labrador,Males,35 to 44 years,Pain,Very Severe,Total labour force,Number,370.0,E
Newfoundland and Labrador,Males,35 to 44 years,Learning,Very Severe,Total labour force,Number,340.0,E
Newfoundland and Labrador,Males,35 to 44 years,Mental and/or psychological,Very Severe,Total labour force,Number,380.0,E
Newfoundland and Labrador,Males,45 to 54 years,All disability types,Mild,Total labour force,Number,2800.0,E
Newfoundland and Labrador,Males,45 to 54 years,All disability types,Mild,Employed,Number,2030.0,E
Newfoundland and Labrador,Males,45 to 54 years,All disability types,Mild,Participation rate,Percent,80.0,
Newfoundland and Labrador,Males,45 to 54 years,All disability types,Mild,Age standardized participation rate,Percent,79.7,
Newfoundland and Labrador,Males,45 to 54 years,All disability types,Mild,Employment Rate,Percent,78.1,
Newfoundland and Labrador,Males,45 to 54 years,All disability types,Mild,Age standardized employment rate,Percent,77.9,
Newfoundland and Labrador,Males,45 to 54 years,All disability types,Moderate,Total labour force,Number,960.0,E
Newfoundland and Labrador,Males,45 to 54 years,All disability types,Moderate,Participation rate,Percent,87.5,
Newfoundland and Labrador,Males,45 to 54 years,All disability types,Moderate,Age standardized participation rate,Percent,87.3,
Newfoundland and Labrador,Males,45 to 54 years,All disability types,Very Severe,Total labour force,Number,910.0,E
Newfoundland and Labrador,Males,45 to 54 years,Mobility,Very Severe,Total labour force,Number,860.0,E
Newfoundland and Labrador,Males,45 to 54 years,Flexibility,Very Severe,Total labour force,Number,890.0,E
Newfoundland and Labrador,Males,45 to 54 years,Pain,Mild,Total labour force,Number,1370.0,E
Newfoundland and Labrador,Males,45 to 54 years,Pain,Mild,Participation rate,Percent,86.6,
Newfoundland and Labrador,Males,45 to 54 years,Pain,Mild,Age standardized participation rate,Percent,86.3,
Newfoundland and Labrador,Males,45 to 54 years,Pain,Moderate,Total labour force,Number,890.0,E
Newfoundland and Labrador,Males,45 to 54 years,Pain,Very Severe,Total labour force,Number,860.0,E
Newfoundland and Labrador,Males,55 to 64 years,All disability types,Mild,Total labour force,Number,1960.0,E
Newfoundland and Labrador,Males,55 to 64 years,All disability types,Mild,Employed,Number,1220.0,E
Newfoundland and Labrador,Males,55 to 64 years,All disability types,Mild,Participation rate,Percent,78.9,
Newfoundland and Labrador,Males,55 to 64 years,All disability types,Mild,Age standardized participation rate,Percent,78.7,
Newfoundland and Labrador,Males,55 to 64 years,All disability types,Mild,Employment Rate,Percent,62.9,
Newfoundland and Labrador,Males,55 to 64 years,All disability types,Mild,Age standardized employment rate,Percent,62.9,
Newfoundland and Labrador,Males,55 to 64 years,All disability types,Moderate,Total labour force,Number,1040.0,E
Newfoundland and Labrador,Males,55 to 64 years,All disability types,Moderate,Not in labour force,Number,510.0,E
Newfoundland and Labrador,Males,55 to 64 years,All disability types,Severe,Total labour force,Number,1980.0,E
Newfoundland and Labrador,Males,55 to 64 years,All disability types,Severe,Not in labour force,Number,1320.0,E
Newfoundland and Labrador,Males,55 to 64 years,All disability types,Very Severe,Total labour force,Number,2830.0,
Newfoundland and Labrador,Males,55 to 64 years,All disability types,Very Severe,Not in labour force,Number,1810.0,E
Newfoundland and Labrador,Males,55 to 64 years,Mobility,Severe,Total labour force,Number,1610.0,E
Newfoundland and Labrador,Males,55 to 64 years,Mobility,Severe,Not in labour force,Number,950.0,E
Newfoundland and Labrador,Males,55 to 64 years,Mobility,Very Severe,Total labour force,Number,2680.0,
Newfoundland and Labrador,Males,55 to 64 years,Mobility,Very Severe,Not in labour force,Number,1710.0,E
Newfoundland and Labrador,Males,55 to 64 years,Flexibility,Moderate,Total labour force,Number,700.0,E
Newfoundland and Labrador,Males,55 to 64 years,Flexibility,Severe,Total labour force,Number,1080.0,E
Newfoundland and Labrador,Males,55 to 64 years,Flexibility,Severe,Not in labour force,Number,1020.0,E
Newfoundland and Labrador,Males,55 to 64 years,Flexibility,Very Severe,Total labour force,Number,2830.0,
Newfoundland and Labrador,Males,55 to 64 years,Flexibility,Very Severe,Not in labour force,Number,1810.0,E
Newfoundland and Labrador,Males,55 to 64 years,Dexterity,Very Severe,Total labour force,Number,1790.0,E
Newfoundland and Labrador,Males,55 to 64 years,Dexterity,Very Severe,Not in labour force,Number,1600.0,E
Newfoundland and Labrador,Males,55 to 64 years,Pain,Mild,Total labour force,Number,710.0,E
Newfoundland and Labrador,Males,55 to 64 years,Pain,Mild,Participation rate,Percent,79.7,
Newfoundland and Labrador,Males,55 to 64 years,Pain,Mild,Age standardized participation rate,Percent,80.9,
Newfoundland and Labrador,Males,55 to 64 years,Pain,Moderate,Total labour force,Number,700.0,E
Newfoundland and Labrador,Males,55 to 64 years,Pain,Severe,Total labour force,Number,1720.0,E
Newfoundland and Labrador,Males,55 to 64 years,Pain,Severe,Not in labour force,Number,1060.0,E
Newfoundland and Labrador,Males,55 to 64 years,Pain,Very Severe,Total labour force,Number,2810.0,
Newfoundland and Labrador,Males,55 to 64 years,Pain,Very Severe,Not in labour force,Number,1790.0,E
Newfoundland and Labrador,Males,55 to 64 years,Mental and/or psychological,Very Severe,Total labour force,Number,1490.0,E
Newfoundland and Labrador,Females,15 to 24 years,All disability types,Mild,Total labour force,Number,630.0,E
Newfoundland and Labrador,Females,15 to 24 years,All disability types,Mild,Employed,Number,240.0,E
Newfoundland and Labrador,Females,15 to 24 years,All disability types,Mild,Not in labour force,Number,300.0,E
Newfoundland and Labrador,Females,15 to 24 years,All disability types,Mild,Participation rate,Percent,50.0,E
Newfoundland and Labrador,Females,15 to 24 years,All disability types,Mild,Age standardized participation rate,Percent,50.7,E
Newfoundland and Labrador,Females,15 to 24 years,All disability types,Mild,Employment Rate,Percent,38.7,E
Newfoundland and Labrador,Females,15 to 24 years,All disability types,Mild,Age standardized employment rate,Percent,38.6,E
Newfoundland and Labrador,Females,15 to 24 years,All disability types,Moderate,Total labour force,Number,250.0,E
Newfoundland and Labrador,Females,15 to 24 years,All disability types,Moderate,Not in labour force,Number,170.0,E
Newfoundland and Labrador,Females,15 to 24 years,All disability types,Severe,Total labour force,Number,240.0,E
Newfoundland and Labrador,Females,15 to 24 years,All disability types,Severe,Not in labour force,Number,120.0,E
Newfoundland and Labrador,Females,15 to 24 years,Dexterity,Very Severe,Not in labour force,Number,50.0,E
Newfoundland and Labrador,Females,15 to 24 years,Pain,Mild,Total labour force,Number,190.0,E
Newfoundland and Labrador,Females,15 to 24 years,Pain,Mild,Participation rate,Percent,36.8,E
Newfoundland and Labrador,Females,15 to 24 years,Pain,Mild,Age standardized participation rate,Percent,36.7,E
Newfoundland and Labrador,Females,15 to 24 years,Pain,Moderate,Total labour force,Number,120.0,E
Newfoundland and Labrador,Females,15 to 24 years,Pain,Severe,Total labour force,Number,150.0,E
Newfoundland and Labrador,Females,15 to 24 years,Pain,Severe,Not in labour force,Number,100.0,E
Newfoundland and Labrador,Females,15 to 24 years,Learning,Severe,Total labour force,Number,120.0,E
Newfoundland and Labrador,Females,15 to 24 years,Learning,Severe,Not in labour force,Number,60.0,E
Newfoundland and Labrador,Females,15 to 24 years,Learning,Very Severe,Total labour force,Number,160.0,E
Newfoundland and Labrador,Females,15 to 24 years,Mental and/or psychological,Mild,Total labour force,Number,180.0,E
Newfoundland and Labrador,Females,15 to 24 years,Mental and/or psychological,Moderate,Total labour force,Number,140.0,E
Newfoundland and Labrador,Females,15 to 24 years,Mental and/or psychological,Moderate,Not in labour force,Number,90.0,E
Newfoundland and Labrador,Females,15 to 24 years,Mental and/or psychological,Severe,Total labour force,Number,160.0,E
Newfoundland and Labrador,Females,15 to 24 years,Mental and/or psychological,Severe,Not in labour force,Number,90.0,E
Newfoundland and Labrador,Females,15 to 24 years,Mental and/or psychological,Very Severe,Not in labour force,Number,60.0,E
Newfoundland and Labrador,Females,25 to 34 years,All disability types,Mild,Total labour force,Number,600.0,E
Newfoundland and Labrador,Females,25 to 34 years,All disability types,Mild,Participation rate,Percent,58.6,E
Newfoundland and Labrador,Females,25 to 34 years,All disability types,Mild,Age standardized participation rate,Percent,59.3,E
Newfoundland and Labrador,Females,35 to 44 years,All disability types,Mild,Total labour force,Number,1140.0,E
Newfoundland and Labrador,Females,35 to 44 years,All disability types,Mild,Employed,Number,730.0,E
Newfoundland and Labrador,Females,35 to 44 years,All disability types,Mild,Not in labour force,Number,340.0,E
Newfoundland and Labrador,Females,35 to 44 years,All disability types,Mild,Participation rate,Percent,69.6,
Newfoundland and Labrador,Females,35 to 44 years,All disability types,Mild,Age standardized participation rate,Percent,69.5,
Newfoundland and Labrador,Females,35 to 44 years,All disability types,Mild,Employment Rate,Percent,65.2,
Newfoundland and Labrador,Females,35 to 44 years,All disability types,Mild,Age standardized employment rate,Percent,65.2,
Newfoundland and Labrador,Females,35 to 44 years,All disability types,Moderate,Participation rate,Percent,80.5,
Newfoundland and Labrador,Females,35 to 44 years,All disability types,Moderate,Age standardized participation rate,Percent,82.0,
Newfoundland and Labrador,Females,35 to 44 years,All disability types,Severe,Total labour force,Number,730.0,E
Newfoundland and Labrador,Females,35 to 44 years,All disability types,Severe,Participation rate,Percent,58.1,E
Newfoundland and Labrador,Females,35 to 44 years,All disability types,Severe,Age standardized participation rate,Percent,58.0,E
Newfoundland and Labrador,Females,35 to 44 years,All disability types,Severe,Employment Rate,Percent,56.5,E
Newfoundland and Labrador,Females,35 to 44 years,All disability types,Severe,Age standardized employment rate,Percent,56.2,E
Newfoundland and Labrador,Females,35 to 44 years,All disability types,Very Severe,Total labour force,Number,1050.0,E
Newfoundland and Labrador,Females,35 to 44 years,All disability types,Very Severe,Not in labour force,Number,820.0,E
Newfoundland and Labrador,Females,35 to 44 years,Mobility,Severe,Participation rate,Percent,69.8,E
Newfoundland and Labrador,Females,35 to 44 years,Mobility,Severe,Age standardized participation rate,Percent,70.2,E
Newfoundland and Labrador,Females,35 to 44 years,Mobility,Severe,Employment Rate,Percent,67.4,E
Newfoundland and Labrador,Females,35 to 44 years,Mobility,Severe,Age standardized employment rate,Percent,68.8,E
Newfoundland and Labrador,Females,35 to 44 years,Mobility,Very Severe,Total labour force,Number,980.0,E
Newfoundland and Labrador,Females,35 to 44 years,Mobility,Very Severe,Not in labour force,Number,770.0,E
Newfoundland and Labrador,Females,35 to 44 years,Flexibility,Mild,Participation rate,Percent,100.0,
Newfoundland and Labrador,Females,35 to 44 years,Flexibility,Mild,Age standardized participation rate,Percent,100.0,
Newfoundland and Labrador,Females,35 to 44 years,Flexibility,Mild,Employment Rate,Percent,96.2,
Newfoundland and Labrador,Females,35 to 44 years,Flexibility,Mild,Age standardized employment rate,Percent,98.7,
Newfoundland and Labrador,Females,35 to 44 years,Flexibility,Severe,Participation rate,Percent,73.2,E
Newfoundland and Labrador,Females,35 to 44 years,Flexibility,Severe,Age standardized participation rate,Percent,71.4,E
Newfoundland and Labrador,Females,35 to 44 years,Flexibility,Very Severe,Total labour force,Number,1030.0,E
Newfoundland and Labrador,Females,35 to 44 years,Flexibility,Very Severe,Not in labour force,Number,810.0,E
Newfoundland and Labrador,Females,35 to 44 years,Dexterity,Very Severe,Total labour force,Number,720.0,E
Newfoundland and Labrador,Females,35 to 44 years,Dexterity,Very Severe,Not in labour force,Number,580.0,E
Newfoundland and Labrador,Females,35 to 44 years,Pain,Mild,Total labour force,Number,740.0,E
Newfoundland and Labrador,Females,35 to 44 years,Pain,Mild,Employed,Number,550.0,E
Newfoundland and Labrador,Females,35 to 44 years,Pain,Mild,Participation rate,Percent,80.8,
Newfoundland and Labrador,Females,35 to 44 years,Pain,Mild,Age standardized participation rate,Percent,80.9,
Newfoundland and Labrador,Females,35 to 44 years,Pain,Mild,Employment Rate,Percent,75.3,
Newfoundland and Labrador,Females,35 to 44 years,Pain,Mild,Age standardized employment rate,Percent,75.9,
Newfoundland and Labrador,Females,35 to 44 years,Pain,Moderate,Total labour force,Number,150.0,E
Newfoundland and Labrador,Females,35 to 44 years,Pain,Moderate,Participation rate,Percent,73.3,
Newfoundland and Labrador,Females,35 to 44 years,Pain,Moderate,Age standardized participation rate,Percent,73.0,
Newfoundland and Labrador,Females,35 to 44 years,Pain,Severe,Participation rate,Percent,65.5,E
Newfoundland and Labrador,Females,35 to 44 years,Pain,Severe,Age standardized participation rate,Percent,64.8,E
Newfoundland and Labrador,Females,35 to 44 years,Pain,Severe,Employment Rate,Percent,61.8,E
Newfoundland and Labrador,Females,35 to 44 years,Pain,Severe,Age standardized employment rate,Percent,62.8,E
Newfoundland and Labrador,Females,35 to 44 years,Pain,Very Severe,Total labour force,Number,1000.0,E
Newfoundland and Labrador,Females,35 to 44 years,Pain,Very Severe,Not in labour force,Number,770.0,E
Newfoundland and Labrador,Females,35 to 44 years,Learning,Very Severe,Total labour force,Number,210.0,E
Newfoundland and Labrador,Females,35 to 44 years,Mental and/or psychological,Very Severe,Total labour force,Number,780.0,E
Newfoundland and Labrador,Females,35 to 44 years,Mental and/or psychological,Very Severe,Not in labour force,Number,570.0,E
Newfoundland and Labrador,Females,45 to 54 years,All disability types,Mild,Total labour force,Number,1720.0,E
Newfoundland and Labrador,Females,45 to 54 years,All disability types,Mild,Employed,Number,1510.0,E
Newfoundland and Labrador,Females,45 to 54 years,All disability types,Mild,Participation rate,Percent,89.0,
Newfoundland and Labrador,Females,45 to 54 years,All disability types,Mild,Age standardized participation rate,Percent,89.0,
Newfoundland and Labrador,Females,45 to 54 years,All disability types,Mild,Employment Rate,Percent,87.8,
Newfoundland and Labrador,Females,45 to 54 years,All disability types,Mild,Age standardized employment rate,Percent,87.9,
Newfoundland and Labrador,Females,45 to 54 years,All disability types,Moderate,Total labour force,Number,1750.0,E
Newfoundland and Labrador,Females,45 to 54 years,All disability types,Moderate,Participation rate,Percent,72.3,E
Newfoundland and Labrador,Females,45 to 54 years,All disability types,Moderate,Age standardized participation rate,Percent,72.7,E
Newfoundland and Labrador,Females,45 to 54 years,All disability types,Severe,Total labour force,Number,1760.0,E
Newfoundland and Labrador,Females,45 to 54 years,All disability types,Very Severe,Total labour force,Number,1680.0,E
Newfoundland and Labrador,Females,45 to 54 years,All disability types,Very Severe,Not in labour force,Number,1000.0,E
Newfoundland and Labrador,Females,45 to 54 years,Mobility,Severe,Total labour force,Number,1470.0,E
Newfoundland and Labrador,Females,45 to 54 years,Mobility,Very Severe,Total labour force,Number,1660.0,E
Newfoundland and Labrador,Females,45 to 54 years,Mobility,Very Severe,Not in labour force,Number,980.0,E
Newfoundland and Labrador,Females,45 to 54 years,Flexibility,Severe,Total labour force,Number,1380.0,E
Newfoundland and Labrador,Females,45 to 54 years,Flexibility,Very Severe,Total labour force,Number,1680.0,E
Newfoundland and Labrador,Females,45 to 54 years,Flexibility,Very Severe,Not in labour force,Number,1000.0,E
Newfoundland and Labrador,Females,45 to 54 years,Pain,Mild,Total labour force,Number,1420.0,E
Newfoundland and Labrador,Females,45 to 54 years,Pain,Mild,Employed,Number,1250.0,E
Newfoundland and Labrador,Females,45 to 54 years,Pain,Mild,Participation rate,Percent,89.4,
Newfoundland and Labrador,Females,45 to 54 years,Pain,Mild,Age standardized participation rate,Percent,89.4,
Newfoundland and Labrador,Females,45 to 54 years,Pain,Mild,Employment Rate,Percent,88.0,
Newfoundland and Labrador,Females,45 to 54 years,Pain,Mild,Age standardized employment rate,Percent,88.1,
Newfoundland and Labrador,Females,45 to 54 years,Pain,Severe,Total labour force,Number,1480.0,E
Newfoundland and Labrador,Females,45 to 54 years,Pain,Very Severe,Total labour force,Number,1680.0,E
Newfoundland and Labrador,Females,45 to 54 years,Pain,Very Severe,Not in labour force,Number,1000.0,E
Newfoundland and Labrador,Females,55 to 64 years,All disability types,Mild,Total labour force,Number,1930.0,E
Newfoundland and Labrador,Females,55 to 64 years,All disability types,Mild,Not in labour force,Number,1310.0,E
Newfoundland and Labrador,Females,55 to 64 years,All disability types,Moderate,Total labour force,Number,1060.0,E
Newfoundland and Labrador,Females,55 to 64 years,All disability types,Severe,Total labour force,Number,1680.0,E
Newfoundland and Labrador,Females,55 to 64 years,All disability types,Severe,Not in labour force,Number,1590.0,E
Newfoundland and Labrador,Females,55 to 64 years,All disability types,Very Severe,Total labour force,Number,2550.0,
Newfoundland and Labrador,Females,55 to 64 years,All disability types,Very Severe,Not in labour force,Number,2330.0,E
Newfoundland and Labrador,Females,55 to 64 years,Hearing,Very Severe,Total labour force,Number,920.0,E
Newfoundland and Labrador,Females,55 to 64 years,Mobility,Severe,Total labour force,Number,1310.0,E
Newfoundland and Labrador,Females,55 to 64 years,Mobility,Severe,Not in labour force,Number,1220.0,E
Newfoundland and Labrador,Females,55 to 64 years,Mobility,Very Severe,Total labour force,Number,2520.0,
Newfoundland and Labrador,Females,55 to 64 years,Mobility,Very Severe,Not in labour force,Number,2300.0,E
Newfoundland and Labrador,Females,55 to 64 years,Flexibility,Severe,Total labour force,Number,1340.0,E
Newfoundland and Labrador,Females,55 to 64 years,Flexibility,Severe,Not in labour force,Number,1250.0,E
Newfoundland and Labrador,Females,55 to 64 years,Flexibility,Very Severe,Total labour force,Number,2520.0,
Newfoundland and Labrador,Females,55 to 64 years,Flexibility,Very Severe,Not in labour force,Number,2310.0,E
Newfoundland and Labrador,Females,55 to 64 years,Dexterity,Very Severe,Total labour force,Number,1840.0,E
Newfoundland and Labrador,Females,55 to 64 years,Dexterity,Very Severe,Not in labour force,Number,1760.0,E
Newfoundland and Labrador,Females,55 to 64 years,Pain,Mild,Total labour force,Number,1320.0,E
Newfoundland and Labrador,Females,55 to 64 years,Pain,Moderate,Total labour force,Number,840.0,E
Newfoundland and Labrador,Females,55 to 64 years,Pain,Severe,Total labour force,Number,1620.0,E
Newfoundland and Labrador,Females,55 to 64 years,Pain,Severe,Not in labour force,Number,1530.0,E
Newfoundland and Labrador,Females,55 to 64 years,Pain,Very Severe,Total labour force,Number,2520.0,
Newfoundland and Labrador,Females,55 to 64 years,Pain,Very Severe,Not in labour force,Number,2310.0,E
Prince Edward Island,Males,15 to 24 years,All disability types,Mild,Total labour force,Number,210.0,E
Prince Edward Island,Males,25 to 34 years,All disability types,Mild,Total labour force,Number,200.0,E
Prince Edward Island,Males,25 to 34 years,All disability types,Mild,Employed,Number,100.0,E
Prince Edward Island,Males,25 to 34 years,All disability types,Mild,Participation rate,Percent,55.0,E
Prince Edward Island,Males,25 to 34 years,All disability types,Mild,Age standardized participation rate,Percent,56.0,E
Prince Edward Island,Males,25 to 34 years,All disability types,Mild,Employment Rate,Percent,50.0,E
Prince Edward Island,Males,25 to 34 years,All disability types,Mild,Age standardized employment rate,Percent,48.8,E
Prince Edward Island,Males,35 to 44 years,All disability types,Mild,Total labour force,Number,450.0,E
Prince Edward Island,Males,35 to 44 years,All disability types,Mild,Employed,Number,410.0,E
Prince Edward Island,Males,35 to 44 years,All disability types,Mild,Participation rate,Percent,97.7,
Prince Edward Island,Males,35 to 44 years,All disability types,Mild,Age standardized participation rate,Percent,96.1,
Prince Edward Island,Males,35 to 44 years,All disability types,Mild,Employment Rate,Percent,95.3,
Prince Edward Island,Males,35 to 44 years,All disability types,Mild,Age standardized employment rate,Percent,93.8,
Prince Edward Island,Males,35 to 44 years,All disability types,Moderate,Participation rate,Percent,100.0,
Prince Edward Island,Males,35 to 44 years,All disability types,Moderate,Age standardized participation rate,Percent,100.0,
Prince Edward Island,Males,35 to 44 years,All disability types,Moderate,Employment Rate,Percent,100.0,
Prince Edward Island,Males,35 to 44 years,All disability types,Moderate,Age standardized employment rate,Percent,100.0,
Prince Edward Island,Males,35 to 44 years,All disability types,Severe,Total labour force,Number,60.0,E
Prince Edward Island,Males,35 to 44 years,All disability types,Very Severe,Total labour force,Number,80.0,E
Prince Edward Island,Males,35 to 44 years,Flexibility,Very Severe,Total labour force,Number,80.0,E
Prince Edward Island,Males,35 to 44 years,Pain,Mild,Total labour force,Number,370.0,E
Prince Edward Island,Males,35 to 44 years,Pain,Mild,Employed,Number,350.0,E
Prince Edward Island,Males,35 to 44 years,Pain,Mild,Participation rate,Percent,100.0,
Prince Edward Island,Males,35 to 44 years,Pain,Mild,Age standardized participation rate,Percent,98.5,
Prince Edward Island,Males,35 to 44 years,Pain,Mild,Employment Rate,Percent,100.0,
Prince Edward Island,Males,35 to 44 years,Pain,Mild,Age standardized employment rate,Percent,98.5,
Prince Edward Island,Males,45 to 54 years,All disability types,Mild,Total labour force,Number,580.0,E
Prince Edward Island,Males,45 to 54 years,All disability types,Mild,Employed,Number,550.0,E
Prince Edward Island,Males,45 to 54 years,All disability types,Mild,Participation rate,Percent,98.2,
Prince Edward Island,Males,45 to 54 years,All disability types,Mild,Age standardized participation rate,Percent,97.9,
Prince Edward Island,Males,45 to 54 years,All disability types,Mild,Employment Rate,Percent,96.5,
Prince Edward Island,Males,45 to 54 years,All disability types,Mild,Age standardized employment rate,Percent,96.2,
Prince Edward Island,Males,45 to 54 years,All disability types,Moderate,Total labour force,Number,260.0,E
Prince Edward Island,Males,45 to 54 years,All disability types,Moderate,Employed,Number,160.0,E
Prince Edward Island,Males,45 to 54 years,All disability types,Moderate,Participation rate,Percent,73.1,
Prince Edward Island,Males,45 to 54 years,All disability types,Moderate,Age standardized participation rate,Percent,75.0,
Prince Edward Island,Males,45 to 54 years,All disability types,Moderate,Employment Rate,Percent,61.5,E
Prince Edward Island,Males,45 to 54 years,All disability types,Moderate,Age standardized employment rate,Percent,62.2,E
Prince Edward Island,Males,45 to 54 years,All disability types,Severe,Total labour force,Number,290.0,E
Prince Edward Island,Males,45 to 54 years,All disability types,Severe,Participation rate,Percent,50.0,E
Prince Edward Island,Males,45 to 54 years,All disability types,Severe,Age standardized participation rate,Percent,50.2,E
Prince Edward Island,Males,45 to 54 years,All disability types,Very Severe,Total labour force,Number,350.0,E
Prince Edward Island,Males,45 to 54 years,Mobility,Severe,Total labour force,Number,170.0,E
Prince Edward Island,Males,45 to 54 years,Mobility,Very Severe,Total labour force,Number,230.0,E
Prince Edward Island,Males,45 to 54 years,Flexibility,Severe,Total labour force,Number,180.0,E
Prince Edward Island,Males,45 to 54 years,Flexibility,Very Severe,Total labour force,Number,260.0,E
Prince Edward Island,Males,45 to 54 years,Pain,Mild,Participation rate,Percent,97.1,
Prince Edward Island,Males,45 to 54 years,Pain,Mild,Age standardized participation rate,Percent,96.4,
Prince Edward Island,Males,45 to 54 years,Pain,Mild,Employment Rate,Percent,97.1,
Prince Edward Island,Males,45 to 54 years,Pain,Mild,Age standardized employment rate,Percent,96.4,
Prince Edward Island,Males,45 to 54 years,Pain,Moderate,Total labour force,Number,180.0,E
Prince Edward Island,Males,45 to 54 years,Pain,Moderate,Participation rate,Percent,83.3,
Prince Edward Island,Males,45 to 54 years,Pain,Moderate,Age standardized participation rate,Percent,82.5,
Prince Edward Island,Males,45 to 54 years,Pain,Severe,Total labour force,Number,210.0,E
Prince Edward Island,Males,45 to 54 years,Pain,Very Severe,Total labour force,Number,350.0,E
Prince Edward Island,Males,55 to 64 years,All disability types,Mild,Total labour force,Number,750.0,E
Prince Edward Island,Males,55 to 64 years,All disability types,Mild,Employed,Number,470.0,E
Prince Edward Island,Males,55 to 64 years,All disability types,Mild,Participation rate,Percent,89.0,
Prince Edward Island,Males,55 to 64 years,All disability types,Mild,Age standardized participation rate,Percent,89.5,
Prince Edward Island,Males,55 to 64 years,All disability types,Mild,Employment Rate,Percent,64.4,E
Prince Edward Island,Males,55 to 64 years,All disability types,Mild,Age standardized employment rate,Percent,64.7,E
Prince Edward Island,Males,55 to 64 years,All disability types,Moderate,Total labour force,Number,530.0,E
Prince Edward Island,Males,55 to 64 years,All disability types,Moderate,Participation rate,Percent,76.9,
Prince Edward Island,Males,55 to 64 years,All disability types,Moderate,Age standardized participation rate,Percent,77.7,
Prince Edward Island,Males,55 to 64 years,All disability types,Moderate,Employment Rate,Percent,63.5,E
Prince Edward Island,Males,55 to 64 years,All disability types,Moderate,Age standardized employment rate,Percent,64.0,E
Prince Edward Island,Males,55 to 64 years,All disability types,Severe,Total labour force,Number,300.0,E
Prince Edward Island,Males,55 to 64 years,All disability types,Severe,Not in labour force,Number,140.0,E
Prince Edward Island,Males,55 to 64 years,All disability types,Severe,Participation rate,Percent,50.0,E
Prince Edward Island,Males,55 to 64 years,All disability types,Severe,Age standardized participation rate,Percent,51.5,E
Prince Edward Island,Males,55 to 64 years,All disability types,Very Severe,Total labour force,Number,520.0,E
Prince Edward Island,Males,55 to 64 years,Hearing,Mild,Participation rate,Percent,91.3,
Prince Edward Island,Males,55 to 64 years,Hearing,Mild,Age standardized participation rate,Percent,90.6,
Prince Edward Island,Males,55 to 64 years,Mobility,Severe,Total labour force,Number,210.0,E
Prince Edward Island,Males,55 to 64 years,Mobility,Severe,Participation rate,Percent,50.0,E
Prince Edward Island,Males,55 to 64 years,Mobility,Severe,Age standardized participation rate,Percent,50.1,E
Prince Edward Island,Males,55 to 64 years,Mobility,Very Severe,Total labour force,Number,440.0,E
Prince Edward Island,Males,55 to 64 years,Flexibility,Moderate,Participation rate,Percent,84.8,
Prince Edward Island,Males,55 to 64 years,Flexibility,Moderate,Age standardized participation rate,Percent,83.7,
Prince Edward Island,Males,55 to 64 years,Flexibility,Moderate,Employment Rate,Percent,78.8,
Prince Edward Island,Males,55 to 64 years,Flexibility,Moderate,Age standardized employment rate,Percent,77.8,
Prince Edward Island,Males,55 to 64 years,Flexibility,Severe,Total labour force,Number,260.0,E
Prince Edward Island,Males,55 to 64 years,Flexibility,Severe,Not in labour force,Number,140.0,E
Prince Edward Island,Males,55 to 64 years,Flexibility,Severe,Participation rate,Percent,46.2,E
Prince Edward Island,Males,55 to 64 years,Flexibility,Severe,Age standardized participation rate,Percent,46.2,E
Prince Edward Island,Males,55 to 64 years,Flexibility,Very Severe,Total labour force,Number,510.0,E
Prince Edward Island,Males,55 to 64 years,Pain,Mild,Participation rate,Percent,92.3,
Prince Edward Island,Males,55 to 64 years,Pain,Mild,Age standardized participation rate,Percent,90.4,
Prince Edward Island,Males,55 to 64 years,Pain,Mild,Employment Rate,Percent,80.8,
Prince Edward Island,Males,55 to 64 years,Pain,Mild,Age standardized employment rate,Percent,81.6,
Prince Edward Island,Males,55 to 64 years,Pain,Moderate,Total labour force,Number,440.0,E
Prince Edward Island,Males,55 to 64 years,Pain,Moderate,Participation rate,Percent,86.0,
Prince Edward Island,Males,55 to 64 years,Pain,Moderate,Age standardized participation rate,Percent,86.5,
Prince Edward Island,Males,55 to 64 years,Pain,Moderate,Employment Rate,Percent,69.8,E
Prince Edward Island,Males,55 to 64 years,Pain,Moderate,Age standardized employment rate,Percent,69.9,E
Prince Edward Island,Males,55 to 64 years,Pain,Severe,Total labour force,Number,200.0,E
Prince Edward Island,Males,55 to 64 years,Pain,Severe,Not in labour force,Number,70.0,E
Prince Edward Island,Males,55 to 64 years,Pain,Severe,Participation rate,Percent,63.2,
Prince Edward Island,Males,55 to 64 years,Pain,Severe,Age standardized participation rate,Percent,62.0,
Prince Edward Island,Males,55 to 64 years,Pain,Very Severe,Total labour force,Number,470.0,E
Prince Edward Island,Females,15 to 24 years,All disability types,Mild,Participation rate,Percent,81.0,
Prince Edward Island,Females,15 to 24 years,All disability types,Mild,Age standardized participation rate,Percent,80.6,
Prince Edward Island,Females,25 to 34 years,All disability types,Mild,Total labour force,Number,220.0,E
Prince Edward Island,Females,25 to 34 years,All disability types,Mild,Employed,Number,160.0,E
Prince Edward Island,Females,25 to 34 years,All disability types,Mild,Participation rate,Percent,81.0,
Prince Edward Island,Females,25 to 34 years,All disability types,Mild,Age standardized participation rate,Percent,79.8,
Prince Edward Island,Females,25 to 34 years,All disability types,Mild,Employment Rate,Percent,76.2,
Prince Edward Island,Females,25 to 34 years,All disability types,Mild,Age standardized employment rate,Percent,75.1,
Prince Edward Island,Females,25 to 34 years,All disability types,Moderate,Participation rate,Percent,70.8,E
Prince Edward Island,Females,25 to 34 years,All disability types,Moderate,Age standardized participation rate,Percent,70.6,E
Prince Edward Island,Females,25 to 34 years,All disability types,Very Severe,Total labour force,Number,100.0,E
Prince Edward Island,Females,25 to 34 years,Mobility,Very Severe,Total labour force,Number,100.0,E
Prince Edward Island,Females,25 to 34 years,Flexibility,Very Severe,Total labour force,Number,80.0,E
Prince Edward Island,Females,25 to 34 years,Pain,Mild,Total labour force,Number,120.0,E
Prince Edward Island,Females,25 to 34 years,Pain,Very Severe,Total labour force,Number,90.0,E
Prince Edward Island,Females,35 to 44 years,All disability types,Mild,Total labour force,Number,380.0,E
Prince Edward Island,Females,35 to 44 years,All disability types,Mild,Employed,Number,180.0,E
Prince Edward Island,Females,35 to 44 years,All disability types,Mild,Participation rate,Percent,54.3,E
Prince Edward Island,Females,35 to 44 years,All disability types,Mild,Age standardized participation rate,Percent,55.8,E
Prince Edward Island,Females,35 to 44 years,All disability types,Mild,Employment Rate,Percent,51.4,E
Prince Edward Island,Females,35 to 44 years,All disability types,Mild,Age standardized employment rate,Percent,52.2,E
Prince Edward Island,Females,35 to 44 years,All disability types,Moderate,Total labour force,Number,170.0,E
Prince Edward Island,Females,35 to 44 years,All disability types,Moderate,Participation rate,Percent,82.4,E
Prince Edward Island,Females,35 to 44 years,All disability types,Moderate,Age standardized participation rate,Percent,81.3,E
Prince Edward Island,Females,35 to 44 years,All disability types,Moderate,Employment Rate,Percent,76.5,E
Prince Edward Island,Females,35 to 44 years,All disability types,Moderate,Age standardized employment rate,Percent,77.3,E
Prince Edward Island,Females,35 to 44 years,All disability types,Severe,Total labour force,Number,360.0,E
Prince Edward Island,Females,35 to 44 years,Flexibility,Very Severe,Total labour force,Number,60.0,E
Prince Edward Island,Females,35 to 44 years,Pain,Mild,Total labour force,Number,140.0,E
Prince Edward Island,Females,35 to 44 years,Pain,Mild,Employed,Number,110.0,E
Prince Edward Island,Females,35 to 44 years,Pain,Mild,Participation rate,Percent,84.6,
Prince Edward Island,Females,35 to 44 years,Pain,Mild,Age standardized participation rate,Percent,85.4,
Prince Edward Island,Females,35 to 44 years,Pain,Mild,Employment Rate,Percent,84.6,
Prince Edward Island,Females,35 to 44 years,Pain,Mild,Age standardized employment rate,Percent,82.8,
Prince Edward Island,Females,35 to 44 years,Pain,Moderate,Total labour force,Number,160.0,E
Prince Edward Island,Females,35 to 44 years,Pain,Moderate,Participation rate,Percent,80.0,E
Prince Edward Island,Females,35 to 44 years,Pain,Moderate,Age standardized participation rate,Percent,79.5,E
Prince Edward Island,Females,35 to 44 years,Pain,Moderate,Employment Rate,Percent,80.0,E
Prince Edward Island,Females,35 to 44 years,Pain,Moderate,Age standardized employment rate,Percent,75.2,E
Prince Edward Island,Females,35 to 44 years,Pain,Very Severe,Total labour force,Number,60.0,E
Prince Edward Island,Females,35 to 44 years,Mental and/or psychological,Very Severe,Total labour force,Number,50.0,E
Prince Edward Island,Females,45 to 54 years,All disability types,Mild,Total labour force,Number,300.0,E
Prince Edward Island,Females,45 to 54 years,All disability types,Mild,Employed,Number,230.0,E
Prince Edward Island,Females,45 to 54 years,All disability types,Mild,Participation rate,Percent,79.3,
Prince Edward Island,Females,45 to 54 years,All disability types,Mild,Age standardized participation rate,Percent,80.7,
Prince Edward Island,Females,45 to 54 years,All disability types,Mild,Employment Rate,Percent,79.3,
Prince Edward Island,Females,45 to 54 years,All disability types,Mild,Age standardized employment rate,Percent,80.7,
Prince Edward Island,Females,45 to 54 years,All disability types,Moderate,Total labour force,Number,520.0,E
Prince Edward Island,Females,45 to 54 years,All disability types,Moderate,Employed,Number,420.0,E
Prince Edward Island,Females,45 to 54 years,All disability types,Moderate,Participation rate,Percent,90.0,
Prince Edward Island,Females,45 to 54 years,All disability types,Moderate,Age standardized participation rate,Percent,89.7,
Prince Edward Island,Females,45 to 54 years,All disability types,Moderate,Employment Rate,Percent,84.0,
Prince Edward Island,Females,45 to 54 years,All disability types,Moderate,Age standardized employment rate,Percent,83.7,
Prince Edward Island,Females,45 to 54 years,All disability types,Severe,Total labour force,Number,460.0,E
Prince Edward Island,Females,45 to 54 years,All disability types,Severe,Participation rate,Percent,54.8,E
Prince Edward Island,Females,45 to 54 years,All disability types,Severe,Age standardized participation rate,Percent,55.8,E
Prince Edward Island,Females,45 to 54 years,All disability types,Very Severe,Total labour force,Number,310.0,E
Prince Edward Island,Females,45 to 54 years,Mobility,Severe,Total labour force,Number,410.0,E
Prince Edward Island,Females,45 to 54 years,Mobility,Very Severe,Total labour force,Number,310.0,E
Prince Edward Island,Females,45 to 54 years,Flexibility,Moderate,Total labour force,Number,170.0,E
Prince Edward Island,Females,45 to 54 years,Pain,Mild,Total labour force,Number,210.0,E
Prince Edward Island,Females,45 to 54 years,Pain,Mild,Employed,Number,180.0,E
Prince Edward Island,Females,45 to 54 years,Pain,Mild,Participation rate,Percent,85.7,
Prince Edward Island,Females,45 to 54 years,Pain,Mild,Age standardized participation rate,Percent,89.8,
Prince Edward Island,Females,45 to 54 years,Pain,Mild,Employment Rate,Percent,85.7,
Prince Edward Island,Females,45 to 54 years,Pain,Mild,Age standardized employment rate,Percent,89.8,
Prince Edward Island,Females,45 to 54 years,Pain,Moderate,Total labour force,Number,360.0,E
Prince Edward Island,Females,45 to 54 years,Pain,Moderate,Employed,Number,290.0,E
Prince Edward Island,Females,45 to 54 years,Pain,Moderate,Participation rate,Percent,91.4,
Prince Edward Island,Females,45 to 54 years,Pain,Moderate,Age standardized participation rate,Percent,93.4,
Prince Edward Island,Females,45 to 54 years,Pain,Moderate,Employment Rate,Percent,82.9,
Prince Edward Island,Females,45 to 54 years,Pain,Moderate,Age standardized employment rate,Percent,84.7,
Prince Edward Island,Females,45 to 54 years,Pain,Severe,Total labour force,Number,460.0,E
Prince Edward Island,Females,45 to 54 years,Pain,Severe,Participation rate,Percent,54.8,E
Prince Edward Island,Females,45 to 54 years,Pain,Severe,Age standardized participation rate,Percent,55.8,E
Prince Edward Island,Females,45 to 54 years,Pain,Very Severe,Total labour force,Number,310.0,E
Prince Edward Island,Females,55 to 64 years,All disability types,Mild,Total labour force,Number,720.0,E
Prince Edward Island,Females,55 to 64 years,All disability types,Mild,Employed,Number,240.0,E
Prince Edward Island,Females,55 to 64 years,All disability types,Mild,Not in labour force,Number,390.0,E
Prince Edward Island,Females,55 to 64 years,All disability types,Mild,Participation rate,Percent,43.3,E
Prince Edward Island,Females,55 to 64 years,All disability types,Mild,Age standardized participation rate,Percent,42.5,E
Prince Edward Island,Females,55 to 64 years,All disability types,Mild,Employment Rate,Percent,35.8,E
Prince Edward Island,Females,55 to 64 years,All disability types,Mild,Age standardized employment rate,Percent,36.0,E
Prince Edward Island,Females,55 to 64 years,All disability types,Moderate,Total labour force,Number,720.0,E
Prince Edward Island,Females,55 to 64 years,All disability types,Moderate,Employed,Number,190.0,E
Prince Edward Island,Females,55 to 64 years,All disability types,Moderate,Not in labour force,Number,480.0,E
Prince Edward Island,Females,55 to 64 years,All disability types,Moderate,Participation rate,Percent,28.4,E
Prince Edward Island,Females,55 to 64 years,All disability types,Moderate,Age standardized participation rate,Percent,28.1,E
Prince Edward Island,Females,55 to 64 years,All disability types,Moderate,Employment Rate,Percent,28.4,E
Prince Edward Island,Females,55 to 64 years,All disability types,Moderate,Age standardized employment rate,Percent,28.1,E
Prince Edward Island,Females,55 to 64 years,All disability types,Severe,Total labour force,Number,800.0,E
Prince Edward Island,Females,55 to 64 years,All disability types,Severe,Participation rate,Percent,44.0,E
Prince Edward Island,Females,55 to 64 years,All disability types,Severe,Age standardized participation rate,Percent,43.8,E
Prince Edward Island,Females,55 to 64 years,All disability types,Severe,Employment Rate,Percent,41.3,E
Prince Edward Island,Females,55 to 64 years,All disability types,Severe,Age standardized employment rate,Percent,41.7,E
Prince Edward Island,Females,55 to 64 years,All disability types,Very Severe,Total labour force,Number,370.0,E
Prince Edward Island,Females,55 to 64 years,All disability types,Very Severe,Not in labour force,Number,310.0,E
Prince Edward Island,Females,55 to 64 years,Mobility,Moderate,Total labour force,Number,180.0,E
Prince Edward Island,Females,55 to 64 years,Mobility,Severe,Total labour force,Number,480.0,E
Prince Edward Island,Females,55 to 64 years,Mobility,Very Severe,Total labour force,Number,320.0,E
Prince Edward Island,Females,55 to 64 years,Mobility,Very Severe,Not in labour force,Number,280.0,E
Prince Edward Island,Females,55 to 64 years,Flexibility,Moderate,Total labour force,Number,290.0,E
Prince Edward Island,Females,55 to 64 years,Flexibility,Severe,Total labour force,Number,540.0,E
Prince Edward Island,Females,55 to 64 years,Flexibility,Very Severe,Total labour force,Number,340.0,E
Prince Edward Island,Females,55 to 64 years,Flexibility,Very Severe,Not in labour force,Number,290.0,E
Prince Edward Island,Females,55 to 64 years,Dexterity,Very Severe,Total labour force,Number,250.0,E
Prince Edward Island,Females,55 to 64 years,Dexterity,Very Severe,Not in labour force,Number,230.0,E
Prince Edward Island,Females,55 to 64 years,Pain,Mild,Total labour force,Number,400.0,E
Prince Edward Island,Females,55 to 64 years,Pain,Mild,Not in labour force,Number,240.0,E
Prince Edward Island,Females,55 to 64 years,Pain,Moderate,Total labour force,Number,500.0,E
Prince Edward Island,Females,55 to 64 years,Pain,Severe,Total labour force,Number,710.0,E
Prince Edward Island,Females,55 to 64 years,Pain,Severe,Participation rate,Percent,48.5,E
Prince Edward Island,Females,55 to 64 years,Pain,Severe,Age standardized participation rate,Percent,48.9,E
Prince Edward Island,Females,55 to 64 years,Pain,Severe,Employment Rate,Percent,45.6,E
Prince Edward Island,Females,55 to 64 years,Pain,Severe,Age standardized employment rate,Percent,46.4,E
Prince Edward Island,Females,55 to 64 years,Pain,Very Severe,Total labour force,Number,350.0,E
Prince Edward Island,Females,55 to 64 years,Pain,Very Severe,Not in labour force,Number,300.0,E
Prince Edward Island,Females,55 to 64 years,Mental and/or psychological,Very Severe,Total labour force,Number,180.0,E
Prince Edward Island,Females,55 to 64 years,Mental and/or psychological,Very Severe,Not in labour force,Number,140.0,E
Nova Scotia,Males,15 to 24 years,All disability types,Mild,Total labour force,Number,1850.0,
Nova Scotia,Males,15 to 24 years,All disability types,Mild,Employed,Number,800.0,E
Nova Scotia,Males,15 to 24 years,All disability types,Mild,Not in labour force,Number,810.0,E
Nova Scotia,Males,15 to 24 years,All disability types,Mild,Participation rate,Percent,56.0,
Nova Scotia,Males,15 to 24 years,All disability types,Mild,Age standardized participation rate,Percent,55.7,
Nova Scotia,Males,15 to 24 years,All disability types,Mild,Employment Rate,Percent,44.0,E
Nova Scotia,Males,15 to 24 years,All disability types,Mild,Age standardized employment rate,Percent,44.1,E
Nova Scotia,Males,15 to 24 years,All disability types,Moderate,Total labour force,Number,610.0,E
Nova Scotia,Males,15 to 24 years,All disability types,Moderate,Participation rate,Percent,58.6,E
Nova Scotia,Males,15 to 24 years,All disability types,Moderate,Age standardized participation rate,Percent,58.6,E
Nova Scotia,Males,15 to 24 years,All disability types,Severe,Total labour force,Number,700.0,E
Nova Scotia,Males,15 to 24 years,All disability types,Severe,Not in labour force,Number,380.0,E
Nova Scotia,Males,15 to 24 years,All disability types,Severe,Participation rate,Percent,44.9,E
Nova Scotia,Males,15 to 24 years,All disability types,Severe,Age standardized participation rate,Percent,45.3,E
Nova Scotia,Males,15 to 24 years,All disability types,Very Severe,Total labour force,Number,520.0,E
Nova Scotia,Males,15 to 24 years,All disability types,Very Severe,Not in labour force,Number,370.0,E
Nova Scotia,Males,15 to 24 years,Mobility,Very Severe,Total labour force,Number,380.0,E
Nova Scotia,Males,15 to 24 years,Mobility,Very Severe,Not in labour force,Number,290.0,E
Nova Scotia,Males,15 to 24 years,Pain,Severe,Total labour force,Number,300.0,E
Nova Scotia,Males,15 to 24 years,Pain,Very Severe,Total labour force,Number,350.0,E
Nova Scotia,Males,15 to 24 years,Learning,Mild,Total labour force,Number,680.0,E
Nova Scotia,Males,15 to 24 years,Learning,Mild,Employed,Number,170.0,E
Nova Scotia,Males,15 to 24 years,Learning,Mild,Not in labour force,Number,380.0,E
Nova Scotia,Males,15 to 24 years,Learning,Mild,Participation rate,Percent,42.4,E
Nova Scotia,Males,15 to 24 years,Learning,Mild,Age standardized participation rate,Percent,42.4,E
Nova Scotia,Males,15 to 24 years,Learning,Mild,Employment Rate,Percent,25.8,E
Nova Scotia,Males,15 to 24 years,Learning,Mild,Age standardized employment rate,Percent,25.1,E
Nova Scotia,Males,15 to 24 years,Learning,Moderate,Total labour force,Number,360.0,E
Nova Scotia,Males,15 to 24 years,Learning,Severe,Total labour force,Number,550.0,E
Nova Scotia,Males,15 to 24 years,Learning,Very Severe,Total labour force,Number,490.0,E
Nova Scotia,Males,15 to 24 years,Learning,Very Severe,Not in labour force,Number,350.0,E
Nova Scotia,Males,15 to 24 years,Memory,Severe,Total labour force,Number,180.0,E
Nova Scotia,Males,15 to 24 years,Memory,Very Severe,Total labour force,Number,300.0,E
Nova Scotia,Males,15 to 24 years,Developmental,Very Severe,Total labour force,Number,390.0,E
Nova Scotia,Males,15 to 24 years,Developmental,Very Severe,Not in labour force,Number,270.0,E
Nova Scotia,Males,15 to 24 years,Mental and/or psychological,Mild,Total labour force,Number,520.0,E
Nova Scotia,Males,15 to 24 years,Mental and/or psychological,Mild,Participation rate,Percent,49.0,E
Nova Scotia,Males,15 to 24 years,Mental and/or psychological,Mild,Age standardized participation rate,Percent,48.6,E
Nova Scotia,Males,15 to 24 years,Mental and/or psychological,Moderate,Total labour force,Number,280.0,E
Nova Scotia,Males,15 to 24 years,Mental and/or psychological,Severe,Total labour force,Number,420.0,E
Nova Scotia,Males,15 to 24 years,Mental and/or psychological,Very Severe,Total labour force,Number,470.0,E
Nova Scotia,Males,15 to 24 years,Mental and/or psychological,Very Severe,Not in labour force,Number,330.0,E
Nova Scotia,Males,25 to 34 years,All disability types,Mild,Total labour force,Number,1320.0,E
Nova Scotia,Males,25 to 34 years,All disability types,Mild,Employed,Number,790.0,E
Nova Scotia,Males,25 to 34 years,All disability types,Mild,Participation rate,Percent,75.0,
Nova Scotia,Males,25 to 34 years,All disability types,Mild,Age standardized participation rate,Percent,75.4,
Nova Scotia,Males,25 to 34 years,All disability types,Mild,Employment Rate,Percent,59.8,E
Nova Scotia,Males,25 to 34 years,All disability types,Mild,Age standardized employment rate,Percent,59.9,E
Nova Scotia,Males,25 to 34 years,All disability types,Very Severe,Total labour force,Number,340.0,E
Nova Scotia,Males,25 to 34 years,Flexibility,Very Severe,Total labour force,Number,310.0,E
Nova Scotia,Males,25 to 34 years,Pain,Mild,Participation rate,Percent,96.7,
Nova Scotia,Males,25 to 34 years,Pain,Mild,Age standardized participation rate,Percent,95.6,
Nova Scotia,Males,25 to 34 years,Pain,Very Severe,Total labour force,Number,290.0,E
Nova Scotia,Males,35 to 44 years,All disability types,Mild,Total labour force,Number,1920.0,E
Nova Scotia,Males,35 to 44 years,All disability types,Mild,Employed,Number,1710.0,E
Nova Scotia,Males,35 to 44 years,All disability types,Mild,Participation rate,Percent,94.2,
Nova Scotia,Males,35 to 44 years,All disability types,Mild,Age standardized participation rate,Percent,94.1,
Nova Scotia,Males,35 to 44 years,All disability types,Mild,Employment Rate,Percent,90.0,
Nova Scotia,Males,35 to 44 years,All disability types,Mild,Age standardized employment rate,Percent,90.0,
Nova Scotia,Males,35 to 44 years,All disability types,Moderate,Total labour force,Number,960.0,E
Nova Scotia,Males,35 to 44 years,All disability types,Moderate,Employed,Number,720.0,E
Nova Scotia,Males,35 to 44 years,All disability types,Moderate,Participation rate,Percent,77.4,
Nova Scotia,Males,35 to 44 years,All disability types,Moderate,Age standardized participation rate,Percent,77.8,
Nova Scotia,Males,35 to 44 years,All disability types,Moderate,Employment Rate,Percent,77.4,
Nova Scotia,Males,35 to 44 years,All disability types,Moderate,Age standardized employment rate,Percent,77.8,
Nova Scotia,Males,35 to 44 years,All disability types,Severe,Total labour force,Number,1290.0,E
Nova Scotia,Males,35 to 44 years,All disability types,Severe,Employed,Number,340.0,E
Nova Scotia,Males,35 to 44 years,All disability types,Severe,Not in labour force,Number,820.0,E
Nova Scotia,Males,35 to 44 years,All disability types,Severe,Participation rate,Percent,35.4,E
Nova Scotia,Males,35 to 44 years,All disability types,Severe,Age standardized participation rate,Percent,35.5,E
Nova Scotia,Males,35 to 44 years,All disability types,Severe,Employment Rate,Percent,26.8,E
Nova Scotia,Males,35 to 44 years,All disability types,Severe,Age standardized employment rate,Percent,26.4,E
Nova Scotia,Males,35 to 44 years,All disability types,Very Severe,Total labour force,Number,1240.0,E
Nova Scotia,Males,35 to 44 years,All disability types,Very Severe,Not in labour force,Number,640.0,E
Nova Scotia,Males,35 to 44 years,All disability types,Very Severe,Participation rate,Percent,47.5,E
Nova Scotia,Males,35 to 44 years,All disability types,Very Severe,Age standardized participation rate,Percent,47.1,E
Nova Scotia,Males,35 to 44 years,Mobility,Severe,Total labour force,Number,620.0,E
Nova Scotia,Males,35 to 44 years,Mobility,Very Severe,Total labour force,Number,1060.0,E
Nova Scotia,Males,35 to 44 years,Flexibility,Severe,Total labour force,Number,780.0,E
Nova Scotia,Males,35 to 44 years,Flexibility,Severe,Employed,Number,240.0,E
Nova Scotia,Males,35 to 44 years,Flexibility,Severe,Participation rate,Percent,39.7,E
Nova Scotia,Males,35 to 44 years,Flexibility,Severe,Age standardized participation rate,Percent,40.1,E
Nova Scotia,Males,35 to 44 years,Flexibility,Very Severe,Total labour force,Number,1190.0,E
Nova Scotia,Males,35 to 44 years,Flexibility,Very Severe,Not in labour force,Number,610.0,E
Nova Scotia,Males,35 to 44 years,Dexterity,Very Severe,Total labour force,Number,880.0,E
Nova Scotia,Males,35 to 44 years,Pain,Mild,Total labour force,Number,960.0,E
Nova Scotia,Males,35 to 44 years,Pain,Mild,Employed,Number,900.0,E
Nova Scotia,Males,35 to 44 years,Pain,Mild,Participation rate,Percent,95.7,
Nova Scotia,Males,35 to 44 years,Pain,Mild,Age standardized participation rate,Percent,96.1,
Nova Scotia,Males,35 to 44 years,Pain,Mild,Employment Rate,Percent,95.7,
Nova Scotia,Males,35 to 44 years,Pain,Mild,Age standardized employment rate,Percent,96.1,
Nova Scotia,Males,35 to 44 years,Pain,Moderate,Total labour force,Number,730.0,E
Nova Scotia,Males,35 to 44 years,Pain,Moderate,Employed,Number,500.0,E
Nova Scotia,Males,35 to 44 years,Pain,Moderate,Participation rate,Percent,70.4,
Nova Scotia,Males,35 to 44 years,Pain,Moderate,Age standardized participation rate,Percent,70.8,
Nova Scotia,Males,35 to 44 years,Pain,Moderate,Employment Rate,Percent,70.4,
Nova Scotia,Males,35 to 44 years,Pain,Moderate,Age standardized employment rate,Percent,70.8,
Nova Scotia,Males,35 to 44 years,Pain,Severe,Total labour force,Number,1130.0,E
Nova Scotia,Males,35 to 44 years,Pain,Severe,Employed,Number,300.0,E
Nova Scotia,Males,35 to 44 years,Pain,Severe,Not in labour force,Number,700.0,E
Nova Scotia,Males,35 to 44 years,Pain,Severe,Participation rate,Percent,36.9,E
Nova Scotia,Males,35 to 44 years,Pain,Severe,Age standardized participation rate,Percent,37.2,E
Nova Scotia,Males,35 to 44 years,Pain,Severe,Employment Rate,Percent,27.0,E
Nova Scotia,Males,35 to 44 years,Pain,Severe,Age standardized employment rate,Percent,26.8,E
Nova Scotia,Males,35 to 44 years,Pain,Very Severe,Total labour force,Number,1020.0,E
Nova Scotia,Males,35 to 44 years,Mental and/or psychological,Severe,Total labour force,Number,820.0,E
Nova Scotia,Males,35 to 44 years,Mental and/or psychological,Very Severe,Total labour force,Number,550.0,E
Nova Scotia,Males,45 to 54 years,All disability types,Mild,Total labour force,Number,3820.0,E
Nova Scotia,Males,45 to 54 years,All disability types,Mild,Employed,Number,2540.0,E
Nova Scotia,Males,45 to 54 years,All disability types,Mild,Participation rate,Percent,68.6,E
Nova Scotia,Males,45 to 54 years,All disability types,Mild,Age standardized participation rate,Percent,68.6,E
Nova Scotia,Males,45 to 54 years,All disability types,Mild,Employment Rate,Percent,66.5,E
Nova Scotia,Males,45 to 54 years,All disability types,Mild,Age standardized employment rate,Percent,66.6,E
Nova Scotia,Males,45 to 54 years,All disability types,Moderate,Total labour force,Number,3790.0,E
Nova Scotia,Males,45 to 54 years,All disability types,Moderate,Employed,Number,3090.0,E
Nova Scotia,Males,45 to 54 years,All disability types,Moderate,Participation rate,Percent,91.1,
Nova Scotia,Males,45 to 54 years,All disability types,Moderate,Age standardized participation rate,Percent,91.0,
Nova Scotia,Males,45 to 54 years,All disability types,Moderate,Employment Rate,Percent,83.5,
Nova Scotia,Males,45 to 54 years,All disability types,Moderate,Age standardized employment rate,Percent,83.5,
Nova Scotia,Males,45 to 54 years,All disability types,Severe,Total labour force,Number,1750.0,E
Nova Scotia,Males,45 to 54 years,All disability types,Very Severe,Total labour force,Number,3690.0,E
Nova Scotia,Males,45 to 54 years,All disability types,Very Severe,Not in labour force,Number,1450.0,E
Nova Scotia,Males,45 to 54 years,Mobility,Very Severe,Total labour force,Number,3520.0,E
Nova Scotia,Males,45 to 54 years,Mobility,Very Severe,Not in labour force,Number,1350.0,E
Nova Scotia,Males,45 to 54 years,Flexibility,Moderate,Total labour force,Number,2100.0,E
Nova Scotia,Males,45 to 54 years,Flexibility,Severe,Total labour force,Number,1430.0,E
Nova Scotia,Males,45 to 54 years,Flexibility,Very Severe,Total labour force,Number,3620.0,E
Nova Scotia,Males,45 to 54 years,Flexibility,Very Severe,Not in labour force,Number,1450.0,E
Nova Scotia,Males,45 to 54 years,Dexterity,Very Severe,Total labour force,Number,2840.0,E
Nova Scotia,Males,45 to 54 years,Pain,Mild,Total labour force,Number,3370.0,E
Nova Scotia,Males,45 to 54 years,Pain,Mild,Employed,Number,2260.0,E
Nova Scotia,Males,45 to 54 years,Pain,Mild,Participation rate,Percent,69.1,E
Nova Scotia,Males,45 to 54 years,Pain,Mild,Age standardized participation rate,Percent,69.2,E
Nova Scotia,Males,45 to 54 years,Pain,Mild,Employment Rate,Percent,67.1,E
Nova Scotia,Males,45 to 54 years,Pain,Mild,Age standardized employment rate,Percent,67.0,E
Nova Scotia,Males,45 to 54 years,Pain,Moderate,Total labour force,Number,3440.0,E
Nova Scotia,Males,45 to 54 years,Pain,Moderate,Employed,Number,2900.0,E
Nova Scotia,Males,45 to 54 years,Pain,Moderate,Participation rate,Percent,94.9,
Nova Scotia,Males,45 to 54 years,Pain,Moderate,Age standardized participation rate,Percent,94.8,
Nova Scotia,Males,45 to 54 years,Pain,Moderate,Employment Rate,Percent,86.6,
Nova Scotia,Males,45 to 54 years,Pain,Moderate,Age standardized employment rate,Percent,86.6,
Nova Scotia,Males,45 to 54 years,Pain,Severe,Total labour force,Number,1700.0,E
Nova Scotia,Males,45 to 54 years,Pain,Very Severe,Total labour force,Number,3690.0,E
Nova Scotia,Males,45 to 54 years,Pain,Very Severe,Not in labour force,Number,1450.0,E
Nova Scotia,Males,55 to 64 years,All disability types,Mild,Total labour force,Number,4520.0,E
Nova Scotia,Males,55 to 64 years,All disability types,Mild,Employed,Number,2510.0,E
Nova Scotia,Males,55 to 64 years,All disability types,Mild,Not in labour force,Number,1940.0,E
Nova Scotia,Males,55 to 64 years,All disability types,Mild,Participation rate,Percent,56.5,E
Nova Scotia,Males,55 to 64 years,All disability types,Mild,Age standardized participation rate,Percent,56.4,E
Nova Scotia,Males,55 to 64 years,All disability types,Mild,Employment Rate,Percent,56.5,E
Nova Scotia,Males,55 to 64 years,All disability types,Mild,Age standardized employment rate,Percent,56.4,E
Nova Scotia,Males,55 to 64 years,All disability types,Moderate,Total labour force,Number,3800.0,E
Nova Scotia,Males,55 to 64 years,All disability types,Moderate,Employed,Number,1440.0,E
Nova Scotia,Males,55 to 64 years,All disability types,Moderate,Participation rate,Percent,42.1,E
Nova Scotia,Males,55 to 64 years,All disability types,Moderate,Age standardized participation rate,Percent,42.2,E
Nova Scotia,Males,55 to 64 years,All disability types,Moderate,Employment Rate,Percent,37.9,E
Nova Scotia,Males,55 to 64 years,All disability types,Moderate,Age standardized employment rate,Percent,37.8,E
Nova Scotia,Males,55 to 64 years,All disability types,Severe,Total labour force,Number,3090.0,E
Nova Scotia,Males,55 to 64 years,All disability types,Severe,Not in labour force,Number,1490.0,E
Nova Scotia,Males,55 to 64 years,All disability types,Severe,Participation rate,Percent,49.7,E
Nova Scotia,Males,55 to 64 years,All disability types,Severe,Age standardized participation rate,Percent,49.7,E
Nova Scotia,Males,55 to 64 years,All disability types,Severe,Employment Rate,Percent,49.7,E
Nova Scotia,Males,55 to 64 years,All disability types,Severe,Age standardized employment rate,Percent,49.7,E
Nova Scotia,Males,55 to 64 years,All disability types,Very Severe,Total labour force,Number,4740.0,
Nova Scotia,Males,55 to 64 years,All disability types,Very Severe,Not in labour force,Number,2360.0,E
Nova Scotia,Males,55 to 64 years,All disability types,Very Severe,Participation rate,Percent,41.9,E
Nova Scotia,Males,55 to 64 years,All disability types,Very Severe,Age standardized participation rate,Percent,41.8,E
Nova Scotia,Males,55 to 64 years,All disability types,Very Severe,Employment Rate,Percent,39.9,E
Nova Scotia,Males,55 to 64 years,All disability types,Very Severe,Age standardized employment rate,Percent,40.0,E
Nova Scotia,Males,55 to 64 years,Hearing,Very Severe,Total labour force,Number,2300.0,E
Nova Scotia,Males,55 to 64 years,Hearing,Very Severe,Not in labour force,Number,920.0,E
Nova Scotia,Males,55 to 64 years,Mobility,Severe,Total labour force,Number,1750.0,E
Nova Scotia,Males,55 to 64 years,Mobility,Very Severe,Total labour force,Number,3560.0,E
Nova Scotia,Males,55 to 64 years,Mobility,Very Severe,Not in labour force,Number,2060.0,E
Nova Scotia,Males,55 to 64 years,Flexibility,Mild,Total labour force,Number,1690.0,E
Nova Scotia,Males,55 to 64 years,Flexibility,Moderate,Total labour force,Number,1760.0,E
Nova Scotia,Males,55 to 64 years,Flexibility,Severe,Total labour force,Number,2180.0,E
Nova Scotia,Males,55 to 64 years,Flexibility,Very Severe,Total labour force,Number,3950.0,E
Nova Scotia,Males,55 to 64 years,Flexibility,Very Severe,Not in labour force,Number,2150.0,E
Nova Scotia,Males,55 to 64 years,Flexibility,Very Severe,Participation rate,Percent,44.2,E
Nova Scotia,Males,55 to 64 years,Flexibility,Very Severe,Age standardized participation rate,Percent,44.2,E
Nova Scotia,Males,55 to 64 years,Flexibility,Very Severe,Employment Rate,Percent,42.1,E
Nova Scotia,Males,55 to 64 years,Flexibility,Very Severe,Age standardized employment rate,Percent,42.2,E
Nova Scotia,Males,55 to 64 years,Dexterity,Very Severe,Total labour force,Number,2640.0,E
Nova Scotia,Males,55 to 64 years,Dexterity,Very Severe,Not in labour force,Number,1710.0,E
Nova Scotia,Males,55 to 64 years,Pain,Mild,Total labour force,Number,1330.0,E
Nova Scotia,Males,55 to 64 years,Pain,Moderate,Total labour force,Number,2930.0,E
Nova Scotia,Males,55 to 64 years,Pain,Moderate,Employed,Number,1190.0,E
Nova Scotia,Males,55 to 64 years,Pain,Moderate,Participation rate,Percent,46.4,E
Nova Scotia,Males,55 to 64 years,Pain,Moderate,Age standardized participation rate,Percent,46.5,E
Nova Scotia,Males,55 to 64 years,Pain,Moderate,Employment Rate,Percent,40.6,E
Nova Scotia,Males,55 to 64 years,Pain,Moderate,Age standardized employment rate,Percent,40.7,E
Nova Scotia,Males,55 to 64 years,Pain,Severe,Total labour force,Number,2030.0,E
Nova Scotia,Males,55 to 64 years,Pain,Severe,Participation rate,Percent,61.3,E
Nova Scotia,Males,55 to 64 years,Pain,Severe,Age standardized participation rate,Percent,61.4,E
Nova Scotia,Males,55 to 64 years,Pain,Severe,Employment Rate,Percent,61.3,E
Nova Scotia,Males,55 to 64 years,Pain,Severe,Age standardized employment rate,Percent,61.4,E
Nova Scotia,Males,55 to 64 years,Pain,Very Severe,Total labour force,Number,4670.0,E
Nova Scotia,Males,55 to 64 years,Pain,Very Severe,Not in labour force,Number,2290.0,E
Nova Scotia,Males,55 to 64 years,Pain,Very Severe,Participation rate,Percent,42.6,E
Nova Scotia,Males,55 to 64 years,Pain,Very Severe,Age standardized participation rate,Percent,42.6,E
Nova Scotia,Males,55 to 64 years,Pain,Very Severe,Employment Rate,Percent,40.6,E
Nova Scotia,Males,55 to 64 years,Pain,Very Severe,Age standardized employment rate,Percent,40.7,E
Nova Scotia,Males,55 to 64 years,Memory,Very Severe,Total labour force,Number,1870.0,E
Nova Scotia,Males,55 to 64 years,Mental and/or psychological,Very Severe,Total labour force,Number,2210.0,E
Nova Scotia,Females,15 to 24 years,All disability types,Mild,Total labour force,Number,1400.0,E
Nova Scotia,Females,15 to 24 years,All disability types,Mild,Employed,Number,700.0,E
Nova Scotia,Females,15 to 24 years,All disability types,Mild,Not in labour force,Number,550.0,E
Nova Scotia,Females,15 to 24 years,All disability types,Mild,Participation rate,Percent,59.0,
Nova Scotia,Females,15 to 24 years,All disability types,Mild,Age standardized participation rate,Percent,58.9,
Nova Scotia,Females,15 to 24 years,All disability types,Mild,Employment Rate,Percent,52.2,E
Nova Scotia,Females,15 to 24 years,All disability types,Mild,Age standardized employment rate,Percent,52.1,E
Nova Scotia,Females,15 to 24 years,All disability types,Moderate,Total labour force,Number,850.0,E
Nova Scotia,Females,15 to 24 years,All disability types,Moderate,Not in labour force,Number,340.0,E
Nova Scotia,Females,15 to 24 years,All disability types,Moderate,Participation rate,Percent,57.5,E
Nova Scotia,Females,15 to 24 years,All disability types,Moderate,Age standardized participation rate,Percent,57.4,E
Nova Scotia,Females,15 to 24 years,All disability types,Severe,Total labour force,Number,700.0,E
Nova Scotia,Females,15 to 24 years,All disability types,Severe,Not in labour force,Number,400.0,E
Nova Scotia,Females,15 to 24 years,All disability types,Severe,Participation rate,Percent,38.8,E
Nova Scotia,Females,15 to 24 years,All disability types,Severe,Age standardized participation rate,Percent,39.7,E
Nova Scotia,Females,15 to 24 years,All disability types,Severe,Employment Rate,Percent,32.8,E
Nova Scotia,Females,15 to 24 years,All disability types,Severe,Age standardized employment rate,Percent,32.9,E
Nova Scotia,Females,15 to 24 years,Mobility,Severe,Total labour force,Number,250.0,E
Nova Scotia,Females,15 to 24 years,Flexibility,Severe,Total labour force,Number,260.0,E
Nova Scotia,Females,15 to 24 years,Pain,Mild,Participation rate,Percent,87.5,
Nova Scotia,Females,15 to 24 years,Pain,Mild,Age standardized participation rate,Percent,86.1,
Nova Scotia,Females,15 to 24 years,Pain,Mild,Employment Rate,Percent,83.3,
Nova Scotia,Females,15 to 24 years,Pain,Mild,Age standardized employment rate,Percent,82.2,
Nova Scotia,Females,15 to 24 years,Pain,Moderate,Total labour force,Number,340.0,E
Nova Scotia,Females,15 to 24 years,Pain,Severe,Total labour force,Number,470.0,E
Nova Scotia,Females,15 to 24 years,Pain,Severe,Not in labour force,Number,240.0,E
Nova Scotia,Females,15 to 24 years,Learning,Mild,Total labour force,Number,270.0,E
Nova Scotia,Females,15 to 24 years,Learning,Mild,Not in labour force,Number,120.0,E
Nova Scotia,Females,15 to 24 years,Learning,Severe,Total labour force,Number,340.0,E
Nova Scotia,Females,15 to 24 years,Mental and/or psychological,Mild,Total labour force,Number,370.0,E
Nova Scotia,Females,15 to 24 years,Mental and/or psychological,Mild,Participation rate,Percent,50.0,E
Nova Scotia,Females,15 to 24 years,Mental and/or psychological,Mild,Age standardized participation rate,Percent,51.5,E
Nova Scotia,Females,15 to 24 years,Mental and/or psychological,Moderate,Participation rate,Percent,62.3,E
Nova Scotia,Females,15 to 24 years,Mental and/or psychological,Moderate,Age standardized participation rate,Percent,61.3,E
Nova Scotia,Females,15 to 24 years,Mental and/or psychological,Severe,Total labour force,Number,540.0,E
Nova Scotia,Females,15 to 24 years,Mental and/or psychological,Severe,Not in labour force,Number,360.0,E
Nova Scotia,Females,25 to 34 years,All disability types,Mild,Total labour force,Number,1580.0,E
Nova Scotia,Females,25 to 34 years,All disability types,Mild,Employed,Number,1250.0,E
Nova Scotia,Females,25 to 34 years,All disability types,Mild,Participation rate,Percent,86.8,
Nova Scotia,Females,25 to 34 years,All disability types,Mild,Age standardized participation rate,Percent,86.5,
Nova Scotia,Females,25 to 34 years,All disability types,Mild,Employment Rate,Percent,82.2,
Nova Scotia,Females,25 to 34 years,All disability types,Mild,Age standardized employment rate,Percent,81.9,
Nova Scotia,Females,25 to 34 years,All disability types,Moderate,Employed,Number,760.0,E
Nova Scotia,Females,25 to 34 years,All disability types,Moderate,Participation rate,Percent,93.6,
Nova Scotia,Females,25 to 34 years,All disability types,Moderate,Age standardized participation rate,Percent,93.7,
Nova Scotia,Females,25 to 34 years,All disability types,Moderate,Employment Rate,Percent,53.9,E
Nova Scotia,Females,25 to 34 years,All disability types,Moderate,Age standardized employment rate,Percent,54.0,E
Nova Scotia,Females,25 to 34 years,All disability types,Severe,Total labour force,Number,1450.0,E
Nova Scotia,Females,25 to 34 years,All disability types,Very Severe,Total labour force,Number,700.0,E
Nova Scotia,Females,25 to 34 years,All disability types,Very Severe,Not in labour force,Number,570.0,E
Nova Scotia,Females,25 to 34 years,Mobility,Very Severe,Total labour force,Number,610.0,E
Nova Scotia,Females,25 to 34 years,Flexibility,Very Severe,Total labour force,Number,650.0,E
Nova Scotia,Females,25 to 34 years,Pain,Mild,Total labour force,Number,1050.0,E
Nova Scotia,Females,25 to 34 years,Pain,Mild,Employed,Number,850.0,E
Nova Scotia,Females,25 to 34 years,Pain,Mild,Participation rate,Percent,90.9,
Nova Scotia,Females,25 to 34 years,Pain,Mild,Age standardized participation rate,Percent,90.5,
Nova Scotia,Females,25 to 34 years,Pain,Mild,Employment Rate,Percent,85.9,
Nova Scotia,Females,25 to 34 years,Pain,Mild,Age standardized employment rate,Percent,85.7,
Nova Scotia,Females,25 to 34 years,Pain,Moderate,Participation rate,Percent,94.7,
Nova Scotia,Females,25 to 34 years,Pain,Moderate,Age standardized participation rate,Percent,95.1,
Nova Scotia,Females,25 to 34 years,Pain,Severe,Total labour force,Number,1380.0,E
Nova Scotia,Females,25 to 34 years,Pain,Very Severe,Total labour force,Number,660.0,E
Nova Scotia,Females,25 to 34 years,Pain,Very Severe,Not in labour force,Number,540.0,E
Nova Scotia,Females,25 to 34 years,Mental and/or psychological,Very Severe,Total labour force,Number,490.0,E
Nova Scotia,Females,35 to 44 years,All disability types,Mild,Total labour force,Number,3010.0,E
Nova Scotia,Females,35 to 44 years,All disability types,Mild,Employed,Number,1680.0,
Nova Scotia,Females,35 to 44 years,All disability types,Mild,Participation rate,Percent,76.9,
Nova Scotia,Females,35 to 44 years,All disability types,Mild,Age standardized participation rate,Percent,77.1,
Nova Scotia,Females,35 to 44 years,All disability types,Mild,Employment Rate,Percent,56.2,E
Nova Scotia,Females,35 to 44 years,All disability types,Mild,Age standardized employment rate,Percent,56.1,E
Nova Scotia,Females,35 to 44 years,All disability types,Moderate,Total labour force,Number,1370.0,E
Nova Scotia,Females,35 to 44 years,All disability types,Moderate,Employed,Number,550.0,E
Nova Scotia,Females,35 to 44 years,All disability types,Moderate,Participation rate,Percent,76.3,
Nova Scotia,Females,35 to 44 years,All disability types,Moderate,Age standardized participation rate,Percent,76.4,
Nova Scotia,Females,35 to 44 years,All disability types,Moderate,Employment Rate,Percent,42.0,E
Nova Scotia,Females,35 to 44 years,All disability types,Moderate,Age standardized employment rate,Percent,42.3,E
Nova Scotia,Females,35 to 44 years,All disability types,Severe,Total labour force,Number,1250.0,E
Nova Scotia,Females,35 to 44 years,All disability types,Severe,Employed,Number,650.0,E
Nova Scotia,Females,35 to 44 years,All disability types,Severe,Participation rate,Percent,66.1,
Nova Scotia,Females,35 to 44 years,All disability types,Severe,Age standardized participation rate,Percent,65.9,
Nova Scotia,Females,35 to 44 years,All disability types,Severe,Employment Rate,Percent,59.6,E
Nova Scotia,Females,35 to 44 years,All disability types,Severe,Age standardized employment rate,Percent,59.1,E
Nova Scotia,Females,35 to 44 years,All disability types,Very Severe,Total labour force,Number,1850.0,E
Nova Scotia,Females,35 to 44 years,All disability types,Very Severe,Employed,Number,500.0,E
Nova Scotia,Females,35 to 44 years,All disability types,Very Severe,Not in labour force,Number,970.0,E
Nova Scotia,Females,35 to 44 years,All disability types,Very Severe,Participation rate,Percent,41.9,E
Nova Scotia,Females,35 to 44 years,All disability types,Very Severe,Age standardized participation rate,Percent,42.0,E
Nova Scotia,Females,35 to 44 years,All disability types,Very Severe,Employment Rate,Percent,29.9,E
Nova Scotia,Females,35 to 44 years,All disability types,Very Severe,Age standardized employment rate,Percent,29.7,E
Nova Scotia,Females,35 to 44 years,Mobility,Moderate,Total labour force,Number,920.0,E
Nova Scotia,Females,35 to 44 years,Mobility,Moderate,Participation rate,Percent,74.4,
Nova Scotia,Females,35 to 44 years,Mobility,Moderate,Age standardized participation rate,Percent,75.2,
Nova Scotia,Females,35 to 44 years,Mobility,Severe,Total labour force,Number,720.0,E
Nova Scotia,Females,35 to 44 years,Mobility,Severe,Employed,Number,400.0,E
Nova Scotia,Females,35 to 44 years,Mobility,Severe,Participation rate,Percent,73.4,E
Nova Scotia,Females,35 to 44 years,Mobility,Severe,Age standardized participation rate,Percent,73.3,E
Nova Scotia,Females,35 to 44 years,Mobility,Severe,Employment Rate,Percent,62.5,E
Nova Scotia,Females,35 to 44 years,Mobility,Severe,Age standardized employment rate,Percent,61.9,E
Nova Scotia,Females,35 to 44 years,Mobility,Very Severe,Total labour force,Number,1560.0,E
Nova Scotia,Females,35 to 44 years,Mobility,Very Severe,Employed,Number,400.0,E
Nova Scotia,Females,35 to 44 years,Mobility,Very Severe,Not in labour force,Number,840.0,E
Nova Scotia,Females,35 to 44 years,Mobility,Very Severe,Participation rate,Percent,40.7,E
Nova Scotia,Females,35 to 44 years,Mobility,Very Severe,Age standardized participation rate,Percent,40.4,E
Nova Scotia,Females,35 to 44 years,Mobility,Very Severe,Employment Rate,Percent,28.6,E
Nova Scotia,Females,35 to 44 years,Mobility,Very Severe,Age standardized employment rate,Percent,28.6,E
Nova Scotia,Females,35 to 44 years,Flexibility,Mild,Total labour force,Number,390.0,E
Nova Scotia,Females,35 to 44 years,Flexibility,Moderate,Total labour force,Number,540.0,E
Nova Scotia,Females,35 to 44 years,Flexibility,Moderate,Participation rate,Percent,75.0,
Nova Scotia,Females,35 to 44 years,Flexibility,Moderate,Age standardized participation rate,Percent,75.8,
Nova Scotia,Females,35 to 44 years,Flexibility,Severe,Total labour force,Number,600.0,E
Nova Scotia,Females,35 to 44 years,Flexibility,Severe,Participation rate,Percent,78.0,
Nova Scotia,Females,35 to 44 years,Flexibility,Severe,Age standardized participation rate,Percent,76.5,
Nova Scotia,Females,35 to 44 years,Flexibility,Very Severe,Total labour force,Number,1560.0,E
Nova Scotia,Females,35 to 44 years,Flexibility,Very Severe,Employed,Number,400.0,E
Nova Scotia,Females,35 to 44 years,Flexibility,Very Severe,Not in labour force,Number,800.0,E
Nova Scotia,Females,35 to 44 years,Flexibility,Very Severe,Participation rate,Percent,43.3,E
Nova Scotia,Females,35 to 44 years,Flexibility,Very Severe,Age standardized participation rate,Percent,43.2,E
Nova Scotia,Females,35 to 44 years,Flexibility,Very Severe,Employment Rate,Percent,28.4,E
Nova Scotia,Females,35 to 44 years,Flexibility,Very Severe,Age standardized employment rate,Percent,28.5,E
Nova Scotia,Females,35 to 44 years,Dexterity,Very Severe,Total labour force,Number,790.0,E
Nova Scotia,Females,35 to 44 years,Dexterity,Very Severe,Not in labour force,Number,400.0,E
Nova Scotia,Females,35 to 44 years,Pain,Mild,Total labour force,Number,1580.0,E
Nova Scotia,Females,35 to 44 years,Pain,Mild,Employed,Number,840.0,E
Nova Scotia,Females,35 to 44 years,Pain,Mild,Participation rate,Percent,71.5,
Nova Scotia,Females,35 to 44 years,Pain,Mild,Age standardized participation rate,Percent,71.3,
Nova Scotia,Females,35 to 44 years,Pain,Mild,Employment Rate,Percent,53.2,E
Nova Scotia,Females,35 to 44 years,Pain,Mild,Age standardized employment rate,Percent,53.2,E
Nova Scotia,Females,35 to 44 years,Pain,Moderate,Total labour force,Number,1210.0,E
Nova Scotia,Females,35 to 44 years,Pain,Moderate,Employed,Number,500.0,E
Nova Scotia,Females,35 to 44 years,Pain,Moderate,Participation rate,Percent,79.8,
Nova Scotia,Females,35 to 44 years,Pain,Moderate,Age standardized participation rate,Percent,79.2,
Nova Scotia,Females,35 to 44 years,Pain,Moderate,Employment Rate,Percent,43.9,E
Nova Scotia,Females,35 to 44 years,Pain,Moderate,Age standardized employment rate,Percent,43.8,E
Nova Scotia,Females,35 to 44 years,Pain,Severe,Total labour force,Number,1130.0,E
Nova Scotia,Females,35 to 44 years,Pain,Severe,Employed,Number,580.0,E
Nova Scotia,Females,35 to 44 years,Pain,Severe,Participation rate,Percent,62.4,E
Nova Scotia,Females,35 to 44 years,Pain,Severe,Age standardized participation rate,Percent,62.9,E
Nova Scotia,Females,35 to 44 years,Pain,Severe,Employment Rate,Percent,57.4,E
Nova Scotia,Females,35 to 44 years,Pain,Severe,Age standardized employment rate,Percent,58.0,E
Nova Scotia,Females,35 to 44 years,Pain,Very Severe,Total labour force,Number,1690.0,E
Nova Scotia,Females,35 to 44 years,Pain,Very Severe,Employed,Number,500.0,E
Nova Scotia,Females,35 to 44 years,Pain,Very Severe,Not in labour force,Number,810.0,E
Nova Scotia,Females,35 to 44 years,Pain,Very Severe,Participation rate,Percent,46.4,E
Nova Scotia,Females,35 to 44 years,Pain,Very Severe,Age standardized participation rate,Percent,46.4,E
Nova Scotia,Females,35 to 44 years,Pain,Very Severe,Employment Rate,Percent,33.1,E
Nova Scotia,Females,35 to 44 years,Pain,Very Severe,Age standardized employment rate,Percent,32.8,E
Nova Scotia,Females,35 to 44 years,Learning,Very Severe,Total labour force,Number,840.0,E
Nova Scotia,Females,35 to 44 years,Memory,Very Severe,Total labour force,Number,530.0,E
Nova Scotia,Females,35 to 44 years,Mental and/or psychological,Moderate,Participation rate,Percent,88.1,
Nova Scotia,Females,35 to 44 years,Mental and/or psychological,Moderate,Age standardized participation rate,Percent,87.8,
Nova Scotia,Females,35 to 44 years,Mental and/or psychological,Severe,Total labour force,Number,740.0,E
Nova Scotia,Females,35 to 44 years,Mental and/or psychological,Very Severe,Total labour force,Number,1020.0,E
Nova Scotia,Females,45 to 54 years,All disability types,Mild,Total labour force,Number,4370.0,E
Nova Scotia,Females,45 to 54 years,All disability types,Mild,Employed,Number,3760.0,E
Nova Scotia,Females,45 to 54 years,All disability types,Mild,Participation rate,Percent,97.2,
Nova Scotia,Females,45 to 54 years,All disability types,Mild,Age standardized participation rate,Percent,97.3,
Nova Scotia,Females,45 to 54 years,All disability types,Mild,Employment Rate,Percent,95.4,
Nova Scotia,Females,45 to 54 years,All disability types,Mild,Age standardized employment rate,Percent,95.4,
Nova Scotia,Females,45 to 54 years,All disability types,Moderate,Total labour force,Number,2250.0,E
Nova Scotia,Females,45 to 54 years,All disability types,Moderate,Employed,Number,1320.0,E
Nova Scotia,Females,45 to 54 years,All disability types,Moderate,Participation rate,Percent,78.8,
Nova Scotia,Females,45 to 54 years,All disability types,Moderate,Age standardized participation rate,Percent,79.0,
Nova Scotia,Females,45 to 54 years,All disability types,Moderate,Employment Rate,Percent,60.8,E
Nova Scotia,Females,45 to 54 years,All disability types,Moderate,Age standardized employment rate,Percent,60.8,E
Nova Scotia,Females,45 to 54 years,All disability types,Severe,Total labour force,Number,3250.0,E
Nova Scotia,Females,45 to 54 years,All disability types,Very Severe,Total labour force,Number,5670.0,
Nova Scotia,Females,45 to 54 years,All disability types,Very Severe,Employed,Number,1640.0,E
Nova Scotia,Females,45 to 54 years,All disability types,Very Severe,Not in labour force,Number,3560.0,E
Nova Scotia,Females,45 to 54 years,All disability types,Very Severe,Participation rate,Percent,32.2,E
Nova Scotia,Females,45 to 54 years,All disability types,Very Severe,Age standardized participation rate,Percent,32.2,E
Nova Scotia,Females,45 to 54 years,All disability types,Very Severe,Employment Rate,Percent,31.2,E
Nova Scotia,Females,45 to 54 years,All disability types,Very Severe,Age standardized employment rate,Percent,31.2,E
Nova Scotia,Females,45 to 54 years,Seeing,Very Severe,Total labour force,Number,3320.0,E
Nova Scotia,Females,45 to 54 years,Seeing,Very Severe,Not in labour force,Number,2460.0,E
Nova Scotia,Females,45 to 54 years,Hearing,Very Severe,Total labour force,Number,1090.0,E
Nova Scotia,Females,45 to 54 years,Mobility,Severe,Total labour force,Number,2500.0,E
Nova Scotia,Females,45 to 54 years,Mobility,Very Severe,Total labour force,Number,5060.0,
Nova Scotia,Females,45 to 54 years,Mobility,Very Severe,Not in labour force,Number,3320.0,E
Nova Scotia,Females,45 to 54 years,Flexibility,Severe,Total labour force,Number,2550.0,E
Nova Scotia,Females,45 to 54 years,Flexibility,Very Severe,Total labour force,Number,5370.0,
Nova Scotia,Females,45 to 54 years,Flexibility,Very Severe,Employed,Number,1560.0,E
Nova Scotia,Females,45 to 54 years,Flexibility,Very Severe,Not in labour force,Number,3560.0,E
Nova Scotia,Females,45 to 54 years,Flexibility,Very Severe,Participation rate,Percent,31.1,E
Nova Scotia,Females,45 to 54 years,Flexibility,Very Severe,Age standardized participation rate,Percent,31.2,E
Nova Scotia,Females,45 to 54 years,Flexibility,Very Severe,Employment Rate,Percent,30.2,E
Nova Scotia,Females,45 to 54 years,Flexibility,Very Severe,Age standardized employment rate,Percent,30.2,E
Nova Scotia,Females,45 to 54 years,Dexterity,Very Severe,Total labour force,Number,3630.0,E
Nova Scotia,Females,45 to 54 years,Dexterity,Very Severe,Not in labour force,Number,2600.0,E
Nova Scotia,Females,45 to 54 years,Pain,Mild,Total labour force,Number,2610.0,E
Nova Scotia,Females,45 to 54 years,Pain,Mild,Employed,Number,2110.0,E
Nova Scotia,Females,45 to 54 years,Pain,Mild,Participation rate,Percent,100.0,
Nova Scotia,Females,45 to 54 years,Pain,Mild,Age standardized participation rate,Percent,100.0,
Nova Scotia,Females,45 to 54 years,Pain,Mild,Employment Rate,Percent,96.8,
Nova Scotia,Females,45 to 54 years,Pain,Mild,Age standardized employment rate,Percent,96.7,
Nova Scotia,Females,45 to 54 years,Pain,Moderate,Total labour force,Number,1960.0,E
Nova Scotia,Females,45 to 54 years,Pain,Moderate,Participation rate,Percent,80.3,
Nova Scotia,Females,45 to 54 years,Pain,Moderate,Age standardized participation rate,Percent,80.4,
Nova Scotia,Females,45 to 54 years,Pain,Severe,Total labour force,Number,3060.0,E
Nova Scotia,Females,45 to 54 years,Pain,Very Severe,Total labour force,Number,5670.0,
Nova Scotia,Females,45 to 54 years,Pain,Very Severe,Employed,Number,1640.0,E
Nova Scotia,Females,45 to 54 years,Pain,Very Severe,Not in labour force,Number,3560.0,E
Nova Scotia,Females,45 to 54 years,Pain,Very Severe,Participation rate,Percent,32.2,E
Nova Scotia,Females,45 to 54 years,Pain,Very Severe,Age standardized participation rate,Percent,32.2,E
Nova Scotia,Females,45 to 54 years,Pain,Very Severe,Employment Rate,Percent,31.2,E
Nova Scotia,Females,45 to 54 years,Pain,Very Severe,Age standardized employment rate,Percent,31.2,E
Nova Scotia,Females,45 to 54 years,Memory,Very Severe,Total labour force,Number,2320.0,E
Nova Scotia,Females,45 to 54 years,Memory,Very Severe,Not in labour force,Number,1630.0,E
Nova Scotia,Females,45 to 54 years,Mental and/or psychological,Very Severe,Total labour force,Number,3430.0,E
Nova Scotia,Females,45 to 54 years,Mental and/or psychological,Very Severe,Not in labour force,Number,2510.0,E
Nova Scotia,Females,55 to 64 years,All disability types,Mild,Total labour force,Number,4780.0,E
Nova Scotia,Females,55 to 64 years,All disability types,Mild,Employed,Number,1840.0,E
Nova Scotia,Females,55 to 64 years,All disability types,Mild,Not in labour force,Number,2370.0,E
Nova Scotia,Females,55 to 64 years,All disability types,Mild,Participation rate,Percent,47.3,E
Nova Scotia,Females,55 to 64 years,All disability types,Mild,Age standardized participation rate,Percent,47.3,E
Nova Scotia,Females,55 to 64 years,All disability types,Mild,Employment Rate,Percent,40.9,E
Nova Scotia,Females,55 to 64 years,All disability types,Mild,Age standardized employment rate,Percent,41.0,E
Nova Scotia,Females,55 to 64 years,All disability types,Moderate,Total labour force,Number,4080.0,E
Nova Scotia,Females,55 to 64 years,All disability types,Moderate,Not in labour force,Number,2560.0,E
Nova Scotia,Females,55 to 64 years,All disability types,Moderate,Participation rate,Percent,37.3,E
Nova Scotia,Females,55 to 64 years,All disability types,Moderate,Age standardized participation rate,Percent,37.2,E
Nova Scotia,Females,55 to 64 years,All disability types,Severe,Total labour force,Number,3640.0,E
Nova Scotia,Females,55 to 64 years,All disability types,Severe,Not in labour force,Number,2630.0,E
Nova Scotia,Females,55 to 64 years,All disability types,Very Severe,Total labour force,Number,4270.0,E
Nova Scotia,Females,55 to 64 years,All disability types,Very Severe,Not in labour force,Number,3030.0,E
Nova Scotia,Females,55 to 64 years,Seeing,Very Severe,Total labour force,Number,1400.0,E
Nova Scotia,Females,55 to 64 years,Seeing,Very Severe,Not in labour force,Number,980.0,E
Nova Scotia,Females,55 to 64 years,Mobility,Moderate,Total labour force,Number,1690.0,E
Nova Scotia,Females,55 to 64 years,Mobility,Severe,Total labour force,Number,2860.0,E
Nova Scotia,Females,55 to 64 years,Mobility,Severe,Not in labour force,Number,2040.0,E
Nova Scotia,Females,55 to 64 years,Mobility,Very Severe,Total labour force,Number,4070.0,E
Nova Scotia,Females,55 to 64 years,Mobility,Very Severe,Not in labour force,Number,2820.0,E
Nova Scotia,Females,55 to 64 years,Flexibility,Moderate,Total labour force,Number,3360.0,E
Nova Scotia,Females,55 to 64 years,Flexibility,Severe,Total labour force,Number,3060.0,E
Nova Scotia,Females,55 to 64 years,Flexibility,Severe,Not in labour force,Number,2110.0,E
Nova Scotia,Females,55 to 64 years,Flexibility,Very Severe,Total labour force,Number,4130.0,E
Nova Scotia,Females,55 to 64 years,Flexibility,Very Severe,Not in labour force,Number,2970.0,E
Nova Scotia,Females,55 to 64 years,Dexterity,Moderate,Total labour force,Number,1500.0,E
Nova Scotia,Females,55 to 64 years,Dexterity,Very Severe,Total labour force,Number,2130.0,E
Nova Scotia,Females,55 to 64 years,Dexterity,Very Severe,Not in labour force,Number,1530.0,E
Nova Scotia,Females,55 to 64 years,Pain,Mild,Total labour force,Number,2930.0,E
Nova Scotia,Females,55 to 64 years,Pain,Mild,Employed,Number,1440.0,E
Nova Scotia,Females,55 to 64 years,Pain,Mild,Not in labour force,Number,1150.0,E
Nova Scotia,Females,55 to 64 years,Pain,Mild,Participation rate,Percent,56.6,E
Nova Scotia,Females,55 to 64 years,Pain,Mild,Age standardized participation rate,Percent,56.6,E
Nova Scotia,Females,55 to 64 years,Pain,Mild,Employment Rate,Percent,54.3,E
Nova Scotia,Females,55 to 64 years,Pain,Mild,Age standardized employment rate,Percent,54.3,E
Nova Scotia,Females,55 to 64 years,Pain,Moderate,Total labour force,Number,3450.0,E
Nova Scotia,Females,55 to 64 years,Pain,Moderate,Participation rate,Percent,37.4,E
Nova Scotia,Females,55 to 64 years,Pain,Moderate,Age standardized participation rate,Percent,37.4,E
Nova Scotia,Females,55 to 64 years,Pain,Severe,Total labour force,Number,3460.0,E
Nova Scotia,Females,55 to 64 years,Pain,Severe,Not in labour force,Number,2500.0,E
Nova Scotia,Females,55 to 64 years,Pain,Very Severe,Total labour force,Number,4270.0,E
Nova Scotia,Females,55 to 64 years,Pain,Very Severe,Not in labour force,Number,3030.0,E
Nova Scotia,Females,55 to 64 years,Mental and/or psychological,Very Severe,Total labour force,Number,2650.0,E
Nova Scotia,Females,55 to 64 years,Mental and/or psychological,Very Severe,Not in labour force,Number,2280.0,E
New Brunswick,Males,15 to 24 years,All disability types,Mild,Total labour force,Number,760.0,E
New Brunswick,Males,15 to 24 years,All disability types,Mild,Employed,Number,320.0,E
New Brunswick,Males,15 to 24 years,All disability types,Mild,Unemployed,Number,120.0,E
New Brunswick,Males,15 to 24 years,All disability types,Mild,Not in labour force,Number,290.0,E
New Brunswick,Males,15 to 24 years,All disability types,Mild,Participation rate,Percent,59.5,
New Brunswick,Males,15 to 24 years,All disability types,Mild,Age standardized participation rate,Percent,60.1,
New Brunswick,Males,15 to 24 years,All disability types,Mild,Employment Rate,Percent,43.2,E
New Brunswick,Males,15 to 24 years,All disability types,Mild,Age standardized employment rate,Percent,44.0,E
New Brunswick,Males,15 to 24 years,All disability types,Mild,Unemployment rate,Percent,27.3,E
New Brunswick,Males,15 to 24 years,All disability types,Mild,Age standardized unemployment rate,Percent,26.7,E
New Brunswick,Males,15 to 24 years,All disability types,Moderate,Total labour force,Number,350.0,E
New Brunswick,Males,15 to 24 years,All disability types,Moderate,Participation rate,Percent,32.4,E
New Brunswick,Males,15 to 24 years,All disability types,Moderate,Age standardized participation rate,Percent,32.7,E
New Brunswick,Males,15 to 24 years,All disability types,Severe,Total labour force,Number,300.0,E
New Brunswick,Males,15 to 24 years,All disability types,Severe,Not in labour force,Number,220.0,E
New Brunswick,Males,15 to 24 years,All disability types,Very Severe,Total labour force,Number,610.0,E
New Brunswick,Males,15 to 24 years,All disability types,Very Severe,Not in labour force,Number,550.0,E
New Brunswick,Males,15 to 24 years,Pain,Mild,Total labour force,Number,250.0,E
New Brunswick,Males,15 to 24 years,Pain,Mild,Participation rate,Percent,80.0,
New Brunswick,Males,15 to 24 years,Pain,Mild,Age standardized participation rate,Percent,79.3,
New Brunswick,Males,15 to 24 years,Pain,Mild,Employment Rate,Percent,68.0,E
New Brunswick,Males,15 to 24 years,Pain,Mild,Age standardized employment rate,Percent,67.9,E
New Brunswick,Males,15 to 24 years,Learning,Mild,Total labour force,Number,210.0,E
New Brunswick,Males,15 to 24 years,Learning,Mild,Participation rate,Percent,50.0,E
New Brunswick,Males,15 to 24 years,Learning,Mild,Age standardized participation rate,Percent,47.8,E
New Brunswick,Males,15 to 24 years,Learning,Moderate,Total labour force,Number,210.0,E
New Brunswick,Males,15 to 24 years,Learning,Severe,Total labour force,Number,260.0,E
New Brunswick,Males,15 to 24 years,Learning,Severe,Not in labour force,Number,210.0,E
New Brunswick,Males,15 to 24 years,Learning,Very Severe,Total labour force,Number,490.0,E
New Brunswick,Males,15 to 24 years,Learning,Very Severe,Not in labour force,Number,430.0,E
New Brunswick,Males,15 to 24 years,Memory,Severe,Total labour force,Number,120.0,E
New Brunswick,Males,15 to 24 years,Memory,Very Severe,Total labour force,Number,240.0,E
New Brunswick,Males,15 to 24 years,Memory,Very Severe,Not in labour force,Number,190.0,E
New Brunswick,Males,15 to 24 years,Developmental,Mild,Total labour force,Number,130.0,E
New Brunswick,Males,15 to 24 years,Developmental,Severe,Total labour force,Number,130.0,E
New Brunswick,Males,15 to 24 years,Developmental,Severe,Not in labour force,Number,110.0,E
New Brunswick,Males,15 to 24 years,Developmental,Very Severe,Total labour force,Number,450.0,E
New Brunswick,Males,15 to 24 years,Mental and/or psychological,Mild,Total labour force,Number,110.0,E
New Brunswick,Males,15 to 24 years,Mental and/or psychological,Severe,Total labour force,Number,200.0,E
New Brunswick,Males,25 to 34 years,All disability types,Mild,Total labour force,Number,780.0,E
New Brunswick,Males,25 to 34 years,All disability types,Mild,Employed,Number,590.0,E
New Brunswick,Males,25 to 34 years,All disability types,Mild,Participation rate,Percent,78.2,
New Brunswick,Males,25 to 34 years,All disability types,Mild,Age standardized participation rate,Percent,77.6,
New Brunswick,Males,25 to 34 years,All disability types,Mild,Employment Rate,Percent,75.6,
New Brunswick,Males,25 to 34 years,All disability types,Mild,Age standardized employment rate,Percent,75.8,
New Brunswick,Males,25 to 34 years,All disability types,Moderate,Total labour force,Number,410.0,E
New Brunswick,Males,25 to 34 years,All disability types,Moderate,Participation rate,Percent,87.8,
New Brunswick,Males,25 to 34 years,All disability types,Moderate,Age standardized participation rate,Percent,88.1,
New Brunswick,Males,25 to 34 years,All disability types,Severe,Total labour force,Number,680.0,E
New Brunswick,Males,25 to 34 years,All disability types,Very Severe,Total labour force,Number,670.0,E
New Brunswick,Males,35 to 44 years,All disability types,Mild,Total labour force,Number,1410.0,E
New Brunswick,Males,35 to 44 years,All disability types,Mild,Employed,Number,960.0,E
New Brunswick,Males,35 to 44 years,All disability types,Mild,Participation rate,Percent,75.4,
New Brunswick,Males,35 to 44 years,All disability types,Mild,Age standardized participation rate,Percent,75.7,
New Brunswick,Males,35 to 44 years,All disability types,Mild,Employment Rate,Percent,69.6,
New Brunswick,Males,35 to 44 years,All disability types,Mild,Age standardized employment rate,Percent,69.5,
New Brunswick,Males,35 to 44 years,All disability types,Moderate,Total labour force,Number,780.0,E
New Brunswick,Males,35 to 44 years,All disability types,Moderate,Employed,Number,280.0,E
New Brunswick,Males,35 to 44 years,All disability types,Moderate,Participation rate,Percent,38.5,E
New Brunswick,Males,35 to 44 years,All disability types,Moderate,Age standardized participation rate,Percent,38.9,E
New Brunswick,Males,35 to 44 years,All disability types,Moderate,Employment Rate,Percent,35.9,E
New Brunswick,Males,35 to 44 years,All disability types,Moderate,Age standardized employment rate,Percent,35.6,E
New Brunswick,Males,35 to 44 years,All disability types,Severe,Total labour force,Number,700.0,E
New Brunswick,Males,35 to 44 years,All disability types,Severe,Employed,Number,340.0,E
New Brunswick,Males,35 to 44 years,All disability types,Severe,Participation rate,Percent,55.6,E
New Brunswick,Males,35 to 44 years,All disability types,Severe,Age standardized participation rate,Percent,55.8,E
New Brunswick,Males,35 to 44 years,All disability types,Severe,Employment Rate,Percent,54.0,E
New Brunswick,Males,35 to 44 years,All disability types,Severe,Age standardized employment rate,Percent,53.8,E
New Brunswick,Males,35 to 44 years,All disability types,Very Severe,Total labour force,Number,1170.0,E
New Brunswick,Males,35 to 44 years,All disability types,Very Severe,Not in labour force,Number,540.0,E
New Brunswick,Males,35 to 44 years,All disability types,Very Severe,Participation rate,Percent,50.5,E
New Brunswick,Males,35 to 44 years,All disability types,Very Severe,Age standardized participation rate,Percent,50.2,E
New Brunswick,Males,35 to 44 years,Mobility,Severe,Total labour force,Number,480.0,E
New Brunswick,Males,35 to 44 years,Mobility,Very Severe,Total labour force,Number,770.0,E
New Brunswick,Males,35 to 44 years,Mobility,Very Severe,Not in labour force,Number,450.0,E
New Brunswick,Males,35 to 44 years,Flexibility,Severe,Total labour force,Number,460.0,E
New Brunswick,Males,35 to 44 years,Flexibility,Very Severe,Total labour force,Number,840.0,E
New Brunswick,Males,35 to 44 years,Flexibility,Very Severe,Not in labour force,Number,520.0,E
New Brunswick,Males,35 to 44 years,Pain,Mild,Total labour force,Number,670.0,E
New Brunswick,Males,35 to 44 years,Pain,Mild,Participation rate,Percent,76.1,
New Brunswick,Males,35 to 44 years,Pain,Mild,Age standardized participation rate,Percent,76.9,
New Brunswick,Males,35 to 44 years,Pain,Mild,Employment Rate,Percent,67.2,E
New Brunswick,Males,35 to 44 years,Pain,Mild,Age standardized employment rate,Percent,67.4,E
New Brunswick,Males,35 to 44 years,Pain,Moderate,Employed,Number,210.0,E
New Brunswick,Males,35 to 44 years,Pain,Severe,Total labour force,Number,540.0,E
New Brunswick,Males,35 to 44 years,Pain,Severe,Participation rate,Percent,58.5,E
New Brunswick,Males,35 to 44 years,Pain,Severe,Age standardized participation rate,Percent,58.8,E
New Brunswick,Males,35 to 44 years,Pain,Very Severe,Total labour force,Number,1130.0,E
New Brunswick,Males,35 to 44 years,Pain,Very Severe,Not in labour force,Number,510.0,E
New Brunswick,Males,35 to 44 years,Pain,Very Severe,Participation rate,Percent,52.4,E
New Brunswick,Males,35 to 44 years,Pain,Very Severe,Age standardized participation rate,Percent,52.1,E
New Brunswick,Males,45 to 54 years,All disability types,Mild,Total labour force,Number,2810.0,E
New Brunswick,Males,45 to 54 years,All disability types,Mild,Employed,Number,2280.0,E
New Brunswick,Males,45 to 54 years,All disability types,Mild,Participation rate,Percent,92.5,
New Brunswick,Males,45 to 54 years,All disability types,Mild,Age standardized participation rate,Percent,92.5,
New Brunswick,Males,45 to 54 years,All disability types,Mild,Employment Rate,Percent,81.1,
New Brunswick,Males,45 to 54 years,All disability types,Mild,Age standardized employment rate,Percent,80.9,
New Brunswick,Males,45 to 54 years,All disability types,Moderate,Total labour force,Number,1760.0,E
New Brunswick,Males,45 to 54 years,All disability types,Severe,Total labour force,Number,2470.0,E
New Brunswick,Males,45 to 54 years,All disability types,Severe,Participation rate,Percent,63.6,E
New Brunswick,Males,45 to 54 years,All disability types,Severe,Age standardized participation rate,Percent,63.6,E
New Brunswick,Males,45 to 54 years,All disability types,Very Severe,Total labour force,Number,2510.0,E
New Brunswick,Males,45 to 54 years,All disability types,Very Severe,Not in labour force,Number,1500.0,E
New Brunswick,Males,45 to 54 years,Mobility,Very Severe,Total labour force,Number,2450.0,E
New Brunswick,Males,45 to 54 years,Mobility,Very Severe,Not in labour force,Number,1500.0,E
New Brunswick,Males,45 to 54 years,Flexibility,Very Severe,Total labour force,Number,2400.0,E
New Brunswick,Males,45 to 54 years,Flexibility,Very Severe,Not in labour force,Number,1500.0,E
New Brunswick,Males,45 to 54 years,Pain,Mild,Total labour force,Number,1220.0,E
New Brunswick,Males,45 to 54 years,Pain,Mild,Employed,Number,1060.0,E
New Brunswick,Males,45 to 54 years,Pain,Mild,Participation rate,Percent,100.0,
New Brunswick,Males,45 to 54 years,Pain,Mild,Age standardized participation rate,Percent,100.0,
New Brunswick,Males,45 to 54 years,Pain,Mild,Employment Rate,Percent,86.9,
New Brunswick,Males,45 to 54 years,Pain,Mild,Age standardized employment rate,Percent,86.4,
New Brunswick,Males,45 to 54 years,Pain,Moderate,Total labour force,Number,1210.0,E
New Brunswick,Males,45 to 54 years,Pain,Very Severe,Total labour force,Number,2450.0,E
New Brunswick,Males,45 to 54 years,Pain,Very Severe,Not in labour force,Number,1500.0,E
New Brunswick,Males,45 to 54 years,Mental and/or psychological,Very Severe,Total labour force,Number,910.0,E
New Brunswick,Males,55 to 64 years,All disability types,Mild,Total labour force,Number,2480.0,E
New Brunswick,Males,55 to 64 years,All disability types,Mild,Employed,Number,710.0,E
New Brunswick,Males,55 to 64 years,All disability types,Mild,Participation rate,Percent,42.9,E
New Brunswick,Males,55 to 64 years,All disability types,Mild,Age standardized participation rate,Percent,42.8,E
New Brunswick,Males,55 to 64 years,All disability types,Moderate,Total labour force,Number,2820.0,E
New Brunswick,Males,55 to 64 years,All disability types,Moderate,Not in labour force,Number,1500.0,E
New Brunswick,Males,55 to 64 years,All disability types,Moderate,Participation rate,Percent,45.1,E
New Brunswick,Males,55 to 64 years,All disability types,Moderate,Age standardized participation rate,Percent,45.1,E
New Brunswick,Males,55 to 64 years,All disability types,Moderate,Employment Rate,Percent,35.9,E
New Brunswick,Males,55 to 64 years,All disability types,Moderate,Age standardized employment rate,Percent,36.0,E
New Brunswick,Males,55 to 64 years,All disability types,Severe,Total labour force,Number,2050.0,E
New Brunswick,Males,55 to 64 years,All disability types,Very Severe,Total labour force,Number,3510.0,E
New Brunswick,Males,55 to 64 years,All disability types,Very Severe,Not in labour force,Number,2370.0,E
New Brunswick,Males,55 to 64 years,All disability types,Very Severe,Participation rate,Percent,23.1,E
New Brunswick,Males,55 to 64 years,All disability types,Very Severe,Age standardized participation rate,Percent,22.9,E
New Brunswick,Males,55 to 64 years,Seeing,Very Severe,Total labour force,Number,1180.0,E
New Brunswick,Males,55 to 64 years,Hearing,Very Severe,Total labour force,Number,1410.0,E
New Brunswick,Males,55 to 64 years,Hearing,Very Severe,Not in labour force,Number,1040.0,E
New Brunswick,Males,55 to 64 years,Mobility,Moderate,Total labour force,Number,1590.0,E
New Brunswick,Males,55 to 64 years,Mobility,Very Severe,Total labour force,Number,3470.0,E
New Brunswick,Males,55 to 64 years,Mobility,Very Severe,Not in labour force,Number,2370.0,E
New Brunswick,Males,55 to 64 years,Mobility,Very Severe,Participation rate,Percent,23.1,E
New Brunswick,Males,55 to 64 years,Mobility,Very Severe,Age standardized participation rate,Percent,22.9,E
New Brunswick,Males,55 to 64 years,Flexibility,Moderate,Total labour force,Number,2210.0,E
New Brunswick,Males,55 to 64 years,Flexibility,Severe,Total labour force,Number,1590.0,E
New Brunswick,Males,55 to 64 years,Flexibility,Very Severe,Total labour force,Number,3390.0,E
New Brunswick,Males,55 to 64 years,Flexibility,Very Severe,Not in labour force,Number,2370.0,E
New Brunswick,Males,55 to 64 years,Dexterity,Very Severe,Total labour force,Number,1870.0,E
New Brunswick,Males,55 to 64 years,Dexterity,Very Severe,Not in labour force,Number,1450.0,E
New Brunswick,Males,55 to 64 years,Pain,Mild,Total labour force,Number,590.0,E
New Brunswick,Males,55 to 64 years,Pain,Moderate,Total labour force,Number,2080.0,E
New Brunswick,Males,55 to 64 years,Pain,Moderate,Participation rate,Percent,38.7,E
New Brunswick,Males,55 to 64 years,Pain,Moderate,Age standardized participation rate,Percent,38.8,E
New Brunswick,Males,55 to 64 years,Pain,Severe,Total labour force,Number,1920.0,E
New Brunswick,Males,55 to 64 years,Pain,Very Severe,Total labour force,Number,3510.0,E
New Brunswick,Males,55 to 64 years,Pain,Very Severe,Not in labour force,Number,2370.0,E
New Brunswick,Males,55 to 64 years,Pain,Very Severe,Participation rate,Percent,23.1,E
New Brunswick,Males,55 to 64 years,Pain,Very Severe,Age standardized participation rate,Percent,22.9,E
New Brunswick,Males,55 to 64 years,Learning,Very Severe,Total labour force,Number,1330.0,E
New Brunswick,Males,55 to 64 years,Memory,Very Severe,Total labour force,Number,1180.0,E
New Brunswick,Males,55 to 64 years,Mental and/or psychological,Very Severe,Total labour force,Number,2110.0,E
New Brunswick,Males,55 to 64 years,Mental and/or psychological,Very Severe,Not in labour force,Number,1530.0,E
New Brunswick,Females,15 to 24 years,All disability types,Mild,Total labour force,Number,790.0,E
New Brunswick,Females,15 to 24 years,All disability types,Mild,Employed,Number,270.0,E
New Brunswick,Females,15 to 24 years,All disability types,Mild,Not in labour force,Number,270.0,E
New Brunswick,Females,15 to 24 years,All disability types,Mild,Participation rate,Percent,55.7,
New Brunswick,Females,15 to 24 years,All disability types,Mild,Age standardized participation rate,Percent,55.3,
New Brunswick,Females,15 to 24 years,All disability types,Mild,Employment Rate,Percent,44.3,E
New Brunswick,Females,15 to 24 years,All disability types,Mild,Age standardized employment rate,Percent,44.2,E
New Brunswick,Females,15 to 24 years,All disability types,Moderate,Total labour force,Number,300.0,E
New Brunswick,Females,15 to 24 years,All disability types,Moderate,Participation rate,Percent,50.0,E
New Brunswick,Females,15 to 24 years,All disability types,Moderate,Age standardized participation rate,Percent,48.3,E
New Brunswick,Females,15 to 24 years,All disability types,Severe,Total labour force,Number,290.0,E
New Brunswick,Females,15 to 24 years,All disability types,Severe,Not in labour force,Number,230.0,E
New Brunswick,Females,15 to 24 years,All disability types,Very Severe,Total labour force,Number,200.0,E
New Brunswick,Females,15 to 24 years,All disability types,Very Severe,Not in labour force,Number,100.0,E
New Brunswick,Females,15 to 24 years,Pain,Mild,Total labour force,Number,470.0,E
New Brunswick,Females,15 to 24 years,Pain,Mild,Participation rate,Percent,51.6,E
New Brunswick,Females,15 to 24 years,Pain,Mild,Age standardized participation rate,Percent,51.2,E
New Brunswick,Females,15 to 24 years,Pain,Very Severe,Total labour force,Number,170.0,E
New Brunswick,Females,15 to 24 years,Learning,Severe,Total labour force,Number,160.0,E
New Brunswick,Females,15 to 24 years,Learning,Very Severe,Total labour force,Number,180.0,E
New Brunswick,Females,15 to 24 years,Learning,Very Severe,Not in labour force,Number,100.0,E
New Brunswick,Females,15 to 24 years,Memory,Very Severe,Total labour force,Number,100.0,E
New Brunswick,Females,15 to 24 years,Mental and/or psychological,Mild,Total labour force,Number,110.0,E
New Brunswick,Females,15 to 24 years,Mental and/or psychological,Moderate,Total labour force,Number,90.0,E
New Brunswick,Females,15 to 24 years,Mental and/or psychological,Severe,Total labour force,Number,210.0,E
New Brunswick,Females,15 to 24 years,Mental and/or psychological,Very Severe,Total labour force,Number,110.0,E
New Brunswick,Females,25 to 34 years,All disability types,Mild,Total labour force,Number,1260.0,E
New Brunswick,Females,25 to 34 years,All disability types,Mild,Employed,Number,860.0,E
New Brunswick,Females,25 to 34 years,All disability types,Mild,Participation rate,Percent,76.6,
New Brunswick,Females,25 to 34 years,All disability types,Mild,Age standardized participation rate,Percent,76.9,
New Brunswick,Females,25 to 34 years,All disability types,Mild,Employment Rate,Percent,69.4,
New Brunswick,Females,25 to 34 years,All disability types,Mild,Age standardized employment rate,Percent,69.8,
New Brunswick,Females,25 to 34 years,All disability types,Severe,Total labour force,Number,980.0,E
New Brunswick,Females,25 to 34 years,Flexibility,Severe,Total labour force,Number,660.0,E
New Brunswick,Females,25 to 34 years,Pain,Severe,Total labour force,Number,840.0,E
New Brunswick,Females,35 to 44 years,All disability types,Mild,Total labour force,Number,1530.0,E
New Brunswick,Females,35 to 44 years,All disability types,Mild,Employed,Number,980.0,E
New Brunswick,Females,35 to 44 years,All disability types,Mild,Not in labour force,Number,250.0,E
New Brunswick,Females,35 to 44 years,All disability types,Mild,Participation rate,Percent,84.3,
New Brunswick,Females,35 to 44 years,All disability types,Mild,Age standardized participation rate,Percent,83.9,
New Brunswick,Females,35 to 44 years,All disability types,Mild,Employment Rate,Percent,64.1,E
New Brunswick,Females,35 to 44 years,All disability types,Mild,Age standardized employment rate,Percent,64.0,E
New Brunswick,Females,35 to 44 years,All disability types,Moderate,Total labour force,Number,830.0,E
New Brunswick,Females,35 to 44 years,All disability types,Moderate,Employed,Number,440.0,E
New Brunswick,Females,35 to 44 years,All disability types,Moderate,Participation rate,Percent,61.7,E
New Brunswick,Females,35 to 44 years,All disability types,Moderate,Age standardized participation rate,Percent,61.8,E
New Brunswick,Females,35 to 44 years,All disability types,Moderate,Employment Rate,Percent,54.3,E
New Brunswick,Females,35 to 44 years,All disability types,Moderate,Age standardized employment rate,Percent,54.8,E
New Brunswick,Females,35 to 44 years,All disability types,Severe,Total labour force,Number,1170.0,E
New Brunswick,Females,35 to 44 years,All disability types,Severe,Employed,Number,670.0,E
New Brunswick,Females,35 to 44 years,All disability types,Severe,Participation rate,Percent,70.2,
New Brunswick,Females,35 to 44 years,All disability types,Severe,Age standardized participation rate,Percent,70.0,
New Brunswick,Females,35 to 44 years,All disability types,Severe,Employment Rate,Percent,64.4,
New Brunswick,Females,35 to 44 years,All disability types,Severe,Age standardized employment rate,Percent,64.1,
New Brunswick,Females,35 to 44 years,All disability types,Very Severe,Total labour force,Number,1920.0,E
New Brunswick,Females,35 to 44 years,All disability types,Very Severe,Not in labour force,Number,830.0,E
New Brunswick,Females,35 to 44 years,All disability types,Very Severe,Participation rate,Percent,49.1,E
New Brunswick,Females,35 to 44 years,All disability types,Very Severe,Age standardized participation rate,Percent,49.2,E
New Brunswick,Females,35 to 44 years,All disability types,Very Severe,Employment Rate,Percent,44.2,E
New Brunswick,Females,35 to 44 years,All disability types,Very Severe,Age standardized employment rate,Percent,43.9,E
New Brunswick,Females,35 to 44 years,Mobility,Moderate,Total labour force,Number,200.0,E
New Brunswick,Females,35 to 44 years,Mobility,Severe,Total labour force,Number,540.0,E
New Brunswick,Females,35 to 44 years,Mobility,Severe,Employed,Number,350.0,E
New Brunswick,Females,35 to 44 years,Mobility,Severe,Participation rate,Percent,88.1,
New Brunswick,Females,35 to 44 years,Mobility,Severe,Age standardized participation rate,Percent,87.6,
New Brunswick,Females,35 to 44 years,Mobility,Severe,Employment Rate,Percent,83.3,
New Brunswick,Females,35 to 44 years,Mobility,Severe,Age standardized employment rate,Percent,82.7,
New Brunswick,Females,35 to 44 years,Mobility,Very Severe,Total labour force,Number,1750.0,E
New Brunswick,Females,35 to 44 years,Mobility,Very Severe,Not in labour force,Number,810.0,E
New Brunswick,Females,35 to 44 years,Mobility,Very Severe,Participation rate,Percent,44.5,E
New Brunswick,Females,35 to 44 years,Mobility,Very Severe,Age standardized participation rate,Percent,44.6,E
New Brunswick,Females,35 to 44 years,Mobility,Very Severe,Employment Rate,Percent,38.4,E
New Brunswick,Females,35 to 44 years,Mobility,Very Severe,Age standardized employment rate,Percent,38.6,E
New Brunswick,Females,35 to 44 years,Flexibility,Moderate,Participation rate,Percent,96.8,
New Brunswick,Females,35 to 44 years,Flexibility,Moderate,Age standardized participation rate,Percent,95.2,
New Brunswick,Females,35 to 44 years,Flexibility,Severe,Total labour force,Number,680.0,E
New Brunswick,Females,35 to 44 years,Flexibility,Severe,Employed,Number,400.0,E
New Brunswick,Females,35 to 44 years,Flexibility,Severe,Participation rate,Percent,69.7,E
New Brunswick,Females,35 to 44 years,Flexibility,Severe,Age standardized participation rate,Percent,70.5,E
New Brunswick,Females,35 to 44 years,Flexibility,Severe,Employment Rate,Percent,60.6,E
New Brunswick,Females,35 to 44 years,Flexibility,Severe,Age standardized employment rate,Percent,61.1,E
New Brunswick,Females,35 to 44 years,Flexibility,Very Severe,Total labour force,Number,1840.0,E
New Brunswick,Females,35 to 44 years,Flexibility,Very Severe,Not in labour force,Number,760.0,E
New Brunswick,Females,35 to 44 years,Flexibility,Very Severe,Participation rate,Percent,51.0,E
New Brunswick,Females,35 to 44 years,Flexibility,Very Severe,Age standardized participation rate,Percent,50.8,E
New Brunswick,Females,35 to 44 years,Flexibility,Very Severe,Employment Rate,Percent,46.5,E
New Brunswick,Females,35 to 44 years,Flexibility,Very Severe,Age standardized employment rate,Percent,46.4,E
New Brunswick,Females,35 to 44 years,Pain,Mild,Total labour force,Number,1080.0,E
New Brunswick,Females,35 to 44 years,Pain,Mild,Employed,Number,630.0,E
New Brunswick,Females,35 to 44 years,Pain,Mild,Participation rate,Percent,87.0,
New Brunswick,Females,35 to 44 years,Pain,Mild,Age standardized participation rate,Percent,86.7,
New Brunswick,Females,35 to 44 years,Pain,Mild,Employment Rate,Percent,58.3,E
New Brunswick,Females,35 to 44 years,Pain,Mild,Age standardized employment rate,Percent,58.6,E
New Brunswick,Females,35 to 44 years,Pain,Moderate,Total labour force,Number,490.0,E
New Brunswick,Females,35 to 44 years,Pain,Moderate,Employed,Number,240.0,E
New Brunswick,Females,35 to 44 years,Pain,Moderate,Participation rate,Percent,57.4,E
New Brunswick,Females,35 to 44 years,Pain,Moderate,Age standardized participation rate,Percent,58.5,E
New Brunswick,Females,35 to 44 years,Pain,Moderate,Employment Rate,Percent,51.1,E
New Brunswick,Females,35 to 44 years,Pain,Moderate,Age standardized employment rate,Percent,52.3,E
New Brunswick,Females,35 to 44 years,Pain,Severe,Total labour force,Number,1020.0,E
New Brunswick,Females,35 to 44 years,Pain,Severe,Employed,Number,650.0,E
New Brunswick,Females,35 to 44 years,Pain,Severe,Participation rate,Percent,71.7,
New Brunswick,Females,35 to 44 years,Pain,Severe,Age standardized participation rate,Percent,71.0,
New Brunswick,Females,35 to 44 years,Pain,Severe,Employment Rate,Percent,65.7,
New Brunswick,Females,35 to 44 years,Pain,Severe,Age standardized employment rate,Percent,64.9,
New Brunswick,Females,35 to 44 years,Pain,Very Severe,Total labour force,Number,1750.0,E
New Brunswick,Females,35 to 44 years,Pain,Very Severe,Not in labour force,Number,730.0,E
New Brunswick,Females,35 to 44 years,Pain,Very Severe,Participation rate,Percent,52.3,E
New Brunswick,Females,35 to 44 years,Pain,Very Severe,Age standardized participation rate,Percent,52.6,E
New Brunswick,Females,35 to 44 years,Pain,Very Severe,Employment Rate,Percent,47.1,E
New Brunswick,Females,35 to 44 years,Pain,Very Severe,Age standardized employment rate,Percent,46.9,E
New Brunswick,Females,35 to 44 years,Memory,Very Severe,Not in labour force,Number,280.0,E
New Brunswick,Females,35 to 44 years,Mental and/or psychological,Very Severe,Total labour force,Number,1580.0,E
New Brunswick,Females,35 to 44 years,Mental and/or psychological,Very Severe,Participation rate,Percent,48.9,E
New Brunswick,Females,35 to 44 years,Mental and/or psychological,Very Severe,Age standardized participation rate,Percent,49.0,E
New Brunswick,Females,35 to 44 years,Mental and/or psychological,Very Severe,Employment Rate,Percent,42.3,E
New Brunswick,Females,35 to 44 years,Mental and/or psychological,Very Severe,Age standardized employment rate,Percent,42.6,E
New Brunswick,Females,45 to 54 years,All disability types,Mild,Total labour force,Number,3180.0,E
New Brunswick,Females,45 to 54 years,All disability types,Mild,Employed,Number,2570.0,E
New Brunswick,Females,45 to 54 years,All disability types,Mild,Participation rate,Percent,82.6,
New Brunswick,Females,45 to 54 years,All disability types,Mild,Age standardized participation rate,Percent,82.7,
New Brunswick,Females,45 to 54 years,All disability types,Mild,Employment Rate,Percent,82.6,
New Brunswick,Females,45 to 54 years,All disability types,Mild,Age standardized employment rate,Percent,82.7,
New Brunswick,Females,45 to 54 years,All disability types,Moderate,Total labour force,Number,1660.0,E
New Brunswick,Females,45 to 54 years,All disability types,Severe,Total labour force,Number,3140.0,E
New Brunswick,Females,45 to 54 years,All disability types,Severe,Employed,Number,1650.0,E
New Brunswick,Females,45 to 54 years,All disability types,Severe,Participation rate,Percent,57.0,E
New Brunswick,Females,45 to 54 years,All disability types,Severe,Age standardized participation rate,Percent,56.9,E
New Brunswick,Females,45 to 54 years,All disability types,Severe,Employment Rate,Percent,53.7,E
New Brunswick,Females,45 to 54 years,All disability types,Severe,Age standardized employment rate,Percent,53.8,E
New Brunswick,Females,45 to 54 years,All disability types,Very Severe,Total labour force,Number,3050.0,E
New Brunswick,Females,45 to 54 years,All disability types,Very Severe,Not in labour force,Number,2280.0,E
New Brunswick,Females,45 to 54 years,Seeing,Very Severe,Total labour force,Number,1570.0,E
New Brunswick,Females,45 to 54 years,Mobility,Severe,Total labour force,Number,2310.0,E
New Brunswick,Females,45 to 54 years,Mobility,Very Severe,Total labour force,Number,2310.0,E
New Brunswick,Females,45 to 54 years,Mobility,Very Severe,Not in labour force,Number,1580.0,E
New Brunswick,Females,45 to 54 years,Flexibility,Severe,Total labour force,Number,2600.0,E
New Brunswick,Females,45 to 54 years,Flexibility,Severe,Participation rate,Percent,51.2,E
New Brunswick,Females,45 to 54 years,Flexibility,Severe,Age standardized participation rate,Percent,50.9,E
New Brunswick,Females,45 to 54 years,Flexibility,Severe,Employment Rate,Percent,51.2,E
New Brunswick,Females,45 to 54 years,Flexibility,Severe,Age standardized employment rate,Percent,50.9,E
New Brunswick,Females,45 to 54 years,Flexibility,Very Severe,Total labour force,Number,2840.0,E
New Brunswick,Females,45 to 54 years,Flexibility,Very Severe,Not in labour force,Number,2280.0,E
New Brunswick,Females,45 to 54 years,Dexterity,Very Severe,Total labour force,Number,2190.0,E
New Brunswick,Females,45 to 54 years,Dexterity,Very Severe,Not in labour force,Number,1780.0,E
New Brunswick,Females,45 to 54 years,Pain,Mild,Total labour force,Number,1940.0,E
New Brunswick,Females,45 to 54 years,Pain,Mild,Employed,Number,1740.0,E
New Brunswick,Females,45 to 54 years,Pain,Mild,Participation rate,Percent,93.0,
New Brunswick,Females,45 to 54 years,Pain,Mild,Age standardized participation rate,Percent,93.4,
New Brunswick,Females,45 to 54 years,Pain,Mild,Employment Rate,Percent,93.0,
New Brunswick,Females,45 to 54 years,Pain,Mild,Age standardized employment rate,Percent,93.4,
New Brunswick,Females,45 to 54 years,Pain,Severe,Total labour force,Number,2700.0,E
New Brunswick,Females,45 to 54 years,Pain,Severe,Participation rate,Percent,51.3,E
New Brunswick,Females,45 to 54 years,Pain,Severe,Age standardized participation rate,Percent,51.2,E
New Brunswick,Females,45 to 54 years,Pain,Very Severe,Total labour force,Number,2980.0,E
New Brunswick,Females,45 to 54 years,Pain,Very Severe,Not in labour force,Number,2210.0,E
New Brunswick,Females,45 to 54 years,Learning,Very Severe,Total labour force,Number,1740.0,E
New Brunswick,Females,45 to 54 years,Mental and/or psychological,Very Severe,Total labour force,Number,2280.0,E
New Brunswick,Females,45 to 54 years,Mental and/or psychological,Very Severe,Not in labour force,Number,1990.0,E
New Brunswick,Females,55 to 64 years,All disability types,Mild,Total labour force,Number,2450.0,E
New Brunswick,Females,55 to 64 years,All disability types,Mild,Not in labour force,Number,1610.0,E
New Brunswick,Females,55 to 64 years,All disability types,Mild,Participation rate,Percent,32.6,E
New Brunswick,Females,55 to 64 years,All disability types,Mild,Age standardized participation rate,Percent,32.5,E
New Brunswick,Females,55 to 64 years,All disability types,Moderate,Total labour force,Number,2170.0,E
New Brunswick,Females,55 to 64 years,All disability types,Severe,Total labour force,Number,3200.0,E
New Brunswick,Females,55 to 64 years,All disability types,Severe,Not in labour force,Number,2270.0,E
New Brunswick,Females,55 to 64 years,All disability types,Very Severe,Total labour force,Number,3880.0,
New Brunswick,Females,55 to 64 years,All disability types,Very Severe,Not in labour force,Number,2620.0,E
New Brunswick,Females,55 to 64 years,Seeing,Very Severe,Not in labour force,Number,550.0,E
New Brunswick,Females,55 to 64 years,Mobility,Mild,Total labour force,Number,660.0,E
New Brunswick,Females,55 to 64 years,Mobility,Moderate,Total labour force,Number,1750.0,E
New Brunswick,Females,55 to 64 years,Mobility,Severe,Total labour force,Number,2240.0,E
New Brunswick,Females,55 to 64 years,Mobility,Severe,Not in labour force,Number,1360.0,E
New Brunswick,Females,55 to 64 years,Mobility,Very Severe,Total labour force,Number,3260.0,E
New Brunswick,Females,55 to 64 years,Mobility,Very Severe,Not in labour force,Number,2510.0,E
New Brunswick,Females,55 to 64 years,Flexibility,Moderate,Total labour force,Number,1790.0,E
New Brunswick,Females,55 to 64 years,Flexibility,Severe,Total labour force,Number,2290.0,E
New Brunswick,Females,55 to 64 years,Flexibility,Severe,Not in labour force,Number,1660.0,E
New Brunswick,Females,55 to 64 years,Flexibility,Very Severe,Total labour force,Number,3150.0,E
New Brunswick,Females,55 to 64 years,Flexibility,Very Severe,Not in labour force,Number,2350.0,E
New Brunswick,Females,55 to 64 years,Dexterity,Very Severe,Total labour force,Number,1930.0,E
New Brunswick,Females,55 to 64 years,Dexterity,Very Severe,Not in labour force,Number,1190.0,E
New Brunswick,Females,55 to 64 years,Pain,Mild,Total labour force,Number,1120.0,E
New Brunswick,Females,55 to 64 years,Pain,Moderate,Total labour force,Number,2030.0,E
New Brunswick,Females,55 to 64 years,Pain,Severe,Total labour force,Number,3080.0,E
New Brunswick,Females,55 to 64 years,Pain,Severe,Not in labour force,Number,2140.0,E
New Brunswick,Females,55 to 64 years,Pain,Very Severe,Total labour force,Number,3830.0,
New Brunswick,Females,55 to 64 years,Pain,Very Severe,Not in labour force,Number,2570.0,E
New Brunswick,Females,55 to 64 years,Learning,Very Severe,Not in labour force,Number,590.0,E
New Brunswick,Females,55 to 64 years,Memory,Very Severe,Total labour force,Number,1580.0,E
New Brunswick,Females,55 to 64 years,Memory,Very Severe,Not in labour force,Number,940.0,E
New Brunswick,Females,55 to 64 years,Mental and/or psychological,Severe,Total labour force,Number,1450.0,E
New Brunswick,Females,55 to 64 years,Mental and/or psychological,Severe,Not in labour force,Number,1430.0,E
New Brunswick,Females,55 to 64 years,Mental and/or psychological,Very Severe,Total labour force,Number,2470.0,E
New Brunswick,Females,55 to 64 years,Mental and/or psychological,Very Severe,Not in labour force,Number,1780.0,E
Quebec,Males,15 to 24 years,All disability types,Mild,Total labour force,Number,6130.0,
Quebec,Males,15 to 24 years,All disability types,Mild,Employed,Number,1500.0,E
Quebec,Males,15 to 24 years,All disability types,Mild,Not in labour force,Number,3160.0,
Quebec,Males,15 to 24 years,All disability types,Mild,Participation rate,Percent,47.9,
Quebec,Males,15 to 24 years,All disability types,Mild,Age standardized participation rate,Percent,47.9,
Quebec,Males,15 to 24 years,All disability types,Mild,Employment Rate,Percent,24.7,E
Quebec,Males,15 to 24 years,All disability types,Mild,Age standardized employment rate,Percent,24.7,E
Quebec,Males,15 to 24 years,All disability types,Mild,Unemployment rate,Percent,48.5,E
Quebec,Males,15 to 24 years,All disability types,Mild,Age standardized unemployment rate,Percent,48.6,E
Quebec,Males,15 to 24 years,All disability types,Moderate,Total labour force,Number,2180.0,E
Quebec,Males,15 to 24 years,All disability types,Moderate,Not in labour force,Number,1570.0,E
Quebec,Males,15 to 24 years,All disability types,Severe,Total labour force,Number,2460.0,E
Quebec,Males,15 to 24 years,All disability types,Severe,Not in labour force,Number,1560.0,E
Quebec,Males,15 to 24 years,All disability types,Very Severe,Total labour force,Number,4290.0,E
Quebec,Males,15 to 24 years,All disability types,Very Severe,Not in labour force,Number,3260.0,E
Quebec,Males,15 to 24 years,Mobility,Very Severe,Total labour force,Number,2070.0,E
Quebec,Males,15 to 24 years,Mobility,Very Severe,Not in labour force,Number,1770.0,E
Quebec,Males,15 to 24 years,Flexibility,Very Severe,Total labour force,Number,2230.0,E
Quebec,Males,15 to 24 years,Flexibility,Very Severe,Not in labour force,Number,1920.0,E
Quebec,Males,15 to 24 years,Dexterity,Very Severe,Total labour force,Number,2050.0,E
Quebec,Males,15 to 24 years,Dexterity,Very Severe,Not in labour force,Number,1920.0,E
Quebec,Males,15 to 24 years,Pain,Severe,Total labour force,Number,1020.0,E
Quebec,Males,15 to 24 years,Pain,Very Severe,Total labour force,Number,1410.0,E
Quebec,Males,15 to 24 years,Learning,Mild,Total labour force,Number,2050.0,E
Quebec,Males,15 to 24 years,Learning,Mild,Not in labour force,Number,1180.0,E
Quebec,Males,15 to 24 years,Learning,Mild,Participation rate,Percent,42.0,E
Quebec,Males,15 to 24 years,Learning,Mild,Age standardized participation rate,Percent,42.1,E
Quebec,Males,15 to 24 years,Learning,Moderate,Total labour force,Number,1650.0,E
Quebec,Males,15 to 24 years,Learning,Moderate,Not in labour force,Number,1160.0,E
Quebec,Males,15 to 24 years,Learning,Severe,Total labour force,Number,1860.0,E
Quebec,Males,15 to 24 years,Learning,Severe,Not in labour force,Number,1270.0,E
Quebec,Males,15 to 24 years,Learning,Very Severe,Total labour force,Number,3970.0,E
Quebec,Males,15 to 24 years,Learning,Very Severe,Not in labour force,Number,3120.0,E
Quebec,Males,15 to 24 years,Memory,Very Severe,Total labour force,Number,2420.0,E
Quebec,Males,15 to 24 years,Memory,Very Severe,Not in labour force,Number,1760.0,E
Quebec,Males,15 to 24 years,Developmental,Mild,Total labour force,Number,980.0,E
Quebec,Males,15 to 24 years,Developmental,Mild,Not in labour force,Number,880.0,E
Quebec,Males,15 to 24 years,Developmental,Moderate,Total labour force,Number,920.0,E
Quebec,Males,15 to 24 years,Developmental,Moderate,Not in labour force,Number,820.0,E
Quebec,Males,15 to 24 years,Developmental,Severe,Total labour force,Number,1310.0,E
Quebec,Males,15 to 24 years,Developmental,Severe,Not in labour force,Number,1100.0,E
Quebec,Males,15 to 24 years,Developmental,Very Severe,Total labour force,Number,3300.0,E
Quebec,Males,15 to 24 years,Developmental,Very Severe,Not in labour force,Number,2670.0,E
Quebec,Males,15 to 24 years,Mental and/or psychological,Mild,Total labour force,Number,1280.0,E
Quebec,Males,15 to 24 years,Mental and/or psychological,Mild,Not in labour force,Number,980.0,E
Quebec,Males,15 to 24 years,Mental and/or psychological,Moderate,Total labour force,Number,930.0,E
Quebec,Males,15 to 24 years,Mental and/or psychological,Severe,Total labour force,Number,1300.0,E
Quebec,Males,15 to 24 years,Mental and/or psychological,Severe,Not in labour force,Number,760.0,E
Quebec,Males,15 to 24 years,Mental and/or psychological,Very Severe,Total labour force,Number,3190.0,E
Quebec,Males,15 to 24 years,Mental and/or psychological,Very Severe,Not in labour force,Number,2270.0,E
Quebec,Males,25 to 34 years,All disability types,Mild,Total labour force,Number,8020.0,E
Quebec,Males,25 to 34 years,All disability types,Mild,Employed,Number,5070.0,E
Quebec,Males,25 to 34 years,All disability types,Mild,Participation rate,Percent,74.0,
Quebec,Males,25 to 34 years,All disability types,Mild,Age standardized participation rate,Percent,74.0,
Quebec,Males,25 to 34 years,All disability types,Mild,Employment Rate,Percent,67.5,E
Quebec,Males,25 to 34 years,All disability types,Mild,Age standardized employment rate,Percent,67.5,E
Quebec,Males,25 to 34 years,All disability types,Moderate,Total labour force,Number,4610.0,E
Quebec,Males,25 to 34 years,All disability types,Moderate,Employed,Number,2950.0,E
Quebec,Males,25 to 34 years,All disability types,Moderate,Participation rate,Percent,70.1,
Quebec,Males,25 to 34 years,All disability types,Moderate,Age standardized participation rate,Percent,70.2,
Quebec,Males,25 to 34 years,All disability types,Moderate,Employment Rate,Percent,64.0,E
Quebec,Males,25 to 34 years,All disability types,Moderate,Age standardized employment rate,Percent,64.0,E
Quebec,Males,25 to 34 years,All disability types,Severe,Total labour force,Number,3550.0,E
Quebec,Males,25 to 34 years,All disability types,Very Severe,Total labour force,Number,2580.0,E
Quebec,Males,25 to 34 years,Pain,Mild,Total labour force,Number,5130.0,E
Quebec,Males,25 to 34 years,Pain,Mild,Participation rate,Percent,75.8,E
Quebec,Males,25 to 34 years,Pain,Mild,Age standardized participation rate,Percent,75.8,E
Quebec,Males,25 to 34 years,Pain,Mild,Employment Rate,Percent,66.3,E
Quebec,Males,25 to 34 years,Pain,Mild,Age standardized employment rate,Percent,66.2,E
Quebec,Males,25 to 34 years,Learning,Very Severe,Total labour force,Number,2110.0,E
Quebec,Males,25 to 34 years,Mental and/or psychological,Very Severe,Total labour force,Number,2080.0,E
Quebec,Males,35 to 44 years,All disability types,Mild,Total labour force,Number,10280.0,
Quebec,Males,35 to 44 years,All disability types,Mild,Employed,Number,5440.0,E
Quebec,Males,35 to 44 years,All disability types,Mild,Participation rate,Percent,77.1,
Quebec,Males,35 to 44 years,All disability types,Mild,Age standardized participation rate,Percent,77.1,
Quebec,Males,35 to 44 years,All disability types,Mild,Employment Rate,Percent,53.6,E
Quebec,Males,35 to 44 years,All disability types,Mild,Age standardized employment rate,Percent,53.5,E
Quebec,Males,35 to 44 years,All disability types,Moderate,Total labour force,Number,3630.0,E
Quebec,Males,35 to 44 years,All disability types,Severe,Total labour force,Number,5730.0,E
Quebec,Males,35 to 44 years,All disability types,Very Severe,Total labour force,Number,4330.0,E
Quebec,Males,35 to 44 years,All disability types,Very Severe,Not in labour force,Number,2870.0,E
Quebec,Males,35 to 44 years,Mobility,Severe,Total labour force,Number,3240.0,E
Quebec,Males,35 to 44 years,Mobility,Very Severe,Total labour force,Number,3750.0,E
Quebec,Males,35 to 44 years,Mobility,Very Severe,Not in labour force,Number,2720.0,E
Quebec,Males,35 to 44 years,Flexibility,Severe,Total labour force,Number,4410.0,E
Quebec,Males,35 to 44 years,Flexibility,Very Severe,Total labour force,Number,3760.0,E
Quebec,Males,35 to 44 years,Flexibility,Very Severe,Not in labour force,Number,2570.0,E
Quebec,Males,35 to 44 years,Pain,Mild,Total labour force,Number,5190.0,E
Quebec,Males,35 to 44 years,Pain,Mild,Employed,Number,2910.0,E
Quebec,Males,35 to 44 years,Pain,Mild,Participation rate,Percent,70.7,E
Quebec,Males,35 to 44 years,Pain,Mild,Age standardized participation rate,Percent,70.7,E
Quebec,Males,35 to 44 years,Pain,Mild,Employment Rate,Percent,56.1,E
Quebec,Males,35 to 44 years,Pain,Mild,Age standardized employment rate,Percent,56.1,E
Quebec,Males,35 to 44 years,Pain,Severe,Total labour force,Number,4590.0,E
Quebec,Males,35 to 44 years,Pain,Very Severe,Total labour force,Number,3460.0,E
Quebec,Males,35 to 44 years,Learning,Very Severe,Total labour force,Number,2490.0,E
Quebec,Males,35 to 44 years,Mental and/or psychological,Very Severe,Total labour force,Number,2440.0,E
Quebec,Males,45 to 54 years,All disability types,Mild,Total labour force,Number,16440.0,E
Quebec,Males,45 to 54 years,All disability types,Mild,Employed,Number,12280.0,E
Quebec,Males,45 to 54 years,All disability types,Mild,Participation rate,Percent,78.4,
Quebec,Males,45 to 54 years,All disability types,Mild,Age standardized participation rate,Percent,78.4,
Quebec,Males,45 to 54 years,All disability types,Mild,Employment Rate,Percent,76.6,
Quebec,Males,45 to 54 years,All disability types,Mild,Age standardized employment rate,Percent,76.5,
Quebec,Males,45 to 54 years,All disability types,Moderate,Total labour force,Number,8520.0,E
Quebec,Males,45 to 54 years,All disability types,Moderate,Employed,Number,6580.0,E
Quebec,Males,45 to 54 years,All disability types,Moderate,Participation rate,Percent,85.1,
Quebec,Males,45 to 54 years,All disability types,Moderate,Age standardized participation rate,Percent,85.1,
Quebec,Males,45 to 54 years,All disability types,Moderate,Employment Rate,Percent,81.0,
Quebec,Males,45 to 54 years,All disability types,Moderate,Age standardized employment rate,Percent,81.0,
Quebec,Males,45 to 54 years,All disability types,Severe,Total labour force,Number,9740.0,E
Quebec,Males,45 to 54 years,All disability types,Very Severe,Total labour force,Number,14900.0,E
Quebec,Males,45 to 54 years,All disability types,Very Severe,Not in labour force,Number,10330.0,E
Quebec,Males,45 to 54 years,Mobility,Very Severe,Total labour force,Number,10470.0,E
Quebec,Males,45 to 54 years,Mobility,Very Severe,Not in labour force,Number,7390.0,E
Quebec,Males,45 to 54 years,Flexibility,Very Severe,Total labour force,Number,12690.0,E
Quebec,Males,45 to 54 years,Flexibility,Very Severe,Not in labour force,Number,9840.0,E
Quebec,Males,45 to 54 years,Dexterity,Very Severe,Total labour force,Number,8330.0,E
Quebec,Males,45 to 54 years,Dexterity,Very Severe,Not in labour force,Number,6070.0,E
Quebec,Males,45 to 54 years,Pain,Mild,Total labour force,Number,6670.0,E
Quebec,Males,45 to 54 years,Pain,Moderate,Total labour force,Number,7420.0,E
Quebec,Males,45 to 54 years,Pain,Moderate,Participation rate,Percent,82.8,
Quebec,Males,45 to 54 years,Pain,Moderate,Age standardized participation rate,Percent,82.7,
Quebec,Males,45 to 54 years,Pain,Severe,Total labour force,Number,8580.0,E
Quebec,Males,45 to 54 years,Pain,Very Severe,Total labour force,Number,14340.0,E
Quebec,Males,45 to 54 years,Pain,Very Severe,Not in labour force,Number,9760.0,E
Quebec,Males,45 to 54 years,Learning,Very Severe,Total labour force,Number,5280.0,E
Quebec,Males,45 to 54 years,Learning,Very Severe,Not in labour force,Number,5020.0,E
Quebec,Males,45 to 54 years,Mental and/or psychological,Very Severe,Total labour force,Number,7350.0,E
Quebec,Males,45 to 54 years,Mental and/or psychological,Very Severe,Not in labour force,Number,4540.0,E
Quebec,Males,55 to 64 years,All disability types,Mild,Total labour force,Number,18460.0,
Quebec,Males,55 to 64 years,All disability types,Mild,Employed,Number,7500.0,E
Quebec,Males,55 to 64 years,All disability types,Mild,Not in labour force,Number,8620.0,E
Quebec,Males,55 to 64 years,All disability types,Mild,Participation rate,Percent,49.4,E
Quebec,Males,55 to 64 years,All disability types,Mild,Age standardized participation rate,Percent,49.4,E
Quebec,Males,55 to 64 years,All disability types,Mild,Employment Rate,Percent,44.0,E
Quebec,Males,55 to 64 years,All disability types,Mild,Age standardized employment rate,Percent,44.0,E
Quebec,Males,55 to 64 years,All disability types,Moderate,Total labour force,Number,9570.0,E
Quebec,Males,55 to 64 years,All disability types,Severe,Total labour force,Number,18160.0,E
Quebec,Males,55 to 64 years,All disability types,Severe,Not in labour force,Number,14110.0,E
Quebec,Males,55 to 64 years,All disability types,Very Severe,Total labour force,Number,21110.0,
Quebec,Males,55 to 64 years,All disability types,Very Severe,Not in labour force,Number,14560.0,E
Quebec,Males,55 to 64 years,All disability types,Very Severe,Participation rate,Percent,30.0,E
Quebec,Males,55 to 64 years,All disability types,Very Severe,Age standardized participation rate,Percent,30.0,E
Quebec,Males,55 to 64 years,Seeing,Very Severe,Total labour force,Number,4260.0,E
Quebec,Males,55 to 64 years,Hearing,Very Severe,Total labour force,Number,7740.0,E
Quebec,Males,55 to 64 years,Mobility,Moderate,Total labour force,Number,7330.0,E
Quebec,Males,55 to 64 years,Mobility,Severe,Total labour force,Number,10940.0,E
Quebec,Males,55 to 64 years,Mobility,Severe,Not in labour force,Number,8430.0,E
Quebec,Males,55 to 64 years,Mobility,Very Severe,Total labour force,Number,20280.0,E
Quebec,Males,55 to 64 years,Mobility,Very Severe,Not in labour force,Number,13980.0,E
Quebec,Males,55 to 64 years,Flexibility,Mild,Total labour force,Number,4720.0,E
Quebec,Males,55 to 64 years,Flexibility,Severe,Total labour force,Number,9370.0,E
Quebec,Males,55 to 64 years,Flexibility,Severe,Not in labour force,Number,6340.0,E
Quebec,Males,55 to 64 years,Flexibility,Very Severe,Total labour force,Number,20550.0,E
Quebec,Males,55 to 64 years,Flexibility,Very Severe,Not in labour force,Number,14000.0,E
Quebec,Males,55 to 64 years,Flexibility,Very Severe,Participation rate,Percent,30.9,E
Quebec,Males,55 to 64 years,Flexibility,Very Severe,Age standardized participation rate,Percent,30.9,E
Quebec,Males,55 to 64 years,Dexterity,Very Severe,Total labour force,Number,10880.0,E
Quebec,Males,55 to 64 years,Pain,Mild,Total labour force,Number,9290.0,E
Quebec,Males,55 to 64 years,Pain,Mild,Employed,Number,4140.0,E
Quebec,Males,55 to 64 years,Pain,Mild,Participation rate,Percent,54.5,E
Quebec,Males,55 to 64 years,Pain,Mild,Age standardized participation rate,Percent,54.5,E
Quebec,Males,55 to 64 years,Pain,Mild,Employment Rate,Percent,47.6,E
Quebec,Males,55 to 64 years,Pain,Mild,Age standardized employment rate,Percent,47.6,E
Quebec,Males,55 to 64 years,Pain,Moderate,Total labour force,Number,8460.0,E
Quebec,Males,55 to 64 years,Pain,Severe,Total labour force,Number,13500.0,E
Quebec,Males,55 to 64 years,Pain,Severe,Not in labour force,Number,10490.0,E
Quebec,Males,55 to 64 years,Pain,Very Severe,Total labour force,Number,19930.0,E
Quebec,Males,55 to 64 years,Pain,Very Severe,Not in labour force,Number,13380.0,E
Quebec,Males,55 to 64 years,Pain,Very Severe,Participation rate,Percent,31.8,E
Quebec,Males,55 to 64 years,Pain,Very Severe,Age standardized participation rate,Percent,31.8,E
Quebec,Males,55 to 64 years,Learning,Very Severe,Total labour force,Number,5700.0,E
Quebec,Males,55 to 64 years,Learning,Very Severe,Not in labour force,Number,4190.0,E
Quebec,Males,55 to 64 years,Memory,Very Severe,Total labour force,Number,3780.0,E
Quebec,Males,55 to 64 years,Mental and/or psychological,Very Severe,Total labour force,Number,11810.0,E
Quebec,Females,15 to 24 years,All disability types,Mild,Total labour force,Number,6240.0,
Quebec,Females,15 to 24 years,All disability types,Mild,Employed,Number,2750.0,E
Quebec,Females,15 to 24 years,All disability types,Mild,Not in labour force,Number,2770.0,E
Quebec,Females,15 to 24 years,All disability types,Mild,Participation rate,Percent,53.4,
Quebec,Females,15 to 24 years,All disability types,Mild,Age standardized participation rate,Percent,53.4,
Quebec,Females,15 to 24 years,All disability types,Mild,Employment Rate,Percent,46.3,
Quebec,Females,15 to 24 years,All disability types,Mild,Age standardized employment rate,Percent,46.2,
Quebec,Females,15 to 24 years,All disability types,Moderate,Total labour force,Number,2180.0,E
Quebec,Females,15 to 24 years,All disability types,Moderate,Not in labour force,Number,910.0,E
Quebec,Females,15 to 24 years,All disability types,Moderate,Participation rate,Percent,58.3,E
Quebec,Females,15 to 24 years,All disability types,Moderate,Age standardized participation rate,Percent,58.3,E
Quebec,Females,15 to 24 years,All disability types,Moderate,Employment Rate,Percent,56.0,E
Quebec,Females,15 to 24 years,All disability types,Moderate,Age standardized employment rate,Percent,56.0,E
Quebec,Females,15 to 24 years,All disability types,Severe,Total labour force,Number,3720.0,E
Quebec,Females,15 to 24 years,All disability types,Severe,Not in labour force,Number,1250.0,E
Quebec,Females,15 to 24 years,All disability types,Severe,Participation rate,Percent,65.4,E
Quebec,Females,15 to 24 years,All disability types,Severe,Age standardized participation rate,Percent,65.3,E
Quebec,Females,15 to 24 years,All disability types,Severe,Employment Rate,Percent,58.7,E
Quebec,Females,15 to 24 years,All disability types,Severe,Age standardized employment rate,Percent,58.6,E
Quebec,Females,15 to 24 years,All disability types,Very Severe,Total labour force,Number,2640.0,E
Quebec,Females,15 to 24 years,All disability types,Very Severe,Not in labour force,Number,1840.0,E
Quebec,Females,15 to 24 years,Mobility,Very Severe,Total labour force,Number,1480.0,E
Quebec,Females,15 to 24 years,Mobility,Very Severe,Not in labour force,Number,1000.0,E
Quebec,Females,15 to 24 years,Flexibility,Very Severe,Total labour force,Number,1500.0,E
Quebec,Females,15 to 24 years,Flexibility,Very Severe,Not in labour force,Number,1070.0,E
Quebec,Females,15 to 24 years,Dexterity,Very Severe,Total labour force,Number,1210.0,E
Quebec,Females,15 to 24 years,Dexterity,Very Severe,Not in labour force,Number,950.0,E
Quebec,Females,15 to 24 years,Pain,Mild,Total labour force,Number,2430.0,E
Quebec,Females,15 to 24 years,Pain,Mild,Employed,Number,1270.0,E
Quebec,Females,15 to 24 years,Pain,Mild,Participation rate,Percent,67.1,
Quebec,Females,15 to 24 years,Pain,Mild,Age standardized participation rate,Percent,67.2,
Quebec,Females,15 to 24 years,Pain,Mild,Employment Rate,Percent,55.7,E
Quebec,Females,15 to 24 years,Pain,Mild,Age standardized employment rate,Percent,55.8,E
Quebec,Females,15 to 24 years,Pain,Moderate,Total labour force,Number,1070.0,E
Quebec,Females,15 to 24 years,Pain,Moderate,Participation rate,Percent,74.8,
Quebec,Females,15 to 24 years,Pain,Moderate,Age standardized participation rate,Percent,74.9,
Quebec,Females,15 to 24 years,Pain,Moderate,Employment Rate,Percent,70.1,
Quebec,Females,15 to 24 years,Pain,Moderate,Age standardized employment rate,Percent,70.1,
Quebec,Females,15 to 24 years,Pain,Severe,Total labour force,Number,2520.0,E
Quebec,Females,15 to 24 years,Pain,Severe,Participation rate,Percent,79.3,
Quebec,Females,15 to 24 years,Pain,Severe,Age standardized participation rate,Percent,79.1,
Quebec,Females,15 to 24 years,Pain,Very Severe,Total labour force,Number,1570.0,E
Quebec,Females,15 to 24 years,Pain,Very Severe,Not in labour force,Number,1230.0,E
Quebec,Females,15 to 24 years,Learning,Mild,Total labour force,Number,1200.0,E
Quebec,Females,15 to 24 years,Learning,Mild,Not in labour force,Number,840.0,E
Quebec,Females,15 to 24 years,Learning,Severe,Total labour force,Number,2730.0,E
Quebec,Females,15 to 24 years,Learning,Severe,Not in labour force,Number,750.0,E
Quebec,Females,15 to 24 years,Learning,Very Severe,Total labour force,Number,2020.0,E
Quebec,Females,15 to 24 years,Learning,Very Severe,Not in labour force,Number,1430.0,E
Quebec,Females,15 to 24 years,Memory,Very Severe,Total labour force,Number,840.0,E
Quebec,Females,15 to 24 years,Memory,Very Severe,Not in labour force,Number,670.0,E
Quebec,Females,15 to 24 years,Developmental,Severe,Total labour force,Number,830.0,E
Quebec,Females,15 to 24 years,Developmental,Very Severe,Total labour force,Number,1720.0,E
Quebec,Females,15 to 24 years,Developmental,Very Severe,Not in labour force,Number,1250.0,E
Quebec,Females,15 to 24 years,Mental and/or psychological,Mild,Total labour force,Number,1580.0,E
Quebec,Females,15 to 24 years,Mental and/or psychological,Very Severe,Total labour force,Number,1540.0,E
Quebec,Females,15 to 24 years,Mental and/or psychological,Very Severe,Not in labour force,Number,1110.0,E
Quebec,Females,25 to 34 years,All disability types,Mild,Total labour force,Number,10240.0,
Quebec,Females,25 to 34 years,All disability types,Mild,Employed,Number,5700.0,E
Quebec,Females,25 to 34 years,All disability types,Mild,Not in labour force,Number,3870.0,E
Quebec,Females,25 to 34 years,All disability types,Mild,Participation rate,Percent,60.1,
Quebec,Females,25 to 34 years,All disability types,Mild,Age standardized participation rate,Percent,60.1,
Quebec,Females,25 to 34 years,All disability types,Mild,Employment Rate,Percent,58.8,E
Quebec,Females,25 to 34 years,All disability types,Mild,Age standardized employment rate,Percent,58.7,E
Quebec,Females,25 to 34 years,All disability types,Moderate,Total labour force,Number,3670.0,E
Quebec,Females,25 to 34 years,All disability types,Severe,Total labour force,Number,3340.0,E
Quebec,Females,25 to 34 years,All disability types,Severe,Participation rate,Percent,73.9,E
Quebec,Females,25 to 34 years,All disability types,Severe,Age standardized participation rate,Percent,73.7,E
Quebec,Females,25 to 34 years,All disability types,Very Severe,Total labour force,Number,3560.0,E
Quebec,Females,25 to 34 years,Mobility,Severe,Total labour force,Number,2500.0,E
Quebec,Females,25 to 34 years,Flexibility,Very Severe,Total labour force,Number,2360.0,E
Quebec,Females,25 to 34 years,Pain,Mild,Total labour force,Number,4350.0,E
Quebec,Females,25 to 34 years,Pain,Mild,Employed,Number,3190.0,E
Quebec,Females,25 to 34 years,Pain,Mild,Participation rate,Percent,73.3,
Quebec,Females,25 to 34 years,Pain,Mild,Age standardized participation rate,Percent,73.3,
Quebec,Females,25 to 34 years,Pain,Mild,Employment Rate,Percent,73.3,
Quebec,Females,25 to 34 years,Pain,Mild,Age standardized employment rate,Percent,73.3,
Quebec,Females,25 to 34 years,Pain,Severe,Total labour force,Number,2810.0,E
Quebec,Females,35 to 44 years,All disability types,Mild,Total labour force,Number,8180.0,
Quebec,Females,35 to 44 years,All disability types,Mild,Employed,Number,6560.0,E
Quebec,Females,35 to 44 years,All disability types,Mild,Participation rate,Percent,80.2,
Quebec,Females,35 to 44 years,All disability types,Mild,Age standardized participation rate,Percent,80.1,
Quebec,Females,35 to 44 years,All disability types,Mild,Employment Rate,Percent,80.2,
Quebec,Females,35 to 44 years,All disability types,Mild,Age standardized employment rate,Percent,80.1,
Quebec,Females,35 to 44 years,All disability types,Moderate,Total labour force,Number,4260.0,E
Quebec,Females,35 to 44 years,All disability types,Moderate,Employed,Number,2320.0,E
Quebec,Females,35 to 44 years,All disability types,Moderate,Participation rate,Percent,60.1,E
Quebec,Females,35 to 44 years,All disability types,Moderate,Age standardized participation rate,Percent,60.1,E
Quebec,Females,35 to 44 years,All disability types,Moderate,Employment Rate,Percent,56.4,E
Quebec,Females,35 to 44 years,All disability types,Moderate,Age standardized employment rate,Percent,56.5,E
Quebec,Females,35 to 44 years,All disability types,Severe,Total labour force,Number,7080.0,E
Quebec,Females,35 to 44 years,All disability types,Severe,Employed,Number,3840.0,E
Quebec,Females,35 to 44 years,All disability types,Severe,Not in labour force,Number,2910.0,E
Quebec,Females,35 to 44 years,All disability types,Severe,Participation rate,Percent,58.0,
Quebec,Females,35 to 44 years,All disability types,Severe,Age standardized participation rate,Percent,58.1,
Quebec,Females,35 to 44 years,All disability types,Severe,Employment Rate,Percent,55.4,E
Quebec,Females,35 to 44 years,All disability types,Severe,Age standardized employment rate,Percent,55.3,E
Quebec,Females,35 to 44 years,All disability types,Very Severe,Total labour force,Number,6590.0,E
Quebec,Females,35 to 44 years,All disability types,Very Severe,Not in labour force,Number,3690.0,E
Quebec,Females,35 to 44 years,Mobility,Severe,Total labour force,Number,3660.0,E
Quebec,Females,35 to 44 years,Mobility,Very Severe,Total labour force,Number,5800.0,E
Quebec,Females,35 to 44 years,Mobility,Very Severe,Not in labour force,Number,3180.0,E
Quebec,Females,35 to 44 years,Flexibility,Severe,Total labour force,Number,5060.0,E
Quebec,Females,35 to 44 years,Flexibility,Severe,Employed,Number,2830.0,E
Quebec,Females,35 to 44 years,Flexibility,Severe,Participation rate,Percent,61.5,E
Quebec,Females,35 to 44 years,Flexibility,Severe,Age standardized participation rate,Percent,61.5,E
Quebec,Females,35 to 44 years,Flexibility,Severe,Employment Rate,Percent,57.6,E
Quebec,Females,35 to 44 years,Flexibility,Severe,Age standardized employment rate,Percent,57.7,E
Quebec,Females,35 to 44 years,Flexibility,Very Severe,Total labour force,Number,5780.0,E
Quebec,Females,35 to 44 years,Flexibility,Very Severe,Not in labour force,Number,3170.0,E
Quebec,Females,35 to 44 years,Pain,Mild,Total labour force,Number,4120.0,E
Quebec,Females,35 to 44 years,Pain,Mild,Employed,Number,3780.0,E
Quebec,Females,35 to 44 years,Pain,Mild,Participation rate,Percent,91.7,
Quebec,Females,35 to 44 years,Pain,Mild,Age standardized participation rate,Percent,91.8,
Quebec,Females,35 to 44 years,Pain,Mild,Employment Rate,Percent,91.7,
Quebec,Females,35 to 44 years,Pain,Mild,Age standardized employment rate,Percent,91.8,
Quebec,Females,35 to 44 years,Pain,Moderate,Total labour force,Number,3000.0,E
Quebec,Females,35 to 44 years,Pain,Moderate,Employed,Number,1880.0,E
Quebec,Females,35 to 44 years,Pain,Moderate,Participation rate,Percent,67.3,E
Quebec,Females,35 to 44 years,Pain,Moderate,Age standardized participation rate,Percent,67.5,E
Quebec,Females,35 to 44 years,Pain,Moderate,Employment Rate,Percent,62.7,E
Quebec,Females,35 to 44 years,Pain,Moderate,Age standardized employment rate,Percent,62.6,E
Quebec,Females,35 to 44 years,Pain,Severe,Total labour force,Number,6100.0,E
Quebec,Females,35 to 44 years,Pain,Severe,Employed,Number,3290.0,E
Quebec,Females,35 to 44 years,Pain,Severe,Not in labour force,Number,2470.0,E
Quebec,Females,35 to 44 years,Pain,Severe,Participation rate,Percent,58.3,E
Quebec,Females,35 to 44 years,Pain,Severe,Age standardized participation rate,Percent,58.4,E
Quebec,Females,35 to 44 years,Pain,Severe,Employment Rate,Percent,55.3,E
Quebec,Females,35 to 44 years,Pain,Severe,Age standardized employment rate,Percent,55.2,E
Quebec,Females,35 to 44 years,Pain,Very Severe,Total labour force,Number,5870.0,E
Quebec,Females,35 to 44 years,Pain,Very Severe,Not in labour force,Number,2970.0,E
Quebec,Females,35 to 44 years,Learning,Very Severe,Total labour force,Number,3490.0,E
Quebec,Females,35 to 44 years,Memory,Very Severe,Total labour force,Number,2240.0,E
Quebec,Females,35 to 44 years,Mental and/or psychological,Mild,Total labour force,Number,2260.0,E
Quebec,Females,35 to 44 years,Mental and/or psychological,Severe,Total labour force,Number,2600.0,E
Quebec,Females,35 to 44 years,Mental and/or psychological,Very Severe,Total labour force,Number,4320.0,E
Quebec,Females,45 to 54 years,All disability types,Mild,Total labour force,Number,19230.0,E
Quebec,Females,45 to 54 years,All disability types,Mild,Employed,Number,11180.0,E
Quebec,Females,45 to 54 years,All disability types,Mild,Participation rate,Percent,59.8,E
Quebec,Females,45 to 54 years,All disability types,Mild,Age standardized participation rate,Percent,59.8,E
Quebec,Females,45 to 54 years,All disability types,Mild,Employment Rate,Percent,58.1,E
Quebec,Females,45 to 54 years,All disability types,Mild,Age standardized employment rate,Percent,58.1,E
Quebec,Females,45 to 54 years,All disability types,Moderate,Total labour force,Number,6320.0,E
Quebec,Females,45 to 54 years,All disability types,Severe,Total labour force,Number,13410.0,E
Quebec,Females,45 to 54 years,All disability types,Severe,Not in labour force,Number,6390.0,E
Quebec,Females,45 to 54 years,All disability types,Very Severe,Total labour force,Number,16880.0,E
Quebec,Females,45 to 54 years,All disability types,Very Severe,Not in labour force,Number,13500.0,E
Quebec,Females,45 to 54 years,Mobility,Mild,Total labour force,Number,4150.0,E
Quebec,Females,45 to 54 years,Mobility,Severe,Total labour force,Number,9420.0,E
Quebec,Females,45 to 54 years,Mobility,Very Severe,Total labour force,Number,14690.0,E
Quebec,Females,45 to 54 years,Mobility,Very Severe,Not in labour force,Number,11300.0,E
Quebec,Females,45 to 54 years,Flexibility,Severe,Total labour force,Number,7370.0,E
Quebec,Females,45 to 54 years,Flexibility,Very Severe,Total labour force,Number,15270.0,E
Quebec,Females,45 to 54 years,Flexibility,Very Severe,Not in labour force,Number,12430.0,E
Quebec,Females,45 to 54 years,Pain,Mild,Total labour force,Number,7670.0,E
Quebec,Females,45 to 54 years,Pain,Mild,Employed,Number,6680.0,E
Quebec,Females,45 to 54 years,Pain,Mild,Participation rate,Percent,91.3,
Quebec,Females,45 to 54 years,Pain,Mild,Age standardized participation rate,Percent,91.3,
Quebec,Females,45 to 54 years,Pain,Mild,Employment Rate,Percent,87.1,
Quebec,Females,45 to 54 years,Pain,Mild,Age standardized employment rate,Percent,87.1,
Quebec,Females,45 to 54 years,Pain,Moderate,Total labour force,Number,5560.0,E
Quebec,Females,45 to 54 years,Pain,Severe,Total labour force,Number,12600.0,E
Quebec,Females,45 to 54 years,Pain,Severe,Not in labour force,Number,6070.0,E
Quebec,Females,45 to 54 years,Pain,Very Severe,Total labour force,Number,13770.0,E
Quebec,Females,45 to 54 years,Pain,Very Severe,Not in labour force,Number,10380.0,E
Quebec,Females,45 to 54 years,Learning,Very Severe,Total labour force,Number,9580.0,E
Quebec,Females,45 to 54 years,Learning,Very Severe,Not in labour force,Number,6540.0,E
Quebec,Females,45 to 54 years,Mental and/or psychological,Very Severe,Total labour force,Number,12540.0,E
Quebec,Females,45 to 54 years,Mental and/or psychological,Very Severe,Not in labour force,Number,11150.0,E
Quebec,Females,55 to 64 years,All disability types,Mild,Total labour force,Number,14760.0,
Quebec,Females,55 to 64 years,All disability types,Mild,Employed,Number,7980.0,E
Quebec,Females,55 to 64 years,All disability types,Mild,Not in labour force,Number,6780.0,E
Quebec,Females,55 to 64 years,All disability types,Mild,Participation rate,Percent,54.1,
Quebec,Females,55 to 64 years,All disability types,Mild,Age standardized participation rate,Percent,54.1,
Quebec,Females,55 to 64 years,All disability types,Mild,Employment Rate,Percent,54.1,
Quebec,Females,55 to 64 years,All disability types,Mild,Age standardized employment rate,Percent,54.1,
Quebec,Females,55 to 64 years,All disability types,Moderate,Total labour force,Number,11420.0,E
Quebec,Females,55 to 64 years,All disability types,Moderate,Not in labour force,Number,6930.0,E
Quebec,Females,55 to 64 years,All disability types,Severe,Total labour force,Number,21840.0,
Quebec,Females,55 to 64 years,All disability types,Severe,Employed,Number,6680.0,E
Quebec,Females,55 to 64 years,All disability types,Severe,Not in labour force,Number,12790.0,E
Quebec,Females,55 to 64 years,All disability types,Severe,Participation rate,Percent,34.3,E
Quebec,Females,55 to 64 years,All disability types,Severe,Age standardized participation rate,Percent,34.3,E
Quebec,Females,55 to 64 years,All disability types,Severe,Employment Rate,Percent,34.3,E
Quebec,Females,55 to 64 years,All disability types,Severe,Age standardized employment rate,Percent,34.3,E
Quebec,Females,55 to 64 years,All disability types,Very Severe,Total labour force,Number,20990.0,E
Quebec,Females,55 to 64 years,All disability types,Very Severe,Not in labour force,Number,17390.0,E
Quebec,Females,55 to 64 years,Mobility,Moderate,Total labour force,Number,6610.0,E
Quebec,Females,55 to 64 years,Mobility,Severe,Total labour force,Number,15610.0,E
Quebec,Females,55 to 64 years,Mobility,Severe,Not in labour force,Number,10010.0,E
Quebec,Females,55 to 64 years,Mobility,Very Severe,Total labour force,Number,19470.0,E
Quebec,Females,55 to 64 years,Mobility,Very Severe,Not in labour force,Number,15870.0,E
Quebec,Females,55 to 64 years,Flexibility,Moderate,Total labour force,Number,7050.0,E
Quebec,Females,55 to 64 years,Flexibility,Severe,Total labour force,Number,12040.0,E
Quebec,Females,55 to 64 years,Flexibility,Severe,Not in labour force,Number,6930.0,E
Quebec,Females,55 to 64 years,Flexibility,Very Severe,Total labour force,Number,19840.0,E
Quebec,Females,55 to 64 years,Flexibility,Very Severe,Not in labour force,Number,16960.0,E
Quebec,Females,55 to 64 years,Dexterity,Very Severe,Total labour force,Number,13630.0,E
Quebec,Females,55 to 64 years,Dexterity,Very Severe,Not in labour force,Number,11240.0,E
Quebec,Females,55 to 64 years,Pain,Mild,Total labour force,Number,8440.0,E
Quebec,Females,55 to 64 years,Pain,Moderate,Total labour force,Number,8930.0,E
Quebec,Females,55 to 64 years,Pain,Severe,Total labour force,Number,18210.0,E
Quebec,Females,55 to 64 years,Pain,Severe,Not in labour force,Number,10040.0,E
Quebec,Females,55 to 64 years,Pain,Severe,Participation rate,Percent,36.6,E
Quebec,Females,55 to 64 years,Pain,Severe,Age standardized participation rate,Percent,36.6,E
Quebec,Females,55 to 64 years,Pain,Severe,Employment Rate,Percent,36.6,E
Quebec,Females,55 to 64 years,Pain,Severe,Age standardized employment rate,Percent,36.6,E
Quebec,Females,55 to 64 years,Pain,Very Severe,Total labour force,Number,20240.0,E
Quebec,Females,55 to 64 years,Pain,Very Severe,Not in labour force,Number,16650.0,E
Quebec,Females,55 to 64 years,Learning,Very Severe,Total labour force,Number,5470.0,E
Quebec,Females,55 to 64 years,Learning,Very Severe,Not in labour force,Number,4750.0,E
Quebec,Females,55 to 64 years,Memory,Very Severe,Total labour force,Number,5120.0,E
Quebec,Females,55 to 64 years,Memory,Very Severe,Not in labour force,Number,4390.0,E
Quebec,Females,55 to 64 years,Mental and/or psychological,Severe,Total labour force,Number,7780.0,E
Quebec,Females,55 to 64 years,Mental and/or psychological,Very Severe,Total labour force,Number,11680.0,E
Quebec,Females,55 to 64 years,Mental and/or psychological,Very Severe,Not in labour force,Number,8890.0,E
Ontario,Males,15 to 24 years,All disability types,Mild,Total labour force,Number,19660.0,E
Ontario,Males,15 to 24 years,All disability types,Mild,Employed,Number,5550.0,E
Ontario,Males,15 to 24 years,All disability types,Mild,Not in labour force,Number,12050.0,E
Ontario,Males,15 to 24 years,All disability types,Mild,Participation rate,Percent,37.7,E
Ontario,Males,15 to 24 years,All disability types,Mild,Age standardized participation rate,Percent,37.7,E
Ontario,Males,15 to 24 years,All disability types,Mild,Employment Rate,Percent,28.7,E
Ontario,Males,15 to 24 years,All disability types,Mild,Age standardized employment rate,Percent,28.7,E
Ontario,Males,15 to 24 years,All disability types,Moderate,Total labour force,Number,8880.0,E
Ontario,Males,15 to 24 years,All disability types,Very Severe,Total labour force,Number,7330.0,E
Ontario,Males,15 to 24 years,All disability types,Very Severe,Not in labour force,Number,4950.0,E
Ontario,Males,15 to 24 years,Mobility,Very Severe,Total labour force,Number,3200.0,E
Ontario,Males,15 to 24 years,Flexibility,Very Severe,Total labour force,Number,3500.0,E
Ontario,Males,15 to 24 years,Flexibility,Very Severe,Not in labour force,Number,2900.0,E
Ontario,Males,15 to 24 years,Pain,Mild,Total labour force,Number,4540.0,E
Ontario,Males,15 to 24 years,Pain,Severe,Total labour force,Number,3540.0,E
Ontario,Males,15 to 24 years,Pain,Very Severe,Total labour force,Number,2380.0,E
Ontario,Males,15 to 24 years,Learning,Mild,Total labour force,Number,4350.0,E
Ontario,Males,15 to 24 years,Learning,Very Severe,Total labour force,Number,6020.0,E
Ontario,Males,15 to 24 years,Learning,Very Severe,Not in labour force,Number,3650.0,E
Ontario,Males,15 to 24 years,Memory,Severe,Total labour force,Number,2470.0,E
Ontario,Males,15 to 24 years,Memory,Very Severe,Total labour force,Number,3650.0,E
Ontario,Males,15 to 24 years,Developmental,Mild,Total labour force,Number,3200.0,E
Ontario,Males,15 to 24 years,Developmental,Mild,Not in labour force,Number,1740.0,E
Ontario,Males,15 to 24 years,Developmental,Very Severe,Total labour force,Number,4970.0,E
Ontario,Males,15 to 24 years,Developmental,Very Severe,Not in labour force,Number,2930.0,E
Ontario,Males,15 to 24 years,Mental and/or psychological,Mild,Total labour force,Number,6350.0,E
Ontario,Males,15 to 24 years,Mental and/or psychological,Mild,Participation rate,Percent,52.0,E
Ontario,Males,15 to 24 years,Mental and/or psychological,Mild,Age standardized participation rate,Percent,51.9,E
Ontario,Males,15 to 24 years,Mental and/or psychological,Very Severe,Total labour force,Number,6420.0,E
Ontario,Males,15 to 24 years,Mental and/or psychological,Very Severe,Not in labour force,Number,4050.0,E
Ontario,Males,25 to 34 years,All disability types,Mild,Total labour force,Number,15500.0,E
Ontario,Males,25 to 34 years,All disability types,Mild,Employed,Number,9890.0,E
Ontario,Males,25 to 34 years,All disability types,Mild,Participation rate,Percent,75.7,
Ontario,Males,25 to 34 years,All disability types,Mild,Age standardized participation rate,Percent,75.7,
Ontario,Males,25 to 34 years,All disability types,Mild,Employment Rate,Percent,64.8,E
Ontario,Males,25 to 34 years,All disability types,Mild,Age standardized employment rate,Percent,64.7,E
Ontario,Males,25 to 34 years,All disability types,Moderate,Total labour force,Number,20110.0,E
Ontario,Males,25 to 34 years,All disability types,Very Severe,Total labour force,Number,5560.0,E
Ontario,Males,35 to 44 years,All disability types,Mild,Total labour force,Number,25920.0,E
Ontario,Males,35 to 44 years,All disability types,Mild,Employed,Number,24440.0,E
Ontario,Males,35 to 44 years,All disability types,Mild,Participation rate,Percent,99.3,
Ontario,Males,35 to 44 years,All disability types,Mild,Age standardized participation rate,Percent,99.3,
Ontario,Males,35 to 44 years,All disability types,Mild,Employment Rate,Percent,96.7,
Ontario,Males,35 to 44 years,All disability types,Mild,Age standardized employment rate,Percent,96.7,
Ontario,Males,35 to 44 years,All disability types,Moderate,Total labour force,Number,21190.0,E
Ontario,Males,35 to 44 years,All disability types,Moderate,Participation rate,Percent,53.6,E
Ontario,Males,35 to 44 years,All disability types,Moderate,Age standardized participation rate,Percent,53.6,E
Ontario,Males,35 to 44 years,All disability types,Moderate,Employment Rate,Percent,48.3,E
Ontario,Males,35 to 44 years,All disability types,Moderate,Age standardized employment rate,Percent,48.4,E
Ontario,Males,35 to 44 years,All disability types,Severe,Total labour force,Number,11270.0,E
Ontario,Males,35 to 44 years,All disability types,Severe,Employed,Number,5600.0,E
Ontario,Males,35 to 44 years,All disability types,Severe,Participation rate,Percent,63.8,E
Ontario,Males,35 to 44 years,All disability types,Severe,Age standardized participation rate,Percent,63.8,E
Ontario,Males,35 to 44 years,All disability types,Severe,Employment Rate,Percent,49.7,E
Ontario,Males,35 to 44 years,All disability types,Severe,Age standardized employment rate,Percent,49.7,E
Ontario,Males,35 to 44 years,All disability types,Very Severe,Total labour force,Number,22080.0,E
Ontario,Males,35 to 44 years,All disability types,Very Severe,Employed,Number,6900.0,E
Ontario,Males,35 to 44 years,All disability types,Very Severe,Participation rate,Percent,45.3,E
Ontario,Males,35 to 44 years,All disability types,Very Severe,Age standardized participation rate,Percent,45.3,E
Ontario,Males,35 to 44 years,All disability types,Very Severe,Employment Rate,Percent,36.6,E
Ontario,Males,35 to 44 years,All disability types,Very Severe,Age standardized employment rate,Percent,36.5,E
Ontario,Males,35 to 44 years,Mobility,Severe,Total labour force,Number,7120.0,E
Ontario,Males,35 to 44 years,Mobility,Severe,Participation rate,Percent,79.6,
Ontario,Males,35 to 44 years,Mobility,Severe,Age standardized participation rate,Percent,79.6,
Ontario,Males,35 to 44 years,Mobility,Very Severe,Total labour force,Number,20130.0,E
Ontario,Males,35 to 44 years,Mobility,Very Severe,Participation rate,Percent,40.7,E
Ontario,Males,35 to 44 years,Mobility,Very Severe,Age standardized participation rate,Percent,40.7,E
Ontario,Males,35 to 44 years,Flexibility,Severe,Total labour force,Number,7920.0,E
Ontario,Males,35 to 44 years,Flexibility,Severe,Participation rate,Percent,76.3,
Ontario,Males,35 to 44 years,Flexibility,Severe,Age standardized participation rate,Percent,76.2,
Ontario,Males,35 to 44 years,Flexibility,Severe,Employment Rate,Percent,56.1,E
Ontario,Males,35 to 44 years,Flexibility,Severe,Age standardized employment rate,Percent,56.1,E
Ontario,Males,35 to 44 years,Flexibility,Very Severe,Total labour force,Number,21900.0,E
Ontario,Males,35 to 44 years,Flexibility,Very Severe,Employed,Number,6900.0,E
Ontario,Males,35 to 44 years,Flexibility,Very Severe,Participation rate,Percent,45.7,E
Ontario,Males,35 to 44 years,Flexibility,Very Severe,Age standardized participation rate,Percent,45.7,E
Ontario,Males,35 to 44 years,Flexibility,Very Severe,Employment Rate,Percent,36.9,E
Ontario,Males,35 to 44 years,Flexibility,Very Severe,Age standardized employment rate,Percent,36.9,E
Ontario,Males,35 to 44 years,Dexterity,Very Severe,Total labour force,Number,10690.0,E
Ontario,Males,35 to 44 years,Pain,Mild,Total labour force,Number,12970.0,E
Ontario,Males,35 to 44 years,Pain,Mild,Participation rate,Percent,100.0,
Ontario,Males,35 to 44 years,Pain,Mild,Age standardized participation rate,Percent,100.0,
Ontario,Males,35 to 44 years,Pain,Mild,Employment Rate,Percent,94.6,
Ontario,Males,35 to 44 years,Pain,Mild,Age standardized employment rate,Percent,94.6,
Ontario,Males,35 to 44 years,Pain,Moderate,Participation rate,Percent,83.9,
Ontario,Males,35 to 44 years,Pain,Moderate,Age standardized participation rate,Percent,83.8,
Ontario,Males,35 to 44 years,Pain,Moderate,Employment Rate,Percent,76.1,E
Ontario,Males,35 to 44 years,Pain,Moderate,Age standardized employment rate,Percent,76.0,E
Ontario,Males,35 to 44 years,Pain,Severe,Total labour force,Number,9390.0,E
Ontario,Males,35 to 44 years,Pain,Severe,Employed,Number,4900.0,E
Ontario,Males,35 to 44 years,Pain,Severe,Participation rate,Percent,69.1,
Ontario,Males,35 to 44 years,Pain,Severe,Age standardized participation rate,Percent,69.2,
Ontario,Males,35 to 44 years,Pain,Severe,Employment Rate,Percent,52.2,E
Ontario,Males,35 to 44 years,Pain,Severe,Age standardized employment rate,Percent,52.2,E
Ontario,Males,35 to 44 years,Pain,Very Severe,Total labour force,Number,20710.0,E
Ontario,Males,35 to 44 years,Pain,Very Severe,Participation rate,Percent,42.0,E
Ontario,Males,35 to 44 years,Pain,Very Severe,Age standardized participation rate,Percent,42.0,E
Ontario,Males,35 to 44 years,Learning,Very Severe,Total labour force,Number,6490.0,E
Ontario,Males,35 to 44 years,Memory,Very Severe,Total labour force,Number,7450.0,E
Ontario,Males,35 to 44 years,Mental and/or psychological,Moderate,Total labour force,Number,5360.0,E
Ontario,Males,35 to 44 years,Mental and/or psychological,Moderate,Participation rate,Percent,83.4,
Ontario,Males,35 to 44 years,Mental and/or psychological,Moderate,Age standardized participation rate,Percent,83.5,
Ontario,Males,35 to 44 years,Mental and/or psychological,Very Severe,Total labour force,Number,9170.0,E
Ontario,Males,45 to 54 years,All disability types,Mild,Total labour force,Number,28120.0,E
Ontario,Males,45 to 54 years,All disability types,Mild,Employed,Number,23150.0,E
Ontario,Males,45 to 54 years,All disability types,Mild,Participation rate,Percent,87.1,
Ontario,Males,45 to 54 years,All disability types,Mild,Age standardized participation rate,Percent,87.1,
Ontario,Males,45 to 54 years,All disability types,Mild,Employment Rate,Percent,82.3,
Ontario,Males,45 to 54 years,All disability types,Mild,Age standardized employment rate,Percent,82.3,
Ontario,Males,45 to 54 years,All disability types,Moderate,Total labour force,Number,15450.0,E
Ontario,Males,45 to 54 years,All disability types,Severe,Total labour force,Number,44990.0,E
Ontario,Males,45 to 54 years,All disability types,Severe,Employed,Number,22820.0,E
Ontario,Males,45 to 54 years,All disability types,Severe,Not in labour force,Number,19490.0,E
Ontario,Males,45 to 54 years,All disability types,Severe,Participation rate,Percent,53.9,E
Ontario,Males,45 to 54 years,All disability types,Severe,Age standardized participation rate,Percent,53.9,E
Ontario,Males,45 to 54 years,All disability types,Severe,Employment Rate,Percent,53.9,E
Ontario,Males,45 to 54 years,All disability types,Severe,Age standardized employment rate,Percent,53.9,E
Ontario,Males,45 to 54 years,All disability types,Very Severe,Total labour force,Number,49580.0,E
Ontario,Males,45 to 54 years,All disability types,Very Severe,Not in labour force,Number,30800.0,E
Ontario,Males,45 to 54 years,All disability types,Very Severe,Participation rate,Percent,33.5,E
Ontario,Males,45 to 54 years,All disability types,Very Severe,Age standardized participation rate,Percent,33.5,E
Ontario,Males,45 to 54 years,Seeing,Very Severe,Total labour force,Number,32440.0,E
Ontario,Males,45 to 54 years,Mobility,Severe,Total labour force,Number,29080.0,E
Ontario,Males,45 to 54 years,Mobility,Very Severe,Total labour force,Number,44540.0,E
Ontario,Males,45 to 54 years,Mobility,Very Severe,Not in labour force,Number,29620.0,E
Ontario,Males,45 to 54 years,Flexibility,Severe,Total labour force,Number,32200.0,E
Ontario,Males,45 to 54 years,Flexibility,Severe,Participation rate,Percent,60.9,E
Ontario,Males,45 to 54 years,Flexibility,Severe,Age standardized participation rate,Percent,60.9,E
Ontario,Males,45 to 54 years,Flexibility,Severe,Employment Rate,Percent,60.9,E
Ontario,Males,45 to 54 years,Flexibility,Severe,Age standardized employment rate,Percent,60.9,E
Ontario,Males,45 to 54 years,Flexibility,Very Severe,Total labour force,Number,49580.0,E
Ontario,Males,45 to 54 years,Flexibility,Very Severe,Not in labour force,Number,30800.0,E
Ontario,Males,45 to 54 years,Flexibility,Very Severe,Participation rate,Percent,33.5,E
Ontario,Males,45 to 54 years,Flexibility,Very Severe,Age standardized participation rate,Percent,33.5,E
Ontario,Males,45 to 54 years,Dexterity,Very Severe,Total labour force,Number,34370.0,E
Ontario,Males,45 to 54 years,Pain,Mild,Total labour force,Number,15370.0,E
Ontario,Males,45 to 54 years,Pain,Mild,Participation rate,Percent,81.4,
Ontario,Males,45 to 54 years,Pain,Mild,Age standardized participation rate,Percent,81.4,
Ontario,Males,45 to 54 years,Pain,Severe,Total labour force,Number,35320.0,E
Ontario,Males,45 to 54 years,Pain,Severe,Employed,Number,16300.0,E
Ontario,Males,45 to 54 years,Pain,Severe,Participation rate,Percent,49.9,E
Ontario,Males,45 to 54 years,Pain,Severe,Age standardized participation rate,Percent,49.9,E
Ontario,Males,45 to 54 years,Pain,Severe,Employment Rate,Percent,49.9,E
Ontario,Males,45 to 54 years,Pain,Severe,Age standardized employment rate,Percent,49.9,E
Ontario,Males,45 to 54 years,Pain,Very Severe,Total labour force,Number,48300.0,E
Ontario,Males,45 to 54 years,Pain,Very Severe,Not in labour force,Number,29520.0,E
Ontario,Males,45 to 54 years,Pain,Very Severe,Participation rate,Percent,34.5,E
Ontario,Males,45 to 54 years,Pain,Very Severe,Age standardized participation rate,Percent,34.5,E
Ontario,Males,45 to 54 years,Learning,Very Severe,Total labour force,Number,36140.0,E
Ontario,Males,45 to 54 years,Learning,Very Severe,Not in labour force,Number,27700.0,E
Ontario,Males,45 to 54 years,Memory,Very Severe,Total labour force,Number,15300.0,E
Ontario,Males,45 to 54 years,Mental and/or psychological,Very Severe,Total labour force,Number,40980.0,E
Ontario,Males,55 to 64 years,All disability types,Mild,Total labour force,Number,61300.0,E
Ontario,Males,55 to 64 years,All disability types,Mild,Employed,Number,23280.0,E
Ontario,Males,55 to 64 years,All disability types,Mild,Not in labour force,Number,26050.0,E
Ontario,Males,55 to 64 years,All disability types,Mild,Participation rate,Percent,50.7,E
Ontario,Males,55 to 64 years,All disability types,Mild,Age standardized participation rate,Percent,50.7,E
Ontario,Males,55 to 64 years,All disability types,Mild,Employment Rate,Percent,44.1,E
Ontario,Males,55 to 64 years,All disability types,Mild,Age standardized employment rate,Percent,44.1,E
Ontario,Males,55 to 64 years,All disability types,Moderate,Total labour force,Number,19970.0,E
Ontario,Males,55 to 64 years,All disability types,Severe,Total labour force,Number,35530.0,E
Ontario,Males,55 to 64 years,All disability types,Severe,Participation rate,Percent,45.9,E
Ontario,Males,55 to 64 years,All disability types,Severe,Age standardized participation rate,Percent,45.9,E
Ontario,Males,55 to 64 years,All disability types,Severe,Employment Rate,Percent,39.3,E
Ontario,Males,55 to 64 years,All disability types,Severe,Age standardized employment rate,Percent,39.3,E
Ontario,Males,55 to 64 years,All disability types,Very Severe,Total labour force,Number,54350.0,
Ontario,Males,55 to 64 years,All disability types,Very Severe,Not in labour force,Number,29920.0,E
Ontario,Males,55 to 64 years,Seeing,Very Severe,Total labour force,Number,17030.0,E
Ontario,Males,55 to 64 years,Mobility,Severe,Total labour force,Number,22810.0,E
Ontario,Males,55 to 64 years,Mobility,Very Severe,Total labour force,Number,40450.0,E
Ontario,Males,55 to 64 years,Mobility,Very Severe,Not in labour force,Number,29920.0,E
Ontario,Males,55 to 64 years,Flexibility,Severe,Total labour force,Number,28450.0,E
Ontario,Males,55 to 64 years,Flexibility,Very Severe,Total labour force,Number,52620.0,
Ontario,Males,55 to 64 years,Flexibility,Very Severe,Not in labour force,Number,28190.0,E
Ontario,Males,55 to 64 years,Dexterity,Very Severe,Total labour force,Number,41530.0,E
Ontario,Males,55 to 64 years,Dexterity,Very Severe,Not in labour force,Number,21180.0,E
Ontario,Males,55 to 64 years,Pain,Mild,Total labour force,Number,27570.0,E
Ontario,Males,55 to 64 years,Pain,Severe,Total labour force,Number,30000.0,E
Ontario,Males,55 to 64 years,Pain,Very Severe,Total labour force,Number,53310.0,
Ontario,Males,55 to 64 years,Pain,Very Severe,Not in labour force,Number,28880.0,E
Ontario,Males,55 to 64 years,Learning,Very Severe,Total labour force,Number,11080.0,E
Ontario,Males,55 to 64 years,Memory,Very Severe,Total labour force,Number,20390.0,E
Ontario,Males,55 to 64 years,Mental and/or psychological,Very Severe,Total labour force,Number,33640.0,E
Ontario,Males,55 to 64 years,Mental and/or psychological,Very Severe,Not in labour force,Number,14860.0,E
Ontario,Females,15 to 24 years,All disability types,Mild,Total labour force,Number,12450.0,
Ontario,Females,15 to 24 years,All disability types,Mild,Employed,Number,4640.0,E
Ontario,Females,15 to 24 years,All disability types,Mild,Not in labour force,Number,5330.0,E
Ontario,Females,15 to 24 years,All disability types,Mild,Participation rate,Percent,56.0,
Ontario,Females,15 to 24 years,All disability types,Mild,Age standardized participation rate,Percent,56.0,
Ontario,Females,15 to 24 years,All disability types,Mild,Employment Rate,Percent,38.3,E
Ontario,Females,15 to 24 years,All disability types,Mild,Age standardized employment rate,Percent,38.3,E
Ontario,Females,15 to 24 years,All disability types,Mild,Unemployment rate,Percent,31.7,E
Ontario,Females,15 to 24 years,All disability types,Mild,Age standardized unemployment rate,Percent,31.7,E
Ontario,Females,15 to 24 years,All disability types,Moderate,Total labour force,Number,9610.0,E
Ontario,Females,15 to 24 years,All disability types,Moderate,Not in labour force,Number,3630.0,E
Ontario,Females,15 to 24 years,All disability types,Moderate,Participation rate,Percent,61.8,E
Ontario,Females,15 to 24 years,All disability types,Moderate,Age standardized participation rate,Percent,61.8,E
Ontario,Females,15 to 24 years,All disability types,Moderate,Employment Rate,Percent,31.2,E
Ontario,Females,15 to 24 years,All disability types,Severe,Total labour force,Number,10040.0,E
Ontario,Females,15 to 24 years,All disability types,Severe,Not in labour force,Number,3600.0,E
Ontario,Females,15 to 24 years,All disability types,Severe,Participation rate,Percent,50.3,E
Ontario,Females,15 to 24 years,All disability types,Severe,Age standardized participation rate,Percent,50.4,E
Ontario,Females,15 to 24 years,All disability types,Very Severe,Total labour force,Number,7850.0,E
Ontario,Females,15 to 24 years,All disability types,Very Severe,Not in labour force,Number,4790.0,E
Ontario,Females,15 to 24 years,Mobility,Very Severe,Total labour force,Number,6010.0,E
Ontario,Females,15 to 24 years,Mobility,Very Severe,Not in labour force,Number,3250.0,E
Ontario,Females,15 to 24 years,Pain,Mild,Total labour force,Number,3700.0,E
Ontario,Females,15 to 24 years,Pain,Mild,Employed,Number,2230.0,E
Ontario,Females,15 to 24 years,Pain,Mild,Participation rate,Percent,77.3,
Ontario,Females,15 to 24 years,Pain,Mild,Age standardized participation rate,Percent,77.2,
Ontario,Females,15 to 24 years,Pain,Mild,Employment Rate,Percent,60.3,E
Ontario,Females,15 to 24 years,Pain,Mild,Age standardized employment rate,Percent,60.3,E
Ontario,Females,15 to 24 years,Pain,Moderate,Total labour force,Number,6300.0,E
Ontario,Females,15 to 24 years,Pain,Moderate,Not in labour force,Number,1880.0,E
Ontario,Females,15 to 24 years,Pain,Moderate,Participation rate,Percent,69.7,
Ontario,Females,15 to 24 years,Pain,Moderate,Age standardized participation rate,Percent,69.7,
Ontario,Females,15 to 24 years,Pain,Severe,Total labour force,Number,7360.0,E
Ontario,Females,15 to 24 years,Pain,Severe,Participation rate,Percent,43.3,E
Ontario,Females,15 to 24 years,Pain,Severe,Age standardized participation rate,Percent,43.4,E
Ontario,Females,15 to 24 years,Pain,Very Severe,Total labour force,Number,6630.0,E
Ontario,Females,15 to 24 years,Learning,Mild,Total labour force,Number,2010.0,E
Ontario,Females,15 to 24 years,Learning,Severe,Total labour force,Number,3640.0,E
Ontario,Females,15 to 24 years,Learning,Severe,Not in labour force,Number,1830.0,E
Ontario,Females,15 to 24 years,Learning,Very Severe,Total labour force,Number,6930.0,E
Ontario,Females,15 to 24 years,Learning,Very Severe,Not in labour force,Number,4160.0,E
Ontario,Females,15 to 24 years,Developmental,Very Severe,Total labour force,Number,3060.0,E
Ontario,Females,15 to 24 years,Mental and/or psychological,Mild,Total labour force,Number,3760.0,E
Ontario,Females,15 to 24 years,Mental and/or psychological,Mild,Participation rate,Percent,63.2,E
Ontario,Females,15 to 24 years,Mental and/or psychological,Mild,Age standardized participation rate,Percent,63.0,E
Ontario,Females,15 to 24 years,Mental and/or psychological,Moderate,Total labour force,Number,6600.0,E
Ontario,Females,15 to 24 years,Mental and/or psychological,Moderate,Participation rate,Percent,64.9,E
Ontario,Females,15 to 24 years,Mental and/or psychological,Moderate,Age standardized participation rate,Percent,65.0,E
Ontario,Females,15 to 24 years,Mental and/or psychological,Severe,Total labour force,Number,4570.0,E
Ontario,Females,15 to 24 years,Mental and/or psychological,Very Severe,Total labour force,Number,6480.0,E
Ontario,Females,15 to 24 years,Mental and/or psychological,Very Severe,Not in labour force,Number,3870.0,E
Ontario,Females,25 to 34 years,All disability types,Mild,Total labour force,Number,25690.0,E
Ontario,Females,25 to 34 years,All disability types,Mild,Employed,Number,17590.0,E
Ontario,Females,25 to 34 years,All disability types,Mild,Participation rate,Percent,84.6,
Ontario,Females,25 to 34 years,All disability types,Mild,Age standardized participation rate,Percent,84.6,
Ontario,Females,25 to 34 years,All disability types,Mild,Employment Rate,Percent,69.3,
Ontario,Females,25 to 34 years,All disability types,Mild,Age standardized employment rate,Percent,69.3,
Ontario,Females,25 to 34 years,All disability types,Moderate,Total labour force,Number,6880.0,E
Ontario,Females,25 to 34 years,All disability types,Moderate,Participation rate,Percent,63.6,E
Ontario,Females,25 to 34 years,All disability types,Moderate,Age standardized participation rate,Percent,63.7,E
Ontario,Females,25 to 34 years,All disability types,Severe,Total labour force,Number,11670.0,E
Ontario,Females,25 to 34 years,All disability types,Very Severe,Total labour force,Number,8540.0,E
Ontario,Females,25 to 34 years,Mobility,Severe,Total labour force,Number,7520.0,E
Ontario,Females,25 to 34 years,Mobility,Very Severe,Total labour force,Number,6790.0,E
Ontario,Females,25 to 34 years,Flexibility,Severe,Total labour force,Number,7970.0,E
Ontario,Females,25 to 34 years,Flexibility,Very Severe,Total labour force,Number,3870.0,E
Ontario,Females,25 to 34 years,Pain,Mild,Total labour force,Number,19030.0,E
Ontario,Females,25 to 34 years,Pain,Mild,Employed,Number,13100.0,E
Ontario,Females,25 to 34 years,Pain,Mild,Participation rate,Percent,89.2,
Ontario,Females,25 to 34 years,Pain,Mild,Age standardized participation rate,Percent,89.2,
Ontario,Females,25 to 34 years,Pain,Mild,Employment Rate,Percent,68.8,E
Ontario,Females,25 to 34 years,Pain,Mild,Age standardized employment rate,Percent,68.8,E
Ontario,Females,25 to 34 years,Pain,Moderate,Total labour force,Number,5520.0,E
Ontario,Females,25 to 34 years,Pain,Severe,Total labour force,Number,9160.0,E
Ontario,Females,25 to 34 years,Pain,Very Severe,Total labour force,Number,8540.0,E
Ontario,Females,35 to 44 years,All disability types,Mild,Total labour force,Number,20410.0,E
Ontario,Females,35 to 44 years,All disability types,Mild,Employed,Number,14710.0,E
Ontario,Females,35 to 44 years,All disability types,Mild,Participation rate,Percent,90.8,
Ontario,Females,35 to 44 years,All disability types,Mild,Age standardized participation rate,Percent,90.8,
Ontario,Females,35 to 44 years,All disability types,Mild,Employment Rate,Percent,88.9,
Ontario,Females,35 to 44 years,All disability types,Mild,Age standardized employment rate,Percent,89.0,
Ontario,Females,35 to 44 years,All disability types,Moderate,Total labour force,Number,16880.0,E
Ontario,Females,35 to 44 years,All disability types,Moderate,Participation rate,Percent,74.8,E
Ontario,Females,35 to 44 years,All disability types,Moderate,Age standardized participation rate,Percent,74.8,E
Ontario,Females,35 to 44 years,All disability types,Moderate,Employment Rate,Percent,62.0,E
Ontario,Females,35 to 44 years,All disability types,Moderate,Age standardized employment rate,Percent,62.0,E
Ontario,Females,35 to 44 years,All disability types,Severe,Total labour force,Number,27890.0,E
Ontario,Females,35 to 44 years,All disability types,Severe,Employed,Number,7950.0,E
Ontario,Females,35 to 44 years,All disability types,Severe,Participation rate,Percent,70.2,E
Ontario,Females,35 to 44 years,All disability types,Severe,Age standardized participation rate,Percent,70.2,E
Ontario,Females,35 to 44 years,All disability types,Very Severe,Total labour force,Number,28600.0,E
Ontario,Females,35 to 44 years,All disability types,Very Severe,Participation rate,Percent,52.2,E
Ontario,Females,35 to 44 years,All disability types,Very Severe,Age standardized participation rate,Percent,52.2,E
Ontario,Females,35 to 44 years,Mobility,Severe,Total labour force,Number,13180.0,E
Ontario,Females,35 to 44 years,Mobility,Severe,Participation rate,Percent,57.7,E
Ontario,Females,35 to 44 years,Mobility,Severe,Age standardized participation rate,Percent,57.6,E
Ontario,Females,35 to 44 years,Mobility,Severe,Employment Rate,Percent,53.7,E
Ontario,Females,35 to 44 years,Mobility,Severe,Age standardized employment rate,Percent,53.7,E
Ontario,Females,35 to 44 years,Mobility,Very Severe,Total labour force,Number,28140.0,E
Ontario,Females,35 to 44 years,Mobility,Very Severe,Participation rate,Percent,52.2,E
Ontario,Females,35 to 44 years,Mobility,Very Severe,Age standardized participation rate,Percent,52.2,E
Ontario,Females,35 to 44 years,Flexibility,Moderate,Participation rate,Percent,85.1,
Ontario,Females,35 to 44 years,Flexibility,Moderate,Age standardized participation rate,Percent,85.2,
Ontario,Females,35 to 44 years,Flexibility,Moderate,Employment Rate,Percent,85.1,
Ontario,Females,35 to 44 years,Flexibility,Moderate,Age standardized employment rate,Percent,85.2,
Ontario,Females,35 to 44 years,Flexibility,Severe,Total labour force,Number,22600.0,E
Ontario,Females,35 to 44 years,Flexibility,Severe,Participation rate,Percent,70.9,E
Ontario,Females,35 to 44 years,Flexibility,Severe,Age standardized participation rate,Percent,70.9,E
Ontario,Females,35 to 44 years,Flexibility,Very Severe,Total labour force,Number,26970.0,E
Ontario,Females,35 to 44 years,Flexibility,Very Severe,Participation rate,Percent,50.6,E
Ontario,Females,35 to 44 years,Flexibility,Very Severe,Age standardized participation rate,Percent,50.6,E
Ontario,Females,35 to 44 years,Dexterity,Very Severe,Total labour force,Number,20980.0,E
Ontario,Females,35 to 44 years,Pain,Mild,Total labour force,Number,10290.0,E
Ontario,Females,35 to 44 years,Pain,Mild,Employed,Number,8620.0,E
Ontario,Females,35 to 44 years,Pain,Mild,Participation rate,Percent,92.0,
Ontario,Females,35 to 44 years,Pain,Mild,Age standardized participation rate,Percent,91.9,
Ontario,Females,35 to 44 years,Pain,Mild,Employment Rate,Percent,92.0,
Ontario,Females,35 to 44 years,Pain,Mild,Age standardized employment rate,Percent,91.9,
Ontario,Females,35 to 44 years,Pain,Moderate,Total labour force,Number,14040.0,E
Ontario,Females,35 to 44 years,Pain,Moderate,Participation rate,Percent,69.2,E
Ontario,Females,35 to 44 years,Pain,Moderate,Age standardized participation rate,Percent,69.2,E
Ontario,Females,35 to 44 years,Pain,Moderate,Employment Rate,Percent,64.0,E
Ontario,Females,35 to 44 years,Pain,Moderate,Age standardized employment rate,Percent,64.0,E
Ontario,Females,35 to 44 years,Pain,Severe,Total labour force,Number,25610.0,E
Ontario,Females,35 to 44 years,Pain,Severe,Participation rate,Percent,72.3,E
Ontario,Females,35 to 44 years,Pain,Severe,Age standardized participation rate,Percent,72.3,E
Ontario,Females,35 to 44 years,Pain,Very Severe,Total labour force,Number,27660.0,E
Ontario,Females,35 to 44 years,Pain,Very Severe,Participation rate,Percent,52.1,E
Ontario,Females,35 to 44 years,Pain,Very Severe,Age standardized participation rate,Percent,52.1,E
Ontario,Females,35 to 44 years,Mental and/or psychological,Moderate,Participation rate,Percent,84.8,
Ontario,Females,35 to 44 years,Mental and/or psychological,Moderate,Age standardized participation rate,Percent,84.7,
Ontario,Females,35 to 44 years,Mental and/or psychological,Moderate,Employment Rate,Percent,68.6,E
Ontario,Females,35 to 44 years,Mental and/or psychological,Moderate,Age standardized employment rate,Percent,68.6,E
Ontario,Females,35 to 44 years,Mental and/or psychological,Severe,Total labour force,Number,19140.0,E
Ontario,Females,35 to 44 years,Mental and/or psychological,Very Severe,Total labour force,Number,23530.0,E
Ontario,Females,35 to 44 years,Mental and/or psychological,Very Severe,Participation rate,Percent,62.9,E
Ontario,Females,35 to 44 years,Mental and/or psychological,Very Severe,Age standardized participation rate,Percent,62.9,E
Ontario,Females,45 to 54 years,All disability types,Mild,Total labour force,Number,44320.0,E
Ontario,Females,45 to 54 years,All disability types,Mild,Employed,Number,36520.0,E
Ontario,Females,45 to 54 years,All disability types,Mild,Participation rate,Percent,91.8,
Ontario,Females,45 to 54 years,All disability types,Mild,Age standardized participation rate,Percent,91.8,
Ontario,Females,45 to 54 years,All disability types,Mild,Employment Rate,Percent,86.3,
Ontario,Females,45 to 54 years,All disability types,Mild,Age standardized employment rate,Percent,86.3,
Ontario,Females,45 to 54 years,All disability types,Moderate,Total labour force,Number,21280.0,E
Ontario,Females,45 to 54 years,All disability types,Moderate,Participation rate,Percent,60.2,E
Ontario,Females,45 to 54 years,All disability types,Moderate,Age standardized participation rate,Percent,60.2,E
Ontario,Females,45 to 54 years,All disability types,Moderate,Employment Rate,Percent,55.6,E
Ontario,Females,45 to 54 years,All disability types,Moderate,Age standardized employment rate,Percent,55.6,E
Ontario,Females,45 to 54 years,All disability types,Severe,Total labour force,Number,38760.0,E
Ontario,Females,45 to 54 years,All disability types,Severe,Employed,Number,12590.0,E
Ontario,Females,45 to 54 years,All disability types,Severe,Not in labour force,Number,21220.0,E
Ontario,Females,45 to 54 years,All disability types,Severe,Participation rate,Percent,42.1,E
Ontario,Females,45 to 54 years,All disability types,Severe,Age standardized participation rate,Percent,42.1,E
Ontario,Females,45 to 54 years,All disability types,Severe,Employment Rate,Percent,34.3,E
Ontario,Females,45 to 54 years,All disability types,Severe,Age standardized employment rate,Percent,34.3,E
Ontario,Females,45 to 54 years,All disability types,Very Severe,Total labour force,Number,53000.0,
Ontario,Females,45 to 54 years,All disability types,Very Severe,Employed,Number,17300.0,E
Ontario,Females,45 to 54 years,All disability types,Very Severe,Not in labour force,Number,29500.0,E
Ontario,Females,45 to 54 years,All disability types,Very Severe,Participation rate,Percent,39.1,E
Ontario,Females,45 to 54 years,All disability types,Very Severe,Age standardized participation rate,Percent,39.1,E
Ontario,Females,45 to 54 years,All disability types,Very Severe,Employment Rate,Percent,35.7,E
Ontario,Females,45 to 54 years,All disability types,Very Severe,Age standardized employment rate,Percent,35.7,E
Ontario,Females,45 to 54 years,Seeing,Very Severe,Total labour force,Number,25500.0,E
Ontario,Females,45 to 54 years,Hearing,Very Severe,Total labour force,Number,19860.0,E
Ontario,Females,45 to 54 years,Mobility,Severe,Total labour force,Number,20760.0,E
Ontario,Females,45 to 54 years,Mobility,Severe,Participation rate,Percent,57.8,E
Ontario,Females,45 to 54 years,Mobility,Severe,Age standardized participation rate,Percent,57.8,E
Ontario,Females,45 to 54 years,Mobility,Very Severe,Total labour force,Number,45970.0,
Ontario,Females,45 to 54 years,Mobility,Very Severe,Employed,Number,12100.0,E
Ontario,Females,45 to 54 years,Mobility,Very Severe,Not in labour force,Number,27660.0,E
Ontario,Females,45 to 54 years,Mobility,Very Severe,Participation rate,Percent,33.2,E
Ontario,Females,45 to 54 years,Mobility,Very Severe,Age standardized participation rate,Percent,33.2,E
Ontario,Females,45 to 54 years,Mobility,Very Severe,Employment Rate,Percent,29.2,E
Ontario,Females,45 to 54 years,Mobility,Very Severe,Age standardized employment rate,Percent,29.2,E
Ontario,Females,45 to 54 years,Flexibility,Moderate,Total labour force,Number,13470.0,E
Ontario,Females,45 to 54 years,Flexibility,Severe,Total labour force,Number,32670.0,E
Ontario,Females,45 to 54 years,Flexibility,Severe,Not in labour force,Number,18830.0,E
Ontario,Females,45 to 54 years,Flexibility,Severe,Participation rate,Percent,38.4,E
Ontario,Females,45 to 54 years,Flexibility,Severe,Age standardized participation rate,Percent,38.4,E
Ontario,Females,45 to 54 years,Flexibility,Very Severe,Total labour force,Number,53000.0,
Ontario,Females,45 to 54 years,Flexibility,Very Severe,Employed,Number,17300.0,E
Ontario,Females,45 to 54 years,Flexibility,Very Severe,Not in labour force,Number,29500.0,E
Ontario,Females,45 to 54 years,Flexibility,Very Severe,Participation rate,Percent,39.1,E
Ontario,Females,45 to 54 years,Flexibility,Very Severe,Age standardized participation rate,Percent,39.1,E
Ontario,Females,45 to 54 years,Flexibility,Very Severe,Employment Rate,Percent,35.7,E
Ontario,Females,45 to 54 years,Flexibility,Very Severe,Age standardized employment rate,Percent,35.7,E
Ontario,Females,45 to 54 years,Dexterity,Very Severe,Total labour force,Number,27310.0,E
Ontario,Females,45 to 54 years,Dexterity,Very Severe,Not in labour force,Number,14070.0,E
Ontario,Females,45 to 54 years,Pain,Mild,Total labour force,Number,24930.0,E
Ontario,Females,45 to 54 years,Pain,Mild,Employed,Number,20680.0,E
Ontario,Females,45 to 54 years,Pain,Mild,Participation rate,Percent,88.8,
Ontario,Females,45 to 54 years,Pain,Mild,Age standardized participation rate,Percent,88.8,
Ontario,Females,45 to 54 years,Pain,Mild,Employment Rate,Percent,86.1,
Ontario,Females,45 to 54 years,Pain,Mild,Age standardized employment rate,Percent,86.1,
Ontario,Females,45 to 54 years,Pain,Moderate,Total labour force,Number,15790.0,E
Ontario,Females,45 to 54 years,Pain,Severe,Total labour force,Number,36310.0,E
Ontario,Females,45 to 54 years,Pain,Severe,Employed,Number,12590.0,E
Ontario,Females,45 to 54 years,Pain,Severe,Not in labour force,Number,19350.0,E
Ontario,Females,45 to 54 years,Pain,Severe,Participation rate,Percent,44.4,E
Ontario,Females,45 to 54 years,Pain,Severe,Age standardized participation rate,Percent,44.4,E
Ontario,Females,45 to 54 years,Pain,Severe,Employment Rate,Percent,36.2,E
Ontario,Females,45 to 54 years,Pain,Severe,Age standardized employment rate,Percent,36.2,E
Ontario,Females,45 to 54 years,Pain,Very Severe,Total labour force,Number,53000.0,
Ontario,Females,45 to 54 years,Pain,Very Severe,Employed,Number,17300.0,E
Ontario,Females,45 to 54 years,Pain,Very Severe,Not in labour force,Number,29500.0,E
Ontario,Females,45 to 54 years,Pain,Very Severe,Participation rate,Percent,39.1,E
Ontario,Females,45 to 54 years,Pain,Very Severe,Age standardized participation rate,Percent,39.1,E
Ontario,Females,45 to 54 years,Pain,Very Severe,Employment Rate,Percent,35.7,E
Ontario,Females,45 to 54 years,Pain,Very Severe,Age standardized employment rate,Percent,35.7,E
Ontario,Females,45 to 54 years,Learning,Very Severe,Total labour force,Number,29560.0,E
Ontario,Females,45 to 54 years,Learning,Very Severe,Not in labour force,Number,17220.0,E
Ontario,Females,45 to 54 years,Memory,Very Severe,Total labour force,Number,30900.0,E
Ontario,Females,45 to 54 years,Memory,Very Severe,Not in labour force,Number,17920.0,E
Ontario,Females,45 to 54 years,Mental and/or psychological,Very Severe,Total labour force,Number,37110.0,E
Ontario,Females,45 to 54 years,Mental and/or psychological,Very Severe,Not in labour force,Number,19210.0,E
Ontario,Females,55 to 64 years,All disability types,Mild,Total labour force,Number,55730.0,E
Ontario,Females,55 to 64 years,All disability types,Mild,Not in labour force,Number,20680.0,E
Ontario,Females,55 to 64 years,All disability types,Mild,Participation rate,Percent,60.2,E
Ontario,Females,55 to 64 years,All disability types,Mild,Age standardized participation rate,Percent,60.2,E
Ontario,Females,55 to 64 years,All disability types,Mild,Employment Rate,Percent,55.0,E
Ontario,Females,55 to 64 years,All disability types,Mild,Age standardized employment rate,Percent,55.0,E
Ontario,Females,55 to 64 years,All disability types,Moderate,Total labour force,Number,54810.0,E
Ontario,Females,55 to 64 years,All disability types,Moderate,Employed,Number,19600.0,E
Ontario,Females,55 to 64 years,All disability types,Moderate,Not in labour force,Number,30940.0,E
Ontario,Females,55 to 64 years,All disability types,Moderate,Participation rate,Percent,38.8,E
Ontario,Females,55 to 64 years,All disability types,Moderate,Age standardized participation rate,Percent,38.8,E
Ontario,Females,55 to 64 years,All disability types,Moderate,Employment Rate,Percent,38.8,E
Ontario,Females,55 to 64 years,All disability types,Moderate,Age standardized employment rate,Percent,38.8,E
Ontario,Females,55 to 64 years,All disability types,Severe,Total labour force,Number,39610.0,E
Ontario,Females,55 to 64 years,All disability types,Severe,Employed,Number,9110.0,E
Ontario,Females,55 to 64 years,All disability types,Severe,Not in labour force,Number,19200.0,E
Ontario,Females,55 to 64 years,All disability types,Severe,Participation rate,Percent,33.9,E
Ontario,Females,55 to 64 years,All disability types,Severe,Age standardized participation rate,Percent,33.9,E
Ontario,Females,55 to 64 years,All disability types,Severe,Employment Rate,Percent,31.4,E
Ontario,Females,55 to 64 years,All disability types,Severe,Age standardized employment rate,Percent,31.4,E
Ontario,Females,55 to 64 years,All disability types,Very Severe,Total labour force,Number,53200.0,E
Ontario,Females,55 to 64 years,All disability types,Very Severe,Not in labour force,Number,43220.0,E
Ontario,Females,55 to 64 years,Seeing,Very Severe,Total labour force,Number,25330.0,E
Ontario,Females,55 to 64 years,Hearing,Moderate,Total labour force,Number,8360.0,E
Ontario,Females,55 to 64 years,Mobility,Moderate,Total labour force,Number,32240.0,E
Ontario,Females,55 to 64 years,Mobility,Moderate,Employed,Number,14670.0,E
Ontario,Females,55 to 64 years,Mobility,Moderate,Not in labour force,Number,13890.0,E
Ontario,Females,55 to 64 years,Mobility,Moderate,Participation rate,Percent,51.4,E
Ontario,Females,55 to 64 years,Mobility,Moderate,Age standardized participation rate,Percent,51.4,E
Ontario,Females,55 to 64 years,Mobility,Moderate,Employment Rate,Percent,51.4,E
Ontario,Females,55 to 64 years,Mobility,Moderate,Age standardized employment rate,Percent,51.4,E
Ontario,Females,55 to 64 years,Mobility,Severe,Total labour force,Number,26740.0,E
Ontario,Females,55 to 64 years,Mobility,Severe,Not in labour force,Number,16590.0,E
Ontario,Females,55 to 64 years,Mobility,Very Severe,Total labour force,Number,49720.0,E
Ontario,Females,55 to 64 years,Mobility,Very Severe,Not in labour force,Number,39740.0,E
Ontario,Females,55 to 64 years,Flexibility,Mild,Total labour force,Number,16300.0,E
Ontario,Females,55 to 64 years,Flexibility,Moderate,Total labour force,Number,42680.0,E
Ontario,Females,55 to 64 years,Flexibility,Moderate,Employed,Number,14040.0,E
Ontario,Females,55 to 64 years,Flexibility,Moderate,Participation rate,Percent,36.6,E
Ontario,Females,55 to 64 years,Flexibility,Moderate,Age standardized participation rate,Percent,36.6,E
Ontario,Females,55 to 64 years,Flexibility,Moderate,Employment Rate,Percent,36.6,E
Ontario,Females,55 to 64 years,Flexibility,Moderate,Age standardized employment rate,Percent,36.6,E
Ontario,Females,55 to 64 years,Flexibility,Severe,Total labour force,Number,25510.0,E
Ontario,Females,55 to 64 years,Flexibility,Severe,Not in labour force,Number,17740.0,E
Ontario,Females,55 to 64 years,Flexibility,Very Severe,Total labour force,Number,51970.0,E
Ontario,Females,55 to 64 years,Flexibility,Very Severe,Not in labour force,Number,41990.0,E
Ontario,Females,55 to 64 years,Dexterity,Severe,Total labour force,Number,9030.0,E
Ontario,Females,55 to 64 years,Dexterity,Very Severe,Total labour force,Number,34870.0,E
Ontario,Females,55 to 64 years,Dexterity,Very Severe,Not in labour force,Number,28810.0,E
Ontario,Females,55 to 64 years,Pain,Mild,Participation rate,Percent,60.4,E
Ontario,Females,55 to 64 years,Pain,Mild,Age standardized participation rate,Percent,60.4,E
Ontario,Females,55 to 64 years,Pain,Moderate,Total labour force,Number,50720.0,E
Ontario,Females,55 to 64 years,Pain,Moderate,Employed,Number,17770.0,E
Ontario,Females,55 to 64 years,Pain,Moderate,Not in labour force,Number,28670.0,E
Ontario,Females,55 to 64 years,Pain,Moderate,Participation rate,Percent,38.3,E
Ontario,Females,55 to 64 years,Pain,Moderate,Age standardized participation rate,Percent,38.3,E
Ontario,Females,55 to 64 years,Pain,Moderate,Employment Rate,Percent,38.3,E
Ontario,Females,55 to 64 years,Pain,Moderate,Age standardized employment rate,Percent,38.3,E
Ontario,Females,55 to 64 years,Pain,Severe,Total labour force,Number,38370.0,E
Ontario,Females,55 to 64 years,Pain,Severe,Employed,Number,9110.0,E
Ontario,Females,55 to 64 years,Pain,Severe,Not in labour force,Number,17960.0,E
Ontario,Females,55 to 64 years,Pain,Severe,Participation rate,Percent,35.4,E
Ontario,Females,55 to 64 years,Pain,Severe,Age standardized participation rate,Percent,35.4,E
Ontario,Females,55 to 64 years,Pain,Severe,Employment Rate,Percent,32.8,E
Ontario,Females,55 to 64 years,Pain,Severe,Age standardized employment rate,Percent,32.8,E
Ontario,Females,55 to 64 years,Pain,Very Severe,Total labour force,Number,52550.0,E
Ontario,Females,55 to 64 years,Pain,Very Severe,Not in labour force,Number,42570.0,E
Ontario,Females,55 to 64 years,Memory,Very Severe,Total labour force,Number,23080.0,E
Ontario,Females,55 to 64 years,Mental and/or psychological,Very Severe,Total labour force,Number,26990.0,E
Ontario,Females,55 to 64 years,Mental and/or psychological,Very Severe,Not in labour force,Number,22010.0,E
Manitoba,Males,15 to 24 years,All disability types,Mild,Total labour force,Number,1530.0,
Manitoba,Males,15 to 24 years,All disability types,Mild,Employed,Number,730.0,E
Manitoba,Males,15 to 24 years,All disability types,Mild,Not in labour force,Number,620.0,E
Manitoba,Males,15 to 24 years,All disability types,Mild,Participation rate,Percent,57.5,
Manitoba,Males,15 to 24 years,All disability types,Mild,Age standardized participation rate,Percent,57.3,
Manitoba,Males,15 to 24 years,All disability types,Mild,Employment Rate,Percent,50.0,
Manitoba,Males,15 to 24 years,All disability types,Mild,Age standardized employment rate,Percent,49.8,
Manitoba,Males,15 to 24 years,All disability types,Moderate,Total labour force,Number,550.0,E
Manitoba,Males,15 to 24 years,All disability types,Moderate,Not in labour force,Number,230.0,E
Manitoba,Males,15 to 24 years,All disability types,Moderate,Participation rate,Percent,55.8,E
Manitoba,Males,15 to 24 years,All disability types,Moderate,Age standardized participation rate,Percent,56.4,E
Manitoba,Males,15 to 24 years,All disability types,Moderate,Employment Rate,Percent,34.6,E
Manitoba,Males,15 to 24 years,All disability types,Moderate,Age standardized employment rate,Percent,34.5,E
Manitoba,Males,15 to 24 years,All disability types,Severe,Total labour force,Number,570.0,E
Manitoba,Males,15 to 24 years,All disability types,Severe,Employed,Number,180.0,E
Manitoba,Males,15 to 24 years,All disability types,Severe,Not in labour force,Number,350.0,E
Manitoba,Males,15 to 24 years,All disability types,Severe,Participation rate,Percent,36.4,E
Manitoba,Males,15 to 24 years,All disability types,Severe,Age standardized participation rate,Percent,36.5,E
Manitoba,Males,15 to 24 years,All disability types,Severe,Employment Rate,Percent,32.7,E
Manitoba,Males,15 to 24 years,All disability types,Severe,Age standardized employment rate,Percent,32.7,E
Manitoba,Males,15 to 24 years,All disability types,Very Severe,Total labour force,Number,810.0,E
Manitoba,Males,15 to 24 years,All disability types,Very Severe,Not in labour force,Number,610.0,E
Manitoba,Males,15 to 24 years,Mobility,Very Severe,Total labour force,Number,280.0,E
Manitoba,Males,15 to 24 years,Flexibility,Severe,Total labour force,Number,130.0,E
Manitoba,Males,15 to 24 years,Flexibility,Very Severe,Total labour force,Number,270.0,E
Manitoba,Males,15 to 24 years,Pain,Mild,Total labour force,Number,190.0,E
Manitoba,Males,15 to 24 years,Pain,Mild,Participation rate,Percent,73.7,
Manitoba,Males,15 to 24 years,Pain,Mild,Age standardized participation rate,Percent,77.8,
Manitoba,Males,15 to 24 years,Pain,Severe,Total labour force,Number,230.0,E
Manitoba,Males,15 to 24 years,Pain,Severe,Participation rate,Percent,71.4,
Manitoba,Males,15 to 24 years,Pain,Severe,Age standardized participation rate,Percent,69.1,
Manitoba,Males,15 to 24 years,Pain,Very Severe,Total labour force,Number,390.0,E
Manitoba,Males,15 to 24 years,Learning,Severe,Total labour force,Number,460.0,E
Manitoba,Males,15 to 24 years,Learning,Very Severe,Total labour force,Number,700.0,E
Manitoba,Males,15 to 24 years,Learning,Very Severe,Not in labour force,Number,580.0,E
Manitoba,Males,15 to 24 years,Memory,Very Severe,Total labour force,Number,510.0,E
Manitoba,Males,15 to 24 years,Developmental,Moderate,Total labour force,Number,130.0,E
Manitoba,Males,15 to 24 years,Developmental,Severe,Total labour force,Number,380.0,E
Manitoba,Males,15 to 24 years,Developmental,Very Severe,Total labour force,Number,550.0,E
Manitoba,Males,15 to 24 years,Developmental,Very Severe,Not in labour force,Number,490.0,E
Manitoba,Males,15 to 24 years,Mental and/or psychological,Moderate,Total labour force,Number,270.0,E
Manitoba,Males,15 to 24 years,Mental and/or psychological,Severe,Total labour force,Number,390.0,E
Manitoba,Males,15 to 24 years,Mental and/or psychological,Very Severe,Total labour force,Number,690.0,E
Manitoba,Males,15 to 24 years,Mental and/or psychological,Very Severe,Not in labour force,Number,570.0,E
Manitoba,Males,25 to 34 years,All disability types,Mild,Total labour force,Number,1730.0,E
Manitoba,Males,25 to 34 years,All disability types,Mild,Employed,Number,1130.0,E
Manitoba,Males,25 to 34 years,All disability types,Mild,Participation rate,Percent,69.6,E
Manitoba,Males,25 to 34 years,All disability types,Mild,Age standardized participation rate,Percent,69.5,E
Manitoba,Males,25 to 34 years,All disability types,Mild,Employment Rate,Percent,67.3,E
Manitoba,Males,25 to 34 years,All disability types,Mild,Age standardized employment rate,Percent,67.3,E
Manitoba,Males,25 to 34 years,All disability types,Moderate,Total labour force,Number,900.0,E
Manitoba,Males,25 to 34 years,All disability types,Moderate,Participation rate,Percent,58.9,E
Manitoba,Males,25 to 34 years,All disability types,Moderate,Age standardized participation rate,Percent,59.4,E
Manitoba,Males,25 to 34 years,All disability types,Severe,Total labour force,Number,820.0,E
Manitoba,Males,25 to 34 years,All disability types,Severe,Employed,Number,390.0,E
Manitoba,Males,25 to 34 years,All disability types,Severe,Participation rate,Percent,58.5,E
Manitoba,Males,25 to 34 years,All disability types,Severe,Age standardized participation rate,Percent,58.7,E
Manitoba,Males,25 to 34 years,All disability types,Severe,Employment Rate,Percent,47.6,E
Manitoba,Males,25 to 34 years,All disability types,Severe,Age standardized employment rate,Percent,47.4,E
Manitoba,Males,25 to 34 years,Pain,Mild,Total labour force,Number,570.0,E
Manitoba,Males,25 to 34 years,Pain,Mild,Employed,Number,450.0,E
Manitoba,Males,25 to 34 years,Pain,Mild,Participation rate,Percent,90.7,
Manitoba,Males,25 to 34 years,Pain,Mild,Age standardized participation rate,Percent,90.3,
Manitoba,Males,25 to 34 years,Pain,Mild,Employment Rate,Percent,83.3,
Manitoba,Males,25 to 34 years,Pain,Mild,Age standardized employment rate,Percent,83.6,
Manitoba,Males,25 to 34 years,Pain,Severe,Employed,Number,320.0,E
Manitoba,Males,35 to 44 years,All disability types,Mild,Total labour force,Number,2050.0,E
Manitoba,Males,35 to 44 years,All disability types,Mild,Employed,Number,1220.0,E
Manitoba,Males,35 to 44 years,All disability types,Mild,Participation rate,Percent,89.9,
Manitoba,Males,35 to 44 years,All disability types,Mild,Age standardized participation rate,Percent,89.8,
Manitoba,Males,35 to 44 years,All disability types,Mild,Employment Rate,Percent,82.4,
Manitoba,Males,35 to 44 years,All disability types,Mild,Age standardized employment rate,Percent,82.1,
Manitoba,Males,35 to 44 years,All disability types,Moderate,Total labour force,Number,1080.0,E
Manitoba,Males,35 to 44 years,All disability types,Moderate,Employed,Number,810.0,E
Manitoba,Males,35 to 44 years,All disability types,Moderate,Participation rate,Percent,96.3,
Manitoba,Males,35 to 44 years,All disability types,Moderate,Age standardized participation rate,Percent,95.7,
Manitoba,Males,35 to 44 years,All disability types,Moderate,Employment Rate,Percent,75.0,E
Manitoba,Males,35 to 44 years,All disability types,Moderate,Age standardized employment rate,Percent,75.0,E
Manitoba,Males,35 to 44 years,All disability types,Severe,Total labour force,Number,1350.0,E
Manitoba,Males,35 to 44 years,All disability types,Severe,Participation rate,Percent,59.8,E
Manitoba,Males,35 to 44 years,All disability types,Severe,Age standardized participation rate,Percent,59.9,E
Manitoba,Males,35 to 44 years,All disability types,Severe,Employment Rate,Percent,59.8,E
Manitoba,Males,35 to 44 years,All disability types,Severe,Age standardized employment rate,Percent,59.9,E
Manitoba,Males,35 to 44 years,Flexibility,Mild,Total labour force,Number,340.0,E
Manitoba,Males,35 to 44 years,Flexibility,Mild,Employed,Number,250.0,E
Manitoba,Males,35 to 44 years,Flexibility,Mild,Participation rate,Percent,88.2,
Manitoba,Males,35 to 44 years,Flexibility,Mild,Age standardized participation rate,Percent,87.9,
Manitoba,Males,35 to 44 years,Flexibility,Mild,Employment Rate,Percent,73.5,E
Manitoba,Males,35 to 44 years,Flexibility,Mild,Age standardized employment rate,Percent,72.0,E
Manitoba,Males,35 to 44 years,Flexibility,Moderate,Participation rate,Percent,100.0,
Manitoba,Males,35 to 44 years,Flexibility,Moderate,Age standardized participation rate,Percent,100.0,
Manitoba,Males,35 to 44 years,Flexibility,Moderate,Employment Rate,Percent,68.2,E
Manitoba,Males,35 to 44 years,Flexibility,Moderate,Age standardized employment rate,Percent,68.3,E
Manitoba,Males,35 to 44 years,Pain,Mild,Total labour force,Number,1490.0,E
Manitoba,Males,35 to 44 years,Pain,Mild,Employed,Number,870.0,E
Manitoba,Males,35 to 44 years,Pain,Mild,Participation rate,Percent,100.0,
Manitoba,Males,35 to 44 years,Pain,Mild,Age standardized participation rate,Percent,100.0,
Manitoba,Males,35 to 44 years,Pain,Mild,Employment Rate,Percent,93.5,
Manitoba,Males,35 to 44 years,Pain,Mild,Age standardized employment rate,Percent,94.1,
Manitoba,Males,35 to 44 years,Pain,Moderate,Participation rate,Percent,97.5,
Manitoba,Males,35 to 44 years,Pain,Moderate,Age standardized participation rate,Percent,98.0,
Manitoba,Males,35 to 44 years,Pain,Moderate,Employment Rate,Percent,72.5,E
Manitoba,Males,35 to 44 years,Pain,Moderate,Age standardized employment rate,Percent,72.1,E
Manitoba,Males,35 to 44 years,Pain,Severe,Total labour force,Number,1310.0,E
Manitoba,Males,35 to 44 years,Pain,Severe,Participation rate,Percent,58.5,E
Manitoba,Males,35 to 44 years,Pain,Severe,Age standardized participation rate,Percent,58.7,E
Manitoba,Males,35 to 44 years,Pain,Severe,Employment Rate,Percent,58.5,E
Manitoba,Males,35 to 44 years,Pain,Severe,Age standardized employment rate,Percent,58.7,E
Manitoba,Males,45 to 54 years,All disability types,Mild,Total labour force,Number,3470.0,E
Manitoba,Males,45 to 54 years,All disability types,Mild,Employed,Number,2930.0,E
Manitoba,Males,45 to 54 years,All disability types,Mild,Participation rate,Percent,87.2,
Manitoba,Males,45 to 54 years,All disability types,Mild,Age standardized participation rate,Percent,87.2,
Manitoba,Males,45 to 54 years,All disability types,Mild,Employment Rate,Percent,87.2,
Manitoba,Males,45 to 54 years,All disability types,Mild,Age standardized employment rate,Percent,87.2,
Manitoba,Males,45 to 54 years,All disability types,Moderate,Total labour force,Number,2270.0,E
Manitoba,Males,45 to 54 years,All disability types,Moderate,Employed,Number,1890.0,E
Manitoba,Males,45 to 54 years,All disability types,Moderate,Participation rate,Percent,83.3,
Manitoba,Males,45 to 54 years,All disability types,Moderate,Age standardized participation rate,Percent,83.2,
Manitoba,Males,45 to 54 years,All disability types,Moderate,Employment Rate,Percent,83.3,
Manitoba,Males,45 to 54 years,All disability types,Moderate,Age standardized employment rate,Percent,83.2,
Manitoba,Males,45 to 54 years,All disability types,Severe,Total labour force,Number,2110.0,E
Manitoba,Males,45 to 54 years,All disability types,Severe,Employed,Number,1200.0,E
Manitoba,Males,45 to 54 years,All disability types,Severe,Participation rate,Percent,70.2,
Manitoba,Males,45 to 54 years,All disability types,Severe,Age standardized participation rate,Percent,70.4,
Manitoba,Males,45 to 54 years,All disability types,Severe,Employment Rate,Percent,70.2,
Manitoba,Males,45 to 54 years,All disability types,Severe,Age standardized employment rate,Percent,70.4,
Manitoba,Males,45 to 54 years,All disability types,Very Severe,Total labour force,Number,2550.0,E
Manitoba,Males,45 to 54 years,All disability types,Very Severe,Employed,Number,1240.0,E
Manitoba,Males,45 to 54 years,All disability types,Very Severe,Participation rate,Percent,59.6,E
Manitoba,Males,45 to 54 years,All disability types,Very Severe,Age standardized participation rate,Percent,59.4,E
Manitoba,Males,45 to 54 years,All disability types,Very Severe,Employment Rate,Percent,55.1,E
Manitoba,Males,45 to 54 years,All disability types,Very Severe,Age standardized employment rate,Percent,55.2,E
Manitoba,Males,45 to 54 years,Seeing,Very Severe,Total labour force,Number,1090.0,E
Manitoba,Males,45 to 54 years,Hearing,Very Severe,Total labour force,Number,1200.0,E
Manitoba,Males,45 to 54 years,Mobility,Severe,Total labour force,Number,1160.0,E
Manitoba,Males,45 to 54 years,Mobility,Very Severe,Total labour force,Number,2450.0,E
Manitoba,Males,45 to 54 years,Mobility,Very Severe,Employed,Number,1170.0,E
Manitoba,Males,45 to 54 years,Mobility,Very Severe,Participation rate,Percent,58.8,E
Manitoba,Males,45 to 54 years,Mobility,Very Severe,Age standardized participation rate,Percent,58.6,E
Manitoba,Males,45 to 54 years,Mobility,Very Severe,Employment Rate,Percent,54.2,E
Manitoba,Males,45 to 54 years,Mobility,Very Severe,Age standardized employment rate,Percent,54.3,E
Manitoba,Males,45 to 54 years,Flexibility,Moderate,Total labour force,Number,930.0,E
Manitoba,Males,45 to 54 years,Flexibility,Moderate,Employed,Number,850.0,E
Manitoba,Males,45 to 54 years,Flexibility,Moderate,Participation rate,Percent,91.4,
Manitoba,Males,45 to 54 years,Flexibility,Moderate,Age standardized participation rate,Percent,91.9,
Manitoba,Males,45 to 54 years,Flexibility,Moderate,Employment Rate,Percent,91.4,
Manitoba,Males,45 to 54 years,Flexibility,Moderate,Age standardized employment rate,Percent,91.9,
Manitoba,Males,45 to 54 years,Flexibility,Severe,Total labour force,Number,1470.0,E
Manitoba,Males,45 to 54 years,Flexibility,Severe,Employed,Number,970.0,E
Manitoba,Males,45 to 54 years,Flexibility,Severe,Participation rate,Percent,78.9,
Manitoba,Males,45 to 54 years,Flexibility,Severe,Age standardized participation rate,Percent,78.7,
Manitoba,Males,45 to 54 years,Flexibility,Severe,Employment Rate,Percent,78.9,
Manitoba,Males,45 to 54 years,Flexibility,Severe,Age standardized employment rate,Percent,78.7,
Manitoba,Males,45 to 54 years,Flexibility,Very Severe,Total labour force,Number,2380.0,E
Manitoba,Males,45 to 54 years,Flexibility,Very Severe,Employed,Number,1170.0,E
Manitoba,Males,45 to 54 years,Flexibility,Very Severe,Participation rate,Percent,58.8,E
Manitoba,Males,45 to 54 years,Flexibility,Very Severe,Age standardized participation rate,Percent,58.6,E
Manitoba,Males,45 to 54 years,Flexibility,Very Severe,Employment Rate,Percent,54.2,E
Manitoba,Males,45 to 54 years,Flexibility,Very Severe,Age standardized employment rate,Percent,54.3,E
Manitoba,Males,45 to 54 years,Dexterity,Very Severe,Total labour force,Number,1280.0,E
Manitoba,Males,45 to 54 years,Pain,Mild,Total labour force,Number,1500.0,E
Manitoba,Males,45 to 54 years,Pain,Mild,Employed,Number,1400.0,E
Manitoba,Males,45 to 54 years,Pain,Mild,Participation rate,Percent,95.2,
Manitoba,Males,45 to 54 years,Pain,Mild,Age standardized participation rate,Percent,94.9,
Manitoba,Males,45 to 54 years,Pain,Mild,Employment Rate,Percent,95.2,
Manitoba,Males,45 to 54 years,Pain,Mild,Age standardized employment rate,Percent,94.9,
Manitoba,Males,45 to 54 years,Pain,Moderate,Total labour force,Number,1730.0,E
Manitoba,Males,45 to 54 years,Pain,Moderate,Employed,Number,1570.0,E
Manitoba,Males,45 to 54 years,Pain,Moderate,Participation rate,Percent,90.8,
Manitoba,Males,45 to 54 years,Pain,Moderate,Age standardized participation rate,Percent,90.8,
Manitoba,Males,45 to 54 years,Pain,Moderate,Employment Rate,Percent,90.8,
Manitoba,Males,45 to 54 years,Pain,Moderate,Age standardized employment rate,Percent,90.8,
Manitoba,Males,45 to 54 years,Pain,Severe,Total labour force,Number,1680.0,E
Manitoba,Males,45 to 54 years,Pain,Severe,Employed,Number,970.0,E
Manitoba,Males,45 to 54 years,Pain,Severe,Participation rate,Percent,75.8,
Manitoba,Males,45 to 54 years,Pain,Severe,Age standardized participation rate,Percent,75.5,
Manitoba,Males,45 to 54 years,Pain,Severe,Employment Rate,Percent,75.8,
Manitoba,Males,45 to 54 years,Pain,Severe,Age standardized employment rate,Percent,75.5,
Manitoba,Males,45 to 54 years,Pain,Very Severe,Total labour force,Number,2530.0,E
Manitoba,Males,45 to 54 years,Pain,Very Severe,Employed,Number,1240.0,E
Manitoba,Males,45 to 54 years,Pain,Very Severe,Participation rate,Percent,60.1,E
Manitoba,Males,45 to 54 years,Pain,Very Severe,Age standardized participation rate,Percent,59.9,E
Manitoba,Males,45 to 54 years,Pain,Very Severe,Employment Rate,Percent,55.6,E
Manitoba,Males,45 to 54 years,Pain,Very Severe,Age standardized employment rate,Percent,55.7,E
Manitoba,Males,45 to 54 years,Mental and/or psychological,Very Severe,Total labour force,Number,1660.0,E
Manitoba,Males,55 to 64 years,All disability types,Mild,Total labour force,Number,5040.0,E
Manitoba,Males,55 to 64 years,All disability types,Mild,Employed,Number,3510.0,E
Manitoba,Males,55 to 64 years,All disability types,Mild,Not in labour force,Number,920.0,E
Manitoba,Males,55 to 64 years,All disability types,Mild,Participation rate,Percent,81.5,
Manitoba,Males,55 to 64 years,All disability types,Mild,Age standardized participation rate,Percent,81.4,
Manitoba,Males,55 to 64 years,All disability types,Mild,Employment Rate,Percent,70.8,
Manitoba,Males,55 to 64 years,All disability types,Mild,Age standardized employment rate,Percent,70.7,
Manitoba,Males,55 to 64 years,All disability types,Moderate,Total labour force,Number,3670.0,E
Manitoba,Males,55 to 64 years,All disability types,Moderate,Employed,Number,1940.0,E
Manitoba,Males,55 to 64 years,All disability types,Moderate,Participation rate,Percent,73.1,
Manitoba,Males,55 to 64 years,All disability types,Moderate,Age standardized participation rate,Percent,73.3,
Manitoba,Males,55 to 64 years,All disability types,Moderate,Employment Rate,Percent,68.6,
Manitoba,Males,55 to 64 years,All disability types,Moderate,Age standardized employment rate,Percent,68.7,
Manitoba,Males,55 to 64 years,All disability types,Severe,Total labour force,Number,3590.0,E
Manitoba,Males,55 to 64 years,All disability types,Severe,Employed,Number,1790.0,E
Manitoba,Males,55 to 64 years,All disability types,Severe,Participation rate,Percent,57.8,E
Manitoba,Males,55 to 64 years,All disability types,Severe,Age standardized participation rate,Percent,57.7,E
Manitoba,Males,55 to 64 years,All disability types,Severe,Employment Rate,Percent,55.6,E
Manitoba,Males,55 to 64 years,All disability types,Severe,Age standardized employment rate,Percent,55.6,E
Manitoba,Males,55 to 64 years,All disability types,Very Severe,Total labour force,Number,3480.0,E
Manitoba,Males,55 to 64 years,All disability types,Very Severe,Not in labour force,Number,1800.0,E
Manitoba,Males,55 to 64 years,Seeing,Very Severe,Total labour force,Number,1720.0,E
Manitoba,Males,55 to 64 years,Hearing,Mild,Total labour force,Number,1920.0,E
Manitoba,Males,55 to 64 years,Hearing,Mild,Employed,Number,1170.0,E
Manitoba,Males,55 to 64 years,Hearing,Mild,Participation rate,Percent,88.5,
Manitoba,Males,55 to 64 years,Hearing,Mild,Age standardized participation rate,Percent,88.8,
Manitoba,Males,55 to 64 years,Hearing,Mild,Employment Rate,Percent,60.9,E
Manitoba,Males,55 to 64 years,Hearing,Mild,Age standardized employment rate,Percent,61.0,E
Manitoba,Males,55 to 64 years,Hearing,Very Severe,Total labour force,Number,1720.0,E
Manitoba,Males,55 to 64 years,Mobility,Moderate,Total labour force,Number,2160.0,E
Manitoba,Males,55 to 64 years,Mobility,Severe,Total labour force,Number,2460.0,E
Manitoba,Males,55 to 64 years,Mobility,Very Severe,Total labour force,Number,3290.0,E
Manitoba,Males,55 to 64 years,Mobility,Very Severe,Not in labour force,Number,1690.0,E
Manitoba,Males,55 to 64 years,Flexibility,Moderate,Total labour force,Number,2810.0,E
Manitoba,Males,55 to 64 years,Flexibility,Moderate,Participation rate,Percent,73.8,
Manitoba,Males,55 to 64 years,Flexibility,Moderate,Age standardized participation rate,Percent,73.6,
Manitoba,Males,55 to 64 years,Flexibility,Moderate,Employment Rate,Percent,69.8,
Manitoba,Males,55 to 64 years,Flexibility,Moderate,Age standardized employment rate,Percent,69.6,
Manitoba,Males,55 to 64 years,Flexibility,Severe,Total labour force,Number,2480.0,E
Manitoba,Males,55 to 64 years,Flexibility,Severe,Not in labour force,Number,810.0,E
Manitoba,Males,55 to 64 years,Flexibility,Severe,Participation rate,Percent,67.3,
Manitoba,Males,55 to 64 years,Flexibility,Severe,Age standardized participation rate,Percent,67.5,
Manitoba,Males,55 to 64 years,Flexibility,Severe,Employment Rate,Percent,64.9,
Manitoba,Males,55 to 64 years,Flexibility,Severe,Age standardized employment rate,Percent,64.8,
Manitoba,Males,55 to 64 years,Flexibility,Very Severe,Total labour force,Number,3480.0,E
Manitoba,Males,55 to 64 years,Flexibility,Very Severe,Not in labour force,Number,1800.0,E
Manitoba,Males,55 to 64 years,Dexterity,Very Severe,Total labour force,Number,2220.0,E
Manitoba,Males,55 to 64 years,Pain,Mild,Total labour force,Number,2230.0,E
Manitoba,Males,55 to 64 years,Pain,Mild,Employed,Number,1770.0,E
Manitoba,Males,55 to 64 years,Pain,Mild,Participation rate,Percent,82.3,
Manitoba,Males,55 to 64 years,Pain,Mild,Age standardized participation rate,Percent,82.2,
Manitoba,Males,55 to 64 years,Pain,Mild,Employment Rate,Percent,82.3,
Manitoba,Males,55 to 64 years,Pain,Mild,Age standardized employment rate,Percent,82.2,
Manitoba,Males,55 to 64 years,Pain,Moderate,Total labour force,Number,2790.0,E
Manitoba,Males,55 to 64 years,Pain,Moderate,Participation rate,Percent,81.5,
Manitoba,Males,55 to 64 years,Pain,Moderate,Age standardized participation rate,Percent,81.4,
Manitoba,Males,55 to 64 years,Pain,Moderate,Employment Rate,Percent,75.0,
Manitoba,Males,55 to 64 years,Pain,Moderate,Age standardized employment rate,Percent,74.9,
Manitoba,Males,55 to 64 years,Pain,Severe,Total labour force,Number,3340.0,E
Manitoba,Males,55 to 64 years,Pain,Severe,Participation rate,Percent,57.6,E
Manitoba,Males,55 to 64 years,Pain,Severe,Age standardized participation rate,Percent,57.4,E
Manitoba,Males,55 to 64 years,Pain,Severe,Employment Rate,Percent,55.2,E
Manitoba,Males,55 to 64 years,Pain,Severe,Age standardized employment rate,Percent,55.2,E
Manitoba,Males,55 to 64 years,Pain,Very Severe,Total labour force,Number,3120.0,E
Manitoba,Males,55 to 64 years,Pain,Very Severe,Not in labour force,Number,1680.0,E
Manitoba,Males,55 to 64 years,Memory,Very Severe,Total labour force,Number,2170.0,E
Manitoba,Males,55 to 64 years,Mental and/or psychological,Very Severe,Total labour force,Number,1270.0,E
Manitoba,Females,15 to 24 years,All disability types,Mild,Total labour force,Number,2010.0,
Manitoba,Females,15 to 24 years,All disability types,Mild,Employed,Number,770.0,
Manitoba,Females,15 to 24 years,All disability types,Mild,Not in labour force,Number,760.0,E
Manitoba,Females,15 to 24 years,All disability types,Mild,Participation rate,Percent,57.3,
Manitoba,Females,15 to 24 years,All disability types,Mild,Age standardized participation rate,Percent,57.4,
Manitoba,Females,15 to 24 years,All disability types,Mild,Employment Rate,Percent,43.3,
Manitoba,Females,15 to 24 years,All disability types,Mild,Age standardized employment rate,Percent,43.2,
Manitoba,Females,15 to 24 years,All disability types,Mild,Unemployment rate,Percent,24.5,E
Manitoba,Females,15 to 24 years,All disability types,Mild,Age standardized unemployment rate,Percent,24.7,E
Manitoba,Females,15 to 24 years,All disability types,Moderate,Total labour force,Number,640.0,E
Manitoba,Females,15 to 24 years,All disability types,Moderate,Employed,Number,270.0,E
Manitoba,Females,15 to 24 years,All disability types,Moderate,Not in labour force,Number,280.0,E
Manitoba,Females,15 to 24 years,All disability types,Moderate,Participation rate,Percent,54.8,
Manitoba,Females,15 to 24 years,All disability types,Moderate,Age standardized participation rate,Percent,54.2,
Manitoba,Females,15 to 24 years,All disability types,Moderate,Employment Rate,Percent,43.5,E
Manitoba,Females,15 to 24 years,All disability types,Moderate,Age standardized employment rate,Percent,43.7,E
Manitoba,Females,15 to 24 years,All disability types,Severe,Total labour force,Number,460.0,E
Manitoba,Females,15 to 24 years,All disability types,Severe,Employed,Number,220.0,E
Manitoba,Females,15 to 24 years,All disability types,Severe,Not in labour force,Number,200.0,E
Manitoba,Females,15 to 24 years,All disability types,Severe,Participation rate,Percent,54.5,E
Manitoba,Females,15 to 24 years,All disability types,Severe,Age standardized participation rate,Percent,55.3,E
Manitoba,Females,15 to 24 years,All disability types,Severe,Employment Rate,Percent,50.0,E
Manitoba,Females,15 to 24 years,All disability types,Severe,Age standardized employment rate,Percent,49.1,E
Manitoba,Females,15 to 24 years,All disability types,Very Severe,Total labour force,Number,210.0,E
Manitoba,Females,15 to 24 years,All disability types,Very Severe,Not in labour force,Number,150.0,E
Manitoba,Females,15 to 24 years,Mobility,Moderate,Total labour force,Number,230.0,E
Manitoba,Females,15 to 24 years,Mobility,Moderate,Participation rate,Percent,73.9,
Manitoba,Females,15 to 24 years,Mobility,Moderate,Age standardized participation rate,Percent,76.0,
Manitoba,Females,15 to 24 years,Mobility,Severe,Total labour force,Number,160.0,E
Manitoba,Females,15 to 24 years,Mobility,Very Severe,Total labour force,Number,140.0,E
Manitoba,Females,15 to 24 years,Flexibility,Very Severe,Total labour force,Number,140.0,E
Manitoba,Females,15 to 24 years,Pain,Mild,Total labour force,Number,870.0,E
Manitoba,Females,15 to 24 years,Pain,Mild,Employed,Number,200.0,E
Manitoba,Females,15 to 24 years,Pain,Mild,Not in labour force,Number,360.0,E
Manitoba,Females,15 to 24 years,Pain,Mild,Participation rate,Percent,45.6,E
Manitoba,Females,15 to 24 years,Pain,Mild,Age standardized participation rate,Percent,46.2,E
Manitoba,Females,15 to 24 years,Pain,Mild,Employment Rate,Percent,29.4,E
Manitoba,Females,15 to 24 years,Pain,Mild,Age standardized employment rate,Percent,29.2,E
Manitoba,Females,15 to 24 years,Pain,Moderate,Total labour force,Number,360.0,E
Manitoba,Females,15 to 24 years,Pain,Moderate,Employed,Number,210.0,E
Manitoba,Females,15 to 24 years,Pain,Moderate,Participation rate,Percent,77.8,
Manitoba,Females,15 to 24 years,Pain,Moderate,Age standardized participation rate,Percent,77.8,
Manitoba,Females,15 to 24 years,Pain,Moderate,Employment Rate,Percent,58.3,E
Manitoba,Females,15 to 24 years,Pain,Moderate,Age standardized employment rate,Percent,59.6,E
Manitoba,Females,15 to 24 years,Pain,Severe,Total labour force,Number,280.0,E
Manitoba,Females,15 to 24 years,Pain,Severe,Employed,Number,140.0,E
Manitoba,Females,15 to 24 years,Pain,Severe,Participation rate,Percent,60.7,E
Manitoba,Females,15 to 24 years,Pain,Severe,Age standardized participation rate,Percent,58.5,E
Manitoba,Females,15 to 24 years,Pain,Severe,Employment Rate,Percent,50.0,E
Manitoba,Females,15 to 24 years,Pain,Severe,Age standardized employment rate,Percent,48.8,E
Manitoba,Females,15 to 24 years,Pain,Very Severe,Total labour force,Number,170.0,E
Manitoba,Females,15 to 24 years,Pain,Very Severe,Not in labour force,Number,120.0,E
Manitoba,Females,15 to 24 years,Learning,Mild,Participation rate,Percent,77.8,E
Manitoba,Females,15 to 24 years,Learning,Mild,Age standardized participation rate,Percent,76.8,E
Manitoba,Females,15 to 24 years,Learning,Severe,Total labour force,Number,190.0,E
Manitoba,Females,15 to 24 years,Learning,Very Severe,Total labour force,Number,120.0,E
Manitoba,Females,15 to 24 years,Mental and/or psychological,Mild,Total labour force,Number,530.0,E
Manitoba,Females,15 to 24 years,Mental and/or psychological,Mild,Employed,Number,240.0,E
Manitoba,Females,15 to 24 years,Mental and/or psychological,Mild,Participation rate,Percent,55.8,E
Manitoba,Females,15 to 24 years,Mental and/or psychological,Mild,Age standardized participation rate,Percent,55.6,E
Manitoba,Females,15 to 24 years,Mental and/or psychological,Mild,Employment Rate,Percent,46.2,E
Manitoba,Females,15 to 24 years,Mental and/or psychological,Mild,Age standardized employment rate,Percent,46.5,E
Manitoba,Females,15 to 24 years,Mental and/or psychological,Moderate,Total labour force,Number,350.0,E
Manitoba,Females,15 to 24 years,Mental and/or psychological,Moderate,Participation rate,Percent,47.1,E
Manitoba,Females,15 to 24 years,Mental and/or psychological,Moderate,Age standardized participation rate,Percent,45.5,E
Manitoba,Females,15 to 24 years,Mental and/or psychological,Severe,Total labour force,Number,340.0,E
Manitoba,Females,15 to 24 years,Mental and/or psychological,Severe,Participation rate,Percent,54.5,E
Manitoba,Females,15 to 24 years,Mental and/or psychological,Severe,Age standardized participation rate,Percent,54.7,E
Manitoba,Females,15 to 24 years,Mental and/or psychological,Severe,Employment Rate,Percent,45.5,E
Manitoba,Females,15 to 24 years,Mental and/or psychological,Severe,Age standardized employment rate,Percent,46.4,E
Manitoba,Females,25 to 34 years,All disability types,Mild,Total labour force,Number,2440.0,
Manitoba,Females,25 to 34 years,All disability types,Mild,Employed,Number,1700.0,E
Manitoba,Females,25 to 34 years,All disability types,Mild,Participation rate,Percent,75.1,
Manitoba,Females,25 to 34 years,All disability types,Mild,Age standardized participation rate,Percent,75.3,
Manitoba,Females,25 to 34 years,All disability types,Mild,Employment Rate,Percent,74.2,
Manitoba,Females,25 to 34 years,All disability types,Mild,Age standardized employment rate,Percent,74.2,
Manitoba,Females,25 to 34 years,All disability types,Moderate,Total labour force,Number,1050.0,E
Manitoba,Females,25 to 34 years,All disability types,Moderate,Employed,Number,670.0,E
Manitoba,Females,25 to 34 years,All disability types,Moderate,Participation rate,Percent,87.6,
Manitoba,Females,25 to 34 years,All disability types,Moderate,Age standardized participation rate,Percent,87.9,
Manitoba,Females,25 to 34 years,All disability types,Moderate,Employment Rate,Percent,63.8,E
Manitoba,Females,25 to 34 years,All disability types,Moderate,Age standardized employment rate,Percent,63.6,E
Manitoba,Females,25 to 34 years,All disability types,Severe,Total labour force,Number,1280.0,E
Manitoba,Females,25 to 34 years,All disability types,Severe,Participation rate,Percent,71.7,E
Manitoba,Females,25 to 34 years,All disability types,Severe,Age standardized participation rate,Percent,71.2,E
Manitoba,Females,25 to 34 years,All disability types,Severe,Employment Rate,Percent,69.3,E
Manitoba,Females,25 to 34 years,All disability types,Severe,Age standardized employment rate,Percent,69.6,E
Manitoba,Females,25 to 34 years,All disability types,Very Severe,Total labour force,Number,990.0,E
Manitoba,Females,25 to 34 years,Mobility,Very Severe,Total labour force,Number,720.0,E
Manitoba,Females,25 to 34 years,Flexibility,Severe,Participation rate,Percent,82.1,
Manitoba,Females,25 to 34 years,Flexibility,Severe,Age standardized participation rate,Percent,81.8,
Manitoba,Females,25 to 34 years,Flexibility,Very Severe,Total labour force,Number,680.0,E
Manitoba,Females,25 to 34 years,Pain,Mild,Total labour force,Number,950.0,E
Manitoba,Females,25 to 34 years,Pain,Mild,Employed,Number,570.0,E
Manitoba,Females,25 to 34 years,Pain,Mild,Participation rate,Percent,70.2,E
Manitoba,Females,25 to 34 years,Pain,Mild,Age standardized participation rate,Percent,70.9,E
Manitoba,Females,25 to 34 years,Pain,Mild,Employment Rate,Percent,67.9,E
Manitoba,Females,25 to 34 years,Pain,Mild,Age standardized employment rate,Percent,67.9,E
Manitoba,Females,25 to 34 years,Pain,Moderate,Total labour force,Number,890.0,E
Manitoba,Females,25 to 34 years,Pain,Moderate,Employed,Number,530.0,E
Manitoba,Females,25 to 34 years,Pain,Moderate,Participation rate,Percent,87.6,
Manitoba,Females,25 to 34 years,Pain,Moderate,Age standardized participation rate,Percent,87.6,
Manitoba,Females,25 to 34 years,Pain,Moderate,Employment Rate,Percent,59.6,E
Manitoba,Females,25 to 34 years,Pain,Moderate,Age standardized employment rate,Percent,59.0,E
Manitoba,Females,25 to 34 years,Pain,Severe,Total labour force,Number,1200.0,E
Manitoba,Females,25 to 34 years,Pain,Severe,Participation rate,Percent,69.2,E
Manitoba,Females,25 to 34 years,Pain,Severe,Age standardized participation rate,Percent,69.5,E
Manitoba,Females,25 to 34 years,Pain,Severe,Employment Rate,Percent,67.5,E
Manitoba,Females,25 to 34 years,Pain,Severe,Age standardized employment rate,Percent,67.8,E
Manitoba,Females,25 to 34 years,Pain,Very Severe,Total labour force,Number,650.0,E
Manitoba,Females,25 to 34 years,Mental and/or psychological,Mild,Employed,Number,340.0,E
Manitoba,Females,25 to 34 years,Mental and/or psychological,Moderate,Total labour force,Number,450.0,E
Manitoba,Females,25 to 34 years,Mental and/or psychological,Moderate,Employed,Number,410.0,E
Manitoba,Females,25 to 34 years,Mental and/or psychological,Moderate,Participation rate,Percent,91.1,
Manitoba,Females,25 to 34 years,Mental and/or psychological,Moderate,Age standardized participation rate,Percent,90.4,
Manitoba,Females,25 to 34 years,Mental and/or psychological,Moderate,Employment Rate,Percent,91.1,
Manitoba,Females,25 to 34 years,Mental and/or psychological,Moderate,Age standardized employment rate,Percent,90.4,
Manitoba,Females,25 to 34 years,Mental and/or psychological,Very Severe,Total labour force,Number,780.0,E
Manitoba,Females,35 to 44 years,All disability types,Mild,Total labour force,Number,2470.0,E
Manitoba,Females,35 to 44 years,All disability types,Mild,Employed,Number,2180.0,E
Manitoba,Females,35 to 44 years,All disability types,Mild,Participation rate,Percent,89.1,
Manitoba,Females,35 to 44 years,All disability types,Mild,Age standardized participation rate,Percent,89.0,
Manitoba,Females,35 to 44 years,All disability types,Mild,Employment Rate,Percent,88.3,
Manitoba,Females,35 to 44 years,All disability types,Mild,Age standardized employment rate,Percent,88.1,
Manitoba,Females,35 to 44 years,All disability types,Moderate,Total labour force,Number,2160.0,E
Manitoba,Females,35 to 44 years,All disability types,Moderate,Employed,Number,1210.0,E
Manitoba,Females,35 to 44 years,All disability types,Moderate,Participation rate,Percent,60.8,E
Manitoba,Females,35 to 44 years,All disability types,Moderate,Age standardized participation rate,Percent,60.6,E
Manitoba,Females,35 to 44 years,All disability types,Moderate,Employment Rate,Percent,60.8,E
Manitoba,Females,35 to 44 years,All disability types,Moderate,Age standardized employment rate,Percent,60.6,E
Manitoba,Females,35 to 44 years,All disability types,Severe,Total labour force,Number,1440.0,E
Manitoba,Females,35 to 44 years,All disability types,Severe,Employed,Number,750.0,E
Manitoba,Females,35 to 44 years,All disability types,Severe,Not in labour force,Number,550.0,E
Manitoba,Females,35 to 44 years,All disability types,Severe,Participation rate,Percent,57.7,E
Manitoba,Females,35 to 44 years,All disability types,Severe,Age standardized participation rate,Percent,57.4,E
Manitoba,Females,35 to 44 years,All disability types,Severe,Employment Rate,Percent,57.7,E
Manitoba,Females,35 to 44 years,All disability types,Severe,Age standardized employment rate,Percent,57.4,E
Manitoba,Females,35 to 44 years,All disability types,Very Severe,Total labour force,Number,1040.0,E
Manitoba,Females,35 to 44 years,Hearing,Moderate,Total labour force,Number,300.0,E
Manitoba,Females,35 to 44 years,Mobility,Moderate,Employed,Number,230.0,E
Manitoba,Females,35 to 44 years,Mobility,Severe,Total labour force,Number,910.0,E
Manitoba,Females,35 to 44 years,Mobility,Severe,Not in labour force,Number,380.0,E
Manitoba,Females,35 to 44 years,Mobility,Severe,Participation rate,Percent,51.9,E
Manitoba,Females,35 to 44 years,Mobility,Severe,Age standardized participation rate,Percent,51.5,E
Manitoba,Females,35 to 44 years,Mobility,Severe,Employment Rate,Percent,51.9,E
Manitoba,Females,35 to 44 years,Mobility,Severe,Age standardized employment rate,Percent,51.5,E
Manitoba,Females,35 to 44 years,Mobility,Very Severe,Total labour force,Number,940.0,E
Manitoba,Females,35 to 44 years,Flexibility,Moderate,Total labour force,Number,910.0,E
Manitoba,Females,35 to 44 years,Flexibility,Moderate,Employed,Number,490.0,E
Manitoba,Females,35 to 44 years,Flexibility,Moderate,Participation rate,Percent,56.3,E
Manitoba,Females,35 to 44 years,Flexibility,Moderate,Age standardized participation rate,Percent,56.1,E
Manitoba,Females,35 to 44 years,Flexibility,Moderate,Employment Rate,Percent,56.3,E
Manitoba,Females,35 to 44 years,Flexibility,Moderate,Age standardized employment rate,Percent,56.1,E
Manitoba,Females,35 to 44 years,Flexibility,Severe,Total labour force,Number,900.0,E
Manitoba,Females,35 to 44 years,Flexibility,Severe,Employed,Number,440.0,E
Manitoba,Females,35 to 44 years,Flexibility,Severe,Participation rate,Percent,56.4,E
Manitoba,Females,35 to 44 years,Flexibility,Severe,Age standardized participation rate,Percent,57.3,E
Manitoba,Females,35 to 44 years,Flexibility,Severe,Employment Rate,Percent,56.4,E
Manitoba,Females,35 to 44 years,Flexibility,Severe,Age standardized employment rate,Percent,57.3,E
Manitoba,Females,35 to 44 years,Flexibility,Very Severe,Total labour force,Number,940.0,E
Manitoba,Females,35 to 44 years,Dexterity,Severe,Total labour force,Number,360.0,E
Manitoba,Females,35 to 44 years,Pain,Mild,Total labour force,Number,1480.0,E
Manitoba,Females,35 to 44 years,Pain,Mild,Participation rate,Percent,92.6,
Manitoba,Females,35 to 44 years,Pain,Mild,Age standardized participation rate,Percent,92.9,
Manitoba,Females,35 to 44 years,Pain,Mild,Employment Rate,Percent,92.6,
Manitoba,Females,35 to 44 years,Pain,Mild,Age standardized employment rate,Percent,92.9,
Manitoba,Females,35 to 44 years,Pain,Moderate,Total labour force,Number,1390.0,E
Manitoba,Females,35 to 44 years,Pain,Moderate,Employed,Number,860.0,E
Manitoba,Females,35 to 44 years,Pain,Moderate,Participation rate,Percent,67.7,E
Manitoba,Females,35 to 44 years,Pain,Moderate,Age standardized participation rate,Percent,67.6,E
Manitoba,Females,35 to 44 years,Pain,Moderate,Employment Rate,Percent,67.7,E
Manitoba,Females,35 to 44 years,Pain,Moderate,Age standardized employment rate,Percent,67.6,E
Manitoba,Females,35 to 44 years,Pain,Severe,Total labour force,Number,1200.0,E
Manitoba,Females,35 to 44 years,Pain,Severe,Employed,Number,580.0,E
Manitoba,Females,35 to 44 years,Pain,Severe,Not in labour force,Number,490.0,E
Manitoba,Females,35 to 44 years,Pain,Severe,Participation rate,Percent,53.7,E
Manitoba,Females,35 to 44 years,Pain,Severe,Age standardized participation rate,Percent,54.0,E
Manitoba,Females,35 to 44 years,Pain,Severe,Employment Rate,Percent,53.7,E
Manitoba,Females,35 to 44 years,Pain,Severe,Age standardized employment rate,Percent,54.0,E
Manitoba,Females,35 to 44 years,Pain,Very Severe,Total labour force,Number,1000.0,E
Manitoba,Females,45 to 54 years,All disability types,Mild,Total labour force,Number,4180.0,E
Manitoba,Females,45 to 54 years,All disability types,Mild,Employed,Number,3430.0,E
Manitoba,Females,45 to 54 years,All disability types,Mild,Participation rate,Percent,86.2,
Manitoba,Females,45 to 54 years,All disability types,Mild,Age standardized participation rate,Percent,86.2,
Manitoba,Females,45 to 54 years,All disability types,Mild,Employment Rate,Percent,86.2,
Manitoba,Females,45 to 54 years,All disability types,Mild,Age standardized employment rate,Percent,86.2,
Manitoba,Females,45 to 54 years,All disability types,Moderate,Total labour force,Number,2700.0,E
Manitoba,Females,45 to 54 years,All disability types,Moderate,Employed,Number,1090.0,E
Manitoba,Females,45 to 54 years,All disability types,Moderate,Participation rate,Percent,42.6,E
Manitoba,Females,45 to 54 years,All disability types,Moderate,Age standardized participation rate,Percent,42.6,E
Manitoba,Females,45 to 54 years,All disability types,Moderate,Employment Rate,Percent,40.4,E
Manitoba,Females,45 to 54 years,All disability types,Moderate,Age standardized employment rate,Percent,40.3,E
Manitoba,Females,45 to 54 years,All disability types,Severe,Total labour force,Number,3550.0,E
Manitoba,Females,45 to 54 years,All disability types,Severe,Employed,Number,2220.0,E
Manitoba,Females,45 to 54 years,All disability types,Severe,Participation rate,Percent,68.6,
Manitoba,Females,45 to 54 years,All disability types,Severe,Age standardized participation rate,Percent,68.6,
Manitoba,Females,45 to 54 years,All disability types,Severe,Employment Rate,Percent,64.5,E
Manitoba,Females,45 to 54 years,All disability types,Severe,Age standardized employment rate,Percent,64.5,E
Manitoba,Females,45 to 54 years,All disability types,Very Severe,Total labour force,Number,3680.0,E
Manitoba,Females,45 to 54 years,All disability types,Very Severe,Not in labour force,Number,2000.0,E
Manitoba,Females,45 to 54 years,All disability types,Very Severe,Participation rate,Percent,40.3,E
Manitoba,Females,45 to 54 years,All disability types,Very Severe,Age standardized participation rate,Percent,40.3,E
Manitoba,Females,45 to 54 years,Mobility,Moderate,Total labour force,Number,1890.0,E
Manitoba,Females,45 to 54 years,Mobility,Severe,Total labour force,Number,2800.0,E
Manitoba,Females,45 to 54 years,Mobility,Severe,Participation rate,Percent,67.5,E
Manitoba,Females,45 to 54 years,Mobility,Severe,Age standardized participation rate,Percent,67.5,E
Manitoba,Females,45 to 54 years,Mobility,Severe,Employment Rate,Percent,62.3,E
Manitoba,Females,45 to 54 years,Mobility,Severe,Age standardized employment rate,Percent,62.2,E
Manitoba,Females,45 to 54 years,Mobility,Very Severe,Total labour force,Number,3380.0,E
Manitoba,Females,45 to 54 years,Mobility,Very Severe,Not in labour force,Number,1940.0,E
Manitoba,Females,45 to 54 years,Mobility,Very Severe,Participation rate,Percent,39.2,E
Manitoba,Females,45 to 54 years,Mobility,Very Severe,Age standardized participation rate,Percent,39.2,E
Manitoba,Females,45 to 54 years,Flexibility,Moderate,Total labour force,Number,1600.0,E
Manitoba,Females,45 to 54 years,Flexibility,Severe,Total labour force,Number,2010.0,E
Manitoba,Females,45 to 54 years,Flexibility,Severe,Employed,Number,1370.0,E
Manitoba,Females,45 to 54 years,Flexibility,Severe,Participation rate,Percent,73.5,
Manitoba,Females,45 to 54 years,Flexibility,Severe,Age standardized participation rate,Percent,73.4,
Manitoba,Females,45 to 54 years,Flexibility,Severe,Employment Rate,Percent,69.9,
Manitoba,Females,45 to 54 years,Flexibility,Severe,Age standardized employment rate,Percent,70.2,
Manitoba,Females,45 to 54 years,Flexibility,Very Severe,Total labour force,Number,3670.0,E
Manitoba,Females,45 to 54 years,Flexibility,Very Severe,Not in labour force,Number,1990.0,E
Manitoba,Females,45 to 54 years,Flexibility,Very Severe,Participation rate,Percent,40.4,E
Manitoba,Females,45 to 54 years,Flexibility,Very Severe,Age standardized participation rate,Percent,40.5,E
Manitoba,Females,45 to 54 years,Dexterity,Very Severe,Total labour force,Number,1460.0,E
Manitoba,Females,45 to 54 years,Pain,Mild,Total labour force,Number,2000.0,E
Manitoba,Females,45 to 54 years,Pain,Mild,Employed,Number,1660.0,E
Manitoba,Females,45 to 54 years,Pain,Mild,Participation rate,Percent,87.8,
Manitoba,Females,45 to 54 years,Pain,Mild,Age standardized participation rate,Percent,87.5,
Manitoba,Females,45 to 54 years,Pain,Mild,Employment Rate,Percent,87.8,
Manitoba,Females,45 to 54 years,Pain,Mild,Age standardized employment rate,Percent,87.5,
Manitoba,Females,45 to 54 years,Pain,Moderate,Total labour force,Number,2100.0,E
Manitoba,Females,45 to 54 years,Pain,Moderate,Employed,Number,980.0,E
Manitoba,Females,45 to 54 years,Pain,Moderate,Participation rate,Percent,46.7,E
Manitoba,Females,45 to 54 years,Pain,Moderate,Age standardized participation rate,Percent,46.6,E
Manitoba,Females,45 to 54 years,Pain,Moderate,Employment Rate,Percent,46.7,E
Manitoba,Females,45 to 54 years,Pain,Moderate,Age standardized employment rate,Percent,46.6,E
Manitoba,Females,45 to 54 years,Pain,Severe,Total labour force,Number,3090.0,E
Manitoba,Females,45 to 54 years,Pain,Severe,Employed,Number,2220.0,E
Manitoba,Females,45 to 54 years,Pain,Severe,Participation rate,Percent,78.1,
Manitoba,Females,45 to 54 years,Pain,Severe,Age standardized participation rate,Percent,78.0,
Manitoba,Females,45 to 54 years,Pain,Severe,Employment Rate,Percent,73.5,
Manitoba,Females,45 to 54 years,Pain,Severe,Age standardized employment rate,Percent,73.3,
Manitoba,Females,45 to 54 years,Pain,Very Severe,Total labour force,Number,3680.0,E
Manitoba,Females,45 to 54 years,Pain,Very Severe,Not in labour force,Number,2000.0,E
Manitoba,Females,45 to 54 years,Pain,Very Severe,Participation rate,Percent,40.3,E
Manitoba,Females,45 to 54 years,Pain,Very Severe,Age standardized participation rate,Percent,40.3,E
Manitoba,Females,45 to 54 years,Mental and/or psychological,Very Severe,Total labour force,Number,2730.0,E
Manitoba,Females,55 to 64 years,All disability types,Mild,Total labour force,Number,3840.0,
Manitoba,Females,55 to 64 years,All disability types,Mild,Employed,Number,2160.0,E
Manitoba,Females,55 to 64 years,All disability types,Mild,Not in labour force,Number,1580.0,E
Manitoba,Females,55 to 64 years,All disability types,Mild,Participation rate,Percent,58.3,
Manitoba,Females,55 to 64 years,All disability types,Mild,Age standardized participation rate,Percent,58.4,
Manitoba,Females,55 to 64 years,All disability types,Mild,Employment Rate,Percent,57.0,
Manitoba,Females,55 to 64 years,All disability types,Mild,Age standardized employment rate,Percent,56.9,
Manitoba,Females,55 to 64 years,All disability types,Moderate,Total labour force,Number,3770.0,
Manitoba,Females,55 to 64 years,All disability types,Moderate,Employed,Number,2000.0,E
Manitoba,Females,55 to 64 years,All disability types,Moderate,Not in labour force,Number,1170.0,E
Manitoba,Females,55 to 64 years,All disability types,Moderate,Participation rate,Percent,66.9,
Manitoba,Females,55 to 64 years,All disability types,Moderate,Age standardized participation rate,Percent,67.1,
Manitoba,Females,55 to 64 years,All disability types,Moderate,Employment Rate,Percent,56.0,
Manitoba,Females,55 to 64 years,All disability types,Moderate,Age standardized employment rate,Percent,56.1,
Manitoba,Females,55 to 64 years,All disability types,Severe,Total labour force,Number,3790.0,
Manitoba,Females,55 to 64 years,All disability types,Severe,Employed,Number,980.0,E
Manitoba,Females,55 to 64 years,All disability types,Severe,Not in labour force,Number,2300.0,E
Manitoba,Females,55 to 64 years,All disability types,Severe,Participation rate,Percent,34.8,E
Manitoba,Females,55 to 64 years,All disability types,Severe,Age standardized participation rate,Percent,34.8,E
Manitoba,Females,55 to 64 years,All disability types,Severe,Employment Rate,Percent,27.8,E
Manitoba,Females,55 to 64 years,All disability types,Severe,Age standardized employment rate,Percent,27.7,E
Manitoba,Females,55 to 64 years,All disability types,Very Severe,Total labour force,Number,5750.0,
Manitoba,Females,55 to 64 years,All disability types,Very Severe,Employed,Number,1440.0,E
Manitoba,Females,55 to 64 years,All disability types,Very Severe,Not in labour force,Number,3870.0,E
Manitoba,Females,55 to 64 years,All disability types,Very Severe,Participation rate,Percent,27.1,E
Manitoba,Females,55 to 64 years,All disability types,Very Severe,Age standardized participation rate,Percent,27.1,E
Manitoba,Females,55 to 64 years,All disability types,Very Severe,Employment Rate,Percent,27.1,E
Manitoba,Females,55 to 64 years,All disability types,Very Severe,Age standardized employment rate,Percent,27.1,E
Manitoba,Females,55 to 64 years,Seeing,Moderate,Total labour force,Number,1210.0,E
Manitoba,Females,55 to 64 years,Seeing,Severe,Total labour force,Number,1080.0,E
Manitoba,Females,55 to 64 years,Seeing,Very Severe,Total labour force,Number,2040.0,E
Manitoba,Females,55 to 64 years,Seeing,Very Severe,Not in labour force,Number,1400.0,E
Manitoba,Females,55 to 64 years,Hearing,Very Severe,Total labour force,Number,1820.0,E
Manitoba,Females,55 to 64 years,Mobility,Moderate,Total labour force,Number,1950.0,E
Manitoba,Females,55 to 64 years,Mobility,Moderate,Employed,Number,1140.0,E
Manitoba,Females,55 to 64 years,Mobility,Moderate,Participation rate,Percent,63.3,
Manitoba,Females,55 to 64 years,Mobility,Moderate,Age standardized participation rate,Percent,63.4,
Manitoba,Females,55 to 64 years,Mobility,Moderate,Employment Rate,Percent,63.3,
Manitoba,Females,55 to 64 years,Mobility,Moderate,Age standardized employment rate,Percent,63.4,
Manitoba,Females,55 to 64 years,Mobility,Severe,Total labour force,Number,2770.0,E
Manitoba,Females,55 to 64 years,Mobility,Severe,Not in labour force,Number,1740.0,E
Manitoba,Females,55 to 64 years,Mobility,Severe,Participation rate,Percent,33.8,E
Manitoba,Females,55 to 64 years,Mobility,Severe,Age standardized participation rate,Percent,33.9,E
Manitoba,Females,55 to 64 years,Mobility,Very Severe,Total labour force,Number,5750.0,
Manitoba,Females,55 to 64 years,Mobility,Very Severe,Employed,Number,1440.0,E
Manitoba,Females,55 to 64 years,Mobility,Very Severe,Not in labour force,Number,3870.0,E
Manitoba,Females,55 to 64 years,Mobility,Very Severe,Participation rate,Percent,27.1,E
Manitoba,Females,55 to 64 years,Mobility,Very Severe,Age standardized participation rate,Percent,27.1,E
Manitoba,Females,55 to 64 years,Mobility,Very Severe,Employment Rate,Percent,27.1,E
Manitoba,Females,55 to 64 years,Mobility,Very Severe,Age standardized employment rate,Percent,27.1,E
Manitoba,Females,55 to 64 years,Flexibility,Moderate,Total labour force,Number,2380.0,E
Manitoba,Females,55 to 64 years,Flexibility,Moderate,Employed,Number,1200.0,E
Manitoba,Females,55 to 64 years,Flexibility,Moderate,Participation rate,Percent,70.2,
Manitoba,Females,55 to 64 years,Flexibility,Moderate,Age standardized participation rate,Percent,70.2,
Manitoba,Females,55 to 64 years,Flexibility,Moderate,Employment Rate,Percent,55.0,E
Manitoba,Females,55 to 64 years,Flexibility,Moderate,Age standardized employment rate,Percent,55.1,E
Manitoba,Females,55 to 64 years,Flexibility,Severe,Total labour force,Number,2720.0,E
Manitoba,Females,55 to 64 years,Flexibility,Severe,Not in labour force,Number,1590.0,E
Manitoba,Females,55 to 64 years,Flexibility,Severe,Participation rate,Percent,38.1,E
Manitoba,Females,55 to 64 years,Flexibility,Severe,Age standardized participation rate,Percent,38.3,E
Manitoba,Females,55 to 64 years,Flexibility,Severe,Employment Rate,Percent,30.7,E
Manitoba,Females,55 to 64 years,Flexibility,Severe,Age standardized employment rate,Percent,30.5,E
Manitoba,Females,55 to 64 years,Flexibility,Very Severe,Total labour force,Number,5520.0,
Manitoba,Females,55 to 64 years,Flexibility,Very Severe,Employed,Number,1440.0,E
Manitoba,Females,55 to 64 years,Flexibility,Very Severe,Not in labour force,Number,3700.0,E
Manitoba,Females,55 to 64 years,Flexibility,Very Severe,Participation rate,Percent,28.0,E
Manitoba,Females,55 to 64 years,Flexibility,Very Severe,Age standardized participation rate,Percent,28.0,E
Manitoba,Females,55 to 64 years,Flexibility,Very Severe,Employment Rate,Percent,28.0,E
Manitoba,Females,55 to 64 years,Flexibility,Very Severe,Age standardized employment rate,Percent,28.0,E
Manitoba,Females,55 to 64 years,Dexterity,Severe,Total labour force,Number,1260.0,E
Manitoba,Females,55 to 64 years,Dexterity,Very Severe,Total labour force,Number,4040.0,E
Manitoba,Females,55 to 64 years,Dexterity,Very Severe,Not in labour force,Number,2540.0,E
Manitoba,Females,55 to 64 years,Pain,Mild,Total labour force,Number,2350.0,E
Manitoba,Females,55 to 64 years,Pain,Mild,Employed,Number,1510.0,E
Manitoba,Females,55 to 64 years,Pain,Mild,Participation rate,Percent,65.7,E
Manitoba,Females,55 to 64 years,Pain,Mild,Age standardized participation rate,Percent,65.7,E
Manitoba,Females,55 to 64 years,Pain,Mild,Employment Rate,Percent,65.7,E
Manitoba,Females,55 to 64 years,Pain,Mild,Age standardized employment rate,Percent,65.7,E
Manitoba,Females,55 to 64 years,Pain,Moderate,Total labour force,Number,3170.0,E
Manitoba,Females,55 to 64 years,Pain,Moderate,Employed,Number,1790.0,E
Manitoba,Females,55 to 64 years,Pain,Moderate,Not in labour force,Number,790.0,E
Manitoba,Females,55 to 64 years,Pain,Moderate,Participation rate,Percent,73.4,
Manitoba,Females,55 to 64 years,Pain,Moderate,Age standardized participation rate,Percent,73.4,
Manitoba,Females,55 to 64 years,Pain,Moderate,Employment Rate,Percent,60.3,
Manitoba,Females,55 to 64 years,Pain,Moderate,Age standardized employment rate,Percent,60.2,
Manitoba,Females,55 to 64 years,Pain,Severe,Total labour force,Number,2930.0,E
Manitoba,Females,55 to 64 years,Pain,Severe,Employed,Number,980.0,E
Manitoba,Females,55 to 64 years,Pain,Severe,Not in labour force,Number,1650.0,E
Manitoba,Females,55 to 64 years,Pain,Severe,Participation rate,Percent,42.9,E
Manitoba,Females,55 to 64 years,Pain,Severe,Age standardized participation rate,Percent,42.7,E
Manitoba,Females,55 to 64 years,Pain,Severe,Employment Rate,Percent,34.1,E
Manitoba,Females,55 to 64 years,Pain,Severe,Age standardized employment rate,Percent,34.0,E
Manitoba,Females,55 to 64 years,Pain,Very Severe,Total labour force,Number,5560.0,
Manitoba,Females,55 to 64 years,Pain,Very Severe,Employed,Number,1370.0,E
Manitoba,Females,55 to 64 years,Pain,Very Severe,Not in labour force,Number,3750.0,E
Manitoba,Females,55 to 64 years,Pain,Very Severe,Participation rate,Percent,26.8,E
Manitoba,Females,55 to 64 years,Pain,Very Severe,Age standardized participation rate,Percent,26.8,E
Manitoba,Females,55 to 64 years,Pain,Very Severe,Employment Rate,Percent,26.8,E
Manitoba,Females,55 to 64 years,Pain,Very Severe,Age standardized employment rate,Percent,26.8,E
Manitoba,Females,55 to 64 years,Learning,Very Severe,Total labour force,Number,1180.0,E
Manitoba,Females,55 to 64 years,Memory,Very Severe,Total labour force,Number,1860.0,E
Manitoba,Females,55 to 64 years,Memory,Very Severe,Not in labour force,Number,1340.0,E
Manitoba,Females,55 to 64 years,Mental and/or psychological,Very Severe,Total labour force,Number,2660.0,E
Manitoba,Females,55 to 64 years,Mental and/or psychological,Very Severe,Not in labour force,Number,2090.0,E
Saskatchewan,Males,15 to 24 years,All disability types,Mild,Total labour force,Number,1370.0,
Saskatchewan,Males,15 to 24 years,All disability types,Mild,Employed,Number,620.0,E
Saskatchewan,Males,15 to 24 years,All disability types,Mild,Not in labour force,Number,700.0,E
Saskatchewan,Males,15 to 24 years,All disability types,Mild,Participation rate,Percent,49.3,
Saskatchewan,Males,15 to 24 years,All disability types,Mild,Age standardized participation rate,Percent,48.8,
Saskatchewan,Males,15 to 24 years,All disability types,Mild,Employment Rate,Percent,45.6,
Saskatchewan,Males,15 to 24 years,All disability types,Mild,Age standardized employment rate,Percent,45.1,
Saskatchewan,Males,15 to 24 years,All disability types,Moderate,Total labour force,Number,590.0,E
Saskatchewan,Males,15 to 24 years,All disability types,Moderate,Employed,Number,290.0,E
Saskatchewan,Males,15 to 24 years,All disability types,Moderate,Not in labour force,Number,270.0,E
Saskatchewan,Males,15 to 24 years,All disability types,Moderate,Participation rate,Percent,53.4,E
Saskatchewan,Males,15 to 24 years,All disability types,Moderate,Age standardized participation rate,Percent,53.2,E
Saskatchewan,Males,15 to 24 years,All disability types,Moderate,Employment Rate,Percent,50.0,E
Saskatchewan,Males,15 to 24 years,All disability types,Moderate,Age standardized employment rate,Percent,49.3,E
Saskatchewan,Males,15 to 24 years,All disability types,Severe,Total labour force,Number,350.0,E
Saskatchewan,Males,15 to 24 years,All disability types,Severe,Not in labour force,Number,190.0,E
Saskatchewan,Males,15 to 24 years,All disability types,Severe,Participation rate,Percent,47.1,E
Saskatchewan,Males,15 to 24 years,All disability types,Severe,Age standardized participation rate,Percent,45.4,E
Saskatchewan,Males,15 to 24 years,All disability types,Very Severe,Total labour force,Number,240.0,E
Saskatchewan,Males,15 to 24 years,All disability types,Very Severe,Not in labour force,Number,130.0,E
Saskatchewan,Males,15 to 24 years,Mobility,Very Severe,Total labour force,Number,130.0,E
Saskatchewan,Males,15 to 24 years,Dexterity,Very Severe,Total labour force,Number,100.0,E
Saskatchewan,Males,15 to 24 years,Dexterity,Very Severe,Not in labour force,Number,90.0,E
Saskatchewan,Males,15 to 24 years,Pain,Mild,Total labour force,Number,280.0,E
Saskatchewan,Males,15 to 24 years,Pain,Mild,Employed,Number,210.0,E
Saskatchewan,Males,15 to 24 years,Pain,Mild,Participation rate,Percent,82.1,
Saskatchewan,Males,15 to 24 years,Pain,Mild,Age standardized participation rate,Percent,82.8,
Saskatchewan,Males,15 to 24 years,Pain,Mild,Employment Rate,Percent,75.0,
Saskatchewan,Males,15 to 24 years,Pain,Mild,Age standardized employment rate,Percent,73.6,
Saskatchewan,Males,15 to 24 years,Pain,Moderate,Total labour force,Number,260.0,E
Saskatchewan,Males,15 to 24 years,Pain,Moderate,Participation rate,Percent,73.1,
Saskatchewan,Males,15 to 24 years,Pain,Moderate,Age standardized participation rate,Percent,73.1,
Saskatchewan,Males,15 to 24 years,Pain,Moderate,Employment Rate,Percent,65.4,
Saskatchewan,Males,15 to 24 years,Pain,Moderate,Age standardized employment rate,Percent,64.3,
Saskatchewan,Males,15 to 24 years,Pain,Severe,Total labour force,Number,200.0,E
Saskatchewan,Males,15 to 24 years,Pain,Very Severe,Total labour force,Number,140.0,E
Saskatchewan,Males,15 to 24 years,Learning,Mild,Total labour force,Number,250.0,E
Saskatchewan,Males,15 to 24 years,Learning,Mild,Not in labour force,Number,110.0,E
Saskatchewan,Males,15 to 24 years,Learning,Mild,Participation rate,Percent,54.2,E
Saskatchewan,Males,15 to 24 years,Learning,Mild,Age standardized participation rate,Percent,52.8,E
Saskatchewan,Males,15 to 24 years,Learning,Moderate,Total labour force,Number,290.0,E
Saskatchewan,Males,15 to 24 years,Learning,Moderate,Participation rate,Percent,55.2,E
Saskatchewan,Males,15 to 24 years,Learning,Moderate,Age standardized participation rate,Percent,56.0,E
Saskatchewan,Males,15 to 24 years,Learning,Moderate,Employment Rate,Percent,48.3,E
Saskatchewan,Males,15 to 24 years,Learning,Moderate,Age standardized employment rate,Percent,48.1,E
Saskatchewan,Males,15 to 24 years,Learning,Severe,Total labour force,Number,230.0,E
Saskatchewan,Males,15 to 24 years,Learning,Very Severe,Total labour force,Number,160.0,E
Saskatchewan,Males,15 to 24 years,Learning,Very Severe,Not in labour force,Number,90.0,E
Saskatchewan,Males,15 to 24 years,Memory,Mild,Total labour force,Number,90.0,E
Saskatchewan,Males,15 to 24 years,Memory,Very Severe,Total labour force,Number,130.0,E
Saskatchewan,Males,15 to 24 years,Developmental,Mild,Total labour force,Number,360.0,E
Saskatchewan,Males,15 to 24 years,Developmental,Moderate,Total labour force,Number,110.0,E
Saskatchewan,Males,15 to 24 years,Developmental,Severe,Total labour force,Number,200.0,E
Saskatchewan,Males,15 to 24 years,Developmental,Very Severe,Total labour force,Number,140.0,E
Saskatchewan,Males,15 to 24 years,Developmental,Very Severe,Not in labour force,Number,100.0,E
Saskatchewan,Males,15 to 24 years,Mental and/or psychological,Mild,Total labour force,Number,390.0,E
Saskatchewan,Males,15 to 24 years,Mental and/or psychological,Mild,Participation rate,Percent,48.7,E
Saskatchewan,Males,15 to 24 years,Mental and/or psychological,Mild,Age standardized participation rate,Percent,48.3,E
Saskatchewan,Males,15 to 24 years,Mental and/or psychological,Mild,Employment Rate,Percent,48.7,E
Saskatchewan,Males,15 to 24 years,Mental and/or psychological,Mild,Age standardized employment rate,Percent,48.3,E
Saskatchewan,Males,15 to 24 years,Mental and/or psychological,Moderate,Total labour force,Number,180.0,E
Saskatchewan,Males,15 to 24 years,Mental and/or psychological,Severe,Total labour force,Number,140.0,E
Saskatchewan,Males,15 to 24 years,Mental and/or psychological,Very Severe,Total labour force,Number,150.0,E
Saskatchewan,Males,15 to 24 years,Mental and/or psychological,Very Severe,Not in labour force,Number,90.0,E
Saskatchewan,Males,25 to 34 years,All disability types,Mild,Total labour force,Number,1280.0,E
Saskatchewan,Males,25 to 34 years,All disability types,Mild,Employed,Number,1020.0,E
Saskatchewan,Males,25 to 34 years,All disability types,Mild,Participation rate,Percent,100.0,
Saskatchewan,Males,25 to 34 years,All disability types,Mild,Age standardized participation rate,Percent,100.0,
Saskatchewan,Males,25 to 34 years,All disability types,Mild,Employment Rate,Percent,82.9,
Saskatchewan,Males,25 to 34 years,All disability types,Mild,Age standardized employment rate,Percent,83.1,
Saskatchewan,Males,25 to 34 years,All disability types,Moderate,Participation rate,Percent,60.5,E
Saskatchewan,Males,25 to 34 years,All disability types,Moderate,Age standardized participation rate,Percent,60.7,E
Saskatchewan,Males,25 to 34 years,All disability types,Moderate,Employment Rate,Percent,60.5,E
Saskatchewan,Males,25 to 34 years,All disability types,Moderate,Age standardized employment rate,Percent,60.7,E
Saskatchewan,Males,25 to 34 years,All disability types,Severe,Total labour force,Number,620.0,E
Saskatchewan,Males,25 to 34 years,Pain,Mild,Total labour force,Number,500.0,E
Saskatchewan,Males,25 to 34 years,Pain,Mild,Employed,Number,480.0,E
Saskatchewan,Males,25 to 34 years,Pain,Mild,Participation rate,Percent,100.0,
Saskatchewan,Males,25 to 34 years,Pain,Mild,Age standardized participation rate,Percent,100.0,
Saskatchewan,Males,25 to 34 years,Pain,Mild,Employment Rate,Percent,100.0,
Saskatchewan,Males,25 to 34 years,Pain,Mild,Age standardized employment rate,Percent,100.0,
Saskatchewan,Males,25 to 34 years,Pain,Severe,Total labour force,Number,600.0,E
Saskatchewan,Males,35 to 44 years,All disability types,Mild,Total labour force,Number,1660.0,E
Saskatchewan,Males,35 to 44 years,All disability types,Mild,Employed,Number,1540.0,E
Saskatchewan,Males,35 to 44 years,All disability types,Mild,Participation rate,Percent,97.0,
Saskatchewan,Males,35 to 44 years,All disability types,Mild,Age standardized participation rate,Percent,97.0,
Saskatchewan,Males,35 to 44 years,All disability types,Mild,Employment Rate,Percent,93.9,
Saskatchewan,Males,35 to 44 years,All disability types,Mild,Age standardized employment rate,Percent,93.7,
Saskatchewan,Males,35 to 44 years,All disability types,Moderate,Total labour force,Number,880.0,E
Saskatchewan,Males,35 to 44 years,All disability types,Moderate,Employed,Number,520.0,E
Saskatchewan,Males,35 to 44 years,All disability types,Moderate,Participation rate,Percent,88.1,
Saskatchewan,Males,35 to 44 years,All disability types,Moderate,Age standardized participation rate,Percent,87.6,
Saskatchewan,Males,35 to 44 years,All disability types,Moderate,Employment Rate,Percent,61.9,E
Saskatchewan,Males,35 to 44 years,All disability types,Moderate,Age standardized employment rate,Percent,62.3,E
Saskatchewan,Males,35 to 44 years,All disability types,Severe,Total labour force,Number,1210.0,E
Saskatchewan,Males,35 to 44 years,All disability types,Severe,Employed,Number,970.0,E
Saskatchewan,Males,35 to 44 years,All disability types,Severe,Participation rate,Percent,83.5,
Saskatchewan,Males,35 to 44 years,All disability types,Severe,Age standardized participation rate,Percent,82.9,
Saskatchewan,Males,35 to 44 years,All disability types,Severe,Employment Rate,Percent,80.2,
Saskatchewan,Males,35 to 44 years,All disability types,Severe,Age standardized employment rate,Percent,80.0,
Saskatchewan,Males,35 to 44 years,All disability types,Very Severe,Total labour force,Number,540.0,E
Saskatchewan,Males,35 to 44 years,Flexibility,Moderate,Total labour force,Number,490.0,E
Saskatchewan,Males,35 to 44 years,Flexibility,Moderate,Participation rate,Percent,90.9,
Saskatchewan,Males,35 to 44 years,Flexibility,Moderate,Age standardized participation rate,Percent,90.1,
Saskatchewan,Males,35 to 44 years,Flexibility,Severe,Total labour force,Number,1000.0,E
Saskatchewan,Males,35 to 44 years,Flexibility,Severe,Employed,Number,860.0,E
Saskatchewan,Males,35 to 44 years,Flexibility,Severe,Participation rate,Percent,90.0,
Saskatchewan,Males,35 to 44 years,Flexibility,Severe,Age standardized participation rate,Percent,89.8,
Saskatchewan,Males,35 to 44 years,Flexibility,Severe,Employment Rate,Percent,86.0,
Saskatchewan,Males,35 to 44 years,Flexibility,Severe,Age standardized employment rate,Percent,86.2,
Saskatchewan,Males,35 to 44 years,Flexibility,Very Severe,Total labour force,Number,540.0,E
Saskatchewan,Males,35 to 44 years,Pain,Mild,Total labour force,Number,970.0,E
Saskatchewan,Males,35 to 44 years,Pain,Mild,Employed,Number,920.0,E
Saskatchewan,Males,35 to 44 years,Pain,Mild,Participation rate,Percent,100.0,
Saskatchewan,Males,35 to 44 years,Pain,Mild,Age standardized participation rate,Percent,100.0,
Saskatchewan,Males,35 to 44 years,Pain,Mild,Employment Rate,Percent,96.8,
Saskatchewan,Males,35 to 44 years,Pain,Mild,Age standardized employment rate,Percent,97.0,
Saskatchewan,Males,35 to 44 years,Pain,Moderate,Total labour force,Number,580.0,E
Saskatchewan,Males,35 to 44 years,Pain,Moderate,Employed,Number,330.0,E
Saskatchewan,Males,35 to 44 years,Pain,Moderate,Participation rate,Percent,96.4,
Saskatchewan,Males,35 to 44 years,Pain,Moderate,Age standardized participation rate,Percent,96.6,
Saskatchewan,Males,35 to 44 years,Pain,Moderate,Employment Rate,Percent,58.9,E
Saskatchewan,Males,35 to 44 years,Pain,Moderate,Age standardized employment rate,Percent,58.8,E
Saskatchewan,Males,35 to 44 years,Pain,Severe,Total labour force,Number,1110.0,E
Saskatchewan,Males,35 to 44 years,Pain,Severe,Employed,Number,910.0,E
Saskatchewan,Males,35 to 44 years,Pain,Severe,Participation rate,Percent,85.6,
Saskatchewan,Males,35 to 44 years,Pain,Severe,Age standardized participation rate,Percent,85.8,
Saskatchewan,Males,35 to 44 years,Pain,Severe,Employment Rate,Percent,82.0,
Saskatchewan,Males,35 to 44 years,Pain,Severe,Age standardized employment rate,Percent,82.5,
Saskatchewan,Males,35 to 44 years,Pain,Very Severe,Total labour force,Number,540.0,E
Saskatchewan,Males,45 to 54 years,All disability types,Mild,Total labour force,Number,3280.0,
Saskatchewan,Males,45 to 54 years,All disability types,Mild,Employed,Number,2680.0,E
Saskatchewan,Males,45 to 54 years,All disability types,Mild,Participation rate,Percent,90.2,
Saskatchewan,Males,45 to 54 years,All disability types,Mild,Age standardized participation rate,Percent,90.2,
Saskatchewan,Males,45 to 54 years,All disability types,Mild,Employment Rate,Percent,81.7,
Saskatchewan,Males,45 to 54 years,All disability types,Mild,Age standardized employment rate,Percent,81.7,
Saskatchewan,Males,45 to 54 years,All disability types,Moderate,Total labour force,Number,2240.0,E
Saskatchewan,Males,45 to 54 years,All disability types,Moderate,Employed,Number,1720.0,E
Saskatchewan,Males,45 to 54 years,All disability types,Moderate,Participation rate,Percent,80.8,
Saskatchewan,Males,45 to 54 years,All disability types,Moderate,Age standardized participation rate,Percent,80.8,
Saskatchewan,Males,45 to 54 years,All disability types,Moderate,Employment Rate,Percent,80.8,
Saskatchewan,Males,45 to 54 years,All disability types,Moderate,Age standardized employment rate,Percent,80.8,
Saskatchewan,Males,45 to 54 years,All disability types,Severe,Total labour force,Number,1520.0,E
Saskatchewan,Males,45 to 54 years,All disability types,Severe,Employed,Number,650.0,E
Saskatchewan,Males,45 to 54 years,All disability types,Severe,Participation rate,Percent,56.8,E
Saskatchewan,Males,45 to 54 years,All disability types,Severe,Age standardized participation rate,Percent,57.3,E
Saskatchewan,Males,45 to 54 years,All disability types,Severe,Employment Rate,Percent,46.8,E
Saskatchewan,Males,45 to 54 years,All disability types,Severe,Age standardized employment rate,Percent,47.1,E
Saskatchewan,Males,45 to 54 years,All disability types,Very Severe,Total labour force,Number,1610.0,E
Saskatchewan,Males,45 to 54 years,Mobility,Very Severe,Total labour force,Number,1290.0,E
Saskatchewan,Males,45 to 54 years,Flexibility,Mild,Total labour force,Number,1660.0,E
Saskatchewan,Males,45 to 54 years,Flexibility,Mild,Employed,Number,1280.0,E
Saskatchewan,Males,45 to 54 years,Flexibility,Mild,Participation rate,Percent,94.0,
Saskatchewan,Males,45 to 54 years,Flexibility,Mild,Age standardized participation rate,Percent,93.9,
Saskatchewan,Males,45 to 54 years,Flexibility,Mild,Employment Rate,Percent,77.1,
Saskatchewan,Males,45 to 54 years,Flexibility,Mild,Age standardized employment rate,Percent,77.2,
Saskatchewan,Males,45 to 54 years,Flexibility,Moderate,Total labour force,Number,1320.0,E
Saskatchewan,Males,45 to 54 years,Flexibility,Moderate,Participation rate,Percent,74.4,E
Saskatchewan,Males,45 to 54 years,Flexibility,Moderate,Age standardized participation rate,Percent,74.8,E
Saskatchewan,Males,45 to 54 years,Flexibility,Moderate,Employment Rate,Percent,74.4,E
Saskatchewan,Males,45 to 54 years,Flexibility,Moderate,Age standardized employment rate,Percent,74.8,E
Saskatchewan,Males,45 to 54 years,Flexibility,Severe,Total labour force,Number,1280.0,E
Saskatchewan,Males,45 to 54 years,Flexibility,Very Severe,Total labour force,Number,1540.0,E
Saskatchewan,Males,45 to 54 years,Pain,Mild,Total labour force,Number,2250.0,E
Saskatchewan,Males,45 to 54 years,Pain,Mild,Employed,Number,1870.0,E
Saskatchewan,Males,45 to 54 years,Pain,Mild,Participation rate,Percent,92.4,
Saskatchewan,Males,45 to 54 years,Pain,Mild,Age standardized participation rate,Percent,92.8,
Saskatchewan,Males,45 to 54 years,Pain,Mild,Employment Rate,Percent,83.1,
Saskatchewan,Males,45 to 54 years,Pain,Mild,Age standardized employment rate,Percent,83.2,
Saskatchewan,Males,45 to 54 years,Pain,Moderate,Total labour force,Number,1960.0,E
Saskatchewan,Males,45 to 54 years,Pain,Moderate,Employed,Number,1530.0,E
Saskatchewan,Males,45 to 54 years,Pain,Moderate,Participation rate,Percent,82.7,
Saskatchewan,Males,45 to 54 years,Pain,Moderate,Age standardized participation rate,Percent,82.8,
Saskatchewan,Males,45 to 54 years,Pain,Moderate,Employment Rate,Percent,82.7,
Saskatchewan,Males,45 to 54 years,Pain,Moderate,Age standardized employment rate,Percent,82.8,
Saskatchewan,Males,45 to 54 years,Pain,Severe,Total labour force,Number,1520.0,E
Saskatchewan,Males,45 to 54 years,Pain,Severe,Employed,Number,650.0,E
Saskatchewan,Males,45 to 54 years,Pain,Severe,Participation rate,Percent,56.8,E
Saskatchewan,Males,45 to 54 years,Pain,Severe,Age standardized participation rate,Percent,57.3,E
Saskatchewan,Males,45 to 54 years,Pain,Severe,Employment Rate,Percent,46.8,E
Saskatchewan,Males,45 to 54 years,Pain,Severe,Age standardized employment rate,Percent,47.1,E
Saskatchewan,Males,45 to 54 years,Pain,Very Severe,Total labour force,Number,1540.0,E
Saskatchewan,Males,55 to 64 years,All disability types,Mild,Total labour force,Number,4490.0,
Saskatchewan,Males,55 to 64 years,All disability types,Mild,Employed,Number,3280.0,
Saskatchewan,Males,55 to 64 years,All disability types,Mild,Participation rate,Percent,82.0,
Saskatchewan,Males,55 to 64 years,All disability types,Mild,Age standardized participation rate,Percent,81.9,
Saskatchewan,Males,55 to 64 years,All disability types,Mild,Employment Rate,Percent,78.8,
Saskatchewan,Males,55 to 64 years,All disability types,Mild,Age standardized employment rate,Percent,78.7,
Saskatchewan,Males,55 to 64 years,All disability types,Moderate,Total labour force,Number,2730.0,E
Saskatchewan,Males,55 to 64 years,All disability types,Moderate,Employed,Number,1540.0,E
Saskatchewan,Males,55 to 64 years,All disability types,Moderate,Not in labour force,Number,1190.0,E
Saskatchewan,Males,55 to 64 years,All disability types,Moderate,Participation rate,Percent,56.4,E
Saskatchewan,Males,55 to 64 years,All disability types,Moderate,Age standardized participation rate,Percent,56.6,E
Saskatchewan,Males,55 to 64 years,All disability types,Moderate,Employment Rate,Percent,56.4,E
Saskatchewan,Males,55 to 64 years,All disability types,Moderate,Age standardized employment rate,Percent,56.6,E
Saskatchewan,Males,55 to 64 years,All disability types,Severe,Total labour force,Number,3560.0,E
Saskatchewan,Males,55 to 64 years,All disability types,Severe,Employed,Number,1650.0,E
Saskatchewan,Males,55 to 64 years,All disability types,Severe,Not in labour force,Number,1260.0,E
Saskatchewan,Males,55 to 64 years,All disability types,Severe,Participation rate,Percent,57.4,E
Saskatchewan,Males,55 to 64 years,All disability types,Severe,Age standardized participation rate,Percent,57.4,E
Saskatchewan,Males,55 to 64 years,All disability types,Severe,Employment Rate,Percent,55.7,E
Saskatchewan,Males,55 to 64 years,All disability types,Severe,Age standardized employment rate,Percent,55.6,E
Saskatchewan,Males,55 to 64 years,All disability types,Very Severe,Total labour force,Number,2450.0,E
Saskatchewan,Males,55 to 64 years,All disability types,Very Severe,Not in labour force,Number,1320.0,E
Saskatchewan,Males,55 to 64 years,Hearing,Mild,Total labour force,Number,920.0,E
Saskatchewan,Males,55 to 64 years,Hearing,Mild,Employed,Number,810.0,E
Saskatchewan,Males,55 to 64 years,Hearing,Mild,Participation rate,Percent,95.7,
Saskatchewan,Males,55 to 64 years,Hearing,Mild,Age standardized participation rate,Percent,95.2,
Saskatchewan,Males,55 to 64 years,Hearing,Mild,Employment Rate,Percent,88.0,
Saskatchewan,Males,55 to 64 years,Hearing,Mild,Age standardized employment rate,Percent,88.2,
Saskatchewan,Males,55 to 64 years,Hearing,Moderate,Total labour force,Number,1210.0,E
Saskatchewan,Males,55 to 64 years,Hearing,Moderate,Participation rate,Percent,66.1,E
Saskatchewan,Males,55 to 64 years,Hearing,Moderate,Age standardized participation rate,Percent,66.5,E
Saskatchewan,Males,55 to 64 years,Hearing,Moderate,Employment Rate,Percent,66.1,E
Saskatchewan,Males,55 to 64 years,Hearing,Moderate,Age standardized employment rate,Percent,66.5,E
Saskatchewan,Males,55 to 64 years,Mobility,Moderate,Total labour force,Number,1130.0,E
Saskatchewan,Males,55 to 64 years,Mobility,Severe,Total labour force,Number,2690.0,E
Saskatchewan,Males,55 to 64 years,Mobility,Very Severe,Total labour force,Number,2310.0,E
Saskatchewan,Males,55 to 64 years,Flexibility,Mild,Total labour force,Number,1020.0,E
Saskatchewan,Males,55 to 64 years,Flexibility,Mild,Employed,Number,860.0,E
Saskatchewan,Males,55 to 64 years,Flexibility,Mild,Participation rate,Percent,84.3,
Saskatchewan,Males,55 to 64 years,Flexibility,Mild,Age standardized participation rate,Percent,84.5,
Saskatchewan,Males,55 to 64 years,Flexibility,Mild,Employment Rate,Percent,84.3,
Saskatchewan,Males,55 to 64 years,Flexibility,Mild,Age standardized employment rate,Percent,84.5,
Saskatchewan,Males,55 to 64 years,Flexibility,Moderate,Total labour force,Number,1530.0,E
Saskatchewan,Males,55 to 64 years,Flexibility,Severe,Total labour force,Number,2540.0,E
Saskatchewan,Males,55 to 64 years,Flexibility,Severe,Not in labour force,Number,1200.0,E
Saskatchewan,Males,55 to 64 years,Flexibility,Very Severe,Total labour force,Number,2270.0,E
Saskatchewan,Males,55 to 64 years,Dexterity,Very Severe,Total labour force,Number,1220.0,E
Saskatchewan,Males,55 to 64 years,Pain,Mild,Total labour force,Number,2490.0,E
Saskatchewan,Males,55 to 64 years,Pain,Mild,Employed,Number,2030.0,E
Saskatchewan,Males,55 to 64 years,Pain,Mild,Participation rate,Percent,94.2,
Saskatchewan,Males,55 to 64 years,Pain,Mild,Age standardized participation rate,Percent,94.1,
Saskatchewan,Males,55 to 64 years,Pain,Mild,Employment Rate,Percent,91.0,
Saskatchewan,Males,55 to 64 years,Pain,Mild,Age standardized employment rate,Percent,91.2,
Saskatchewan,Males,55 to 64 years,Pain,Moderate,Total labour force,Number,2460.0,E
Saskatchewan,Males,55 to 64 years,Pain,Moderate,Employed,Number,1370.0,E
Saskatchewan,Males,55 to 64 years,Pain,Moderate,Participation rate,Percent,55.7,E
Saskatchewan,Males,55 to 64 years,Pain,Moderate,Age standardized participation rate,Percent,55.7,E
Saskatchewan,Males,55 to 64 years,Pain,Moderate,Employment Rate,Percent,55.7,E
Saskatchewan,Males,55 to 64 years,Pain,Moderate,Age standardized employment rate,Percent,55.7,E
Saskatchewan,Males,55 to 64 years,Pain,Severe,Total labour force,Number,3460.0,E
Saskatchewan,Males,55 to 64 years,Pain,Severe,Employed,Number,1650.0,E
Saskatchewan,Males,55 to 64 years,Pain,Severe,Participation rate,Percent,59.4,E
Saskatchewan,Males,55 to 64 years,Pain,Severe,Age standardized participation rate,Percent,59.4,E
Saskatchewan,Males,55 to 64 years,Pain,Severe,Employment Rate,Percent,57.7,E
Saskatchewan,Males,55 to 64 years,Pain,Severe,Age standardized employment rate,Percent,57.6,E
Saskatchewan,Males,55 to 64 years,Pain,Very Severe,Total labour force,Number,2090.0,E
Saskatchewan,Males,55 to 64 years,Pain,Very Severe,Not in labour force,Number,960.0,E
Saskatchewan,Females,15 to 24 years,All disability types,Mild,Total labour force,Number,1360.0,
Saskatchewan,Females,15 to 24 years,All disability types,Mild,Employed,Number,820.0,
Saskatchewan,Females,15 to 24 years,All disability types,Mild,Not in labour force,Number,390.0,E
Saskatchewan,Females,15 to 24 years,All disability types,Mild,Participation rate,Percent,69.0,
Saskatchewan,Females,15 to 24 years,All disability types,Mild,Age standardized participation rate,Percent,69.3,
Saskatchewan,Females,15 to 24 years,All disability types,Mild,Employment Rate,Percent,65.1,
Saskatchewan,Females,15 to 24 years,All disability types,Mild,Age standardized employment rate,Percent,65.4,
Saskatchewan,Females,15 to 24 years,All disability types,Moderate,Total labour force,Number,470.0,E
Saskatchewan,Females,15 to 24 years,All disability types,Moderate,Employed,Number,240.0,E
Saskatchewan,Females,15 to 24 years,All disability types,Moderate,Not in labour force,Number,140.0,E
Saskatchewan,Females,15 to 24 years,All disability types,Moderate,Participation rate,Percent,68.9,
Saskatchewan,Females,15 to 24 years,All disability types,Moderate,Age standardized participation rate,Percent,68.7,
Saskatchewan,Females,15 to 24 years,All disability types,Moderate,Employment Rate,Percent,53.3,
Saskatchewan,Females,15 to 24 years,All disability types,Moderate,Age standardized employment rate,Percent,53.7,
Saskatchewan,Females,15 to 24 years,All disability types,Severe,Participation rate,Percent,49.4,
Saskatchewan,Females,15 to 24 years,All disability types,Severe,Age standardized participation rate,Percent,49.2,
Saskatchewan,Females,15 to 24 years,All disability types,Very Severe,Total labour force,Number,390.0,E
Saskatchewan,Females,15 to 24 years,Hearing,Mild,Total labour force,Number,210.0,E
Saskatchewan,Females,15 to 24 years,Mobility,Moderate,Total labour force,Number,140.0,E
Saskatchewan,Females,15 to 24 years,Mobility,Very Severe,Total labour force,Number,330.0,E
Saskatchewan,Females,15 to 24 years,Flexibility,Very Severe,Total labour force,Number,340.0,E
Saskatchewan,Females,15 to 24 years,Dexterity,Very Severe,Total labour force,Number,330.0,E
Saskatchewan,Females,15 to 24 years,Pain,Mild,Total labour force,Number,470.0,
Saskatchewan,Females,15 to 24 years,Pain,Mild,Employed,Number,360.0,E
Saskatchewan,Females,15 to 24 years,Pain,Mild,Participation rate,Percent,86.0,
Saskatchewan,Females,15 to 24 years,Pain,Mild,Age standardized participation rate,Percent,85.2,
Saskatchewan,Females,15 to 24 years,Pain,Mild,Employment Rate,Percent,83.7,
Saskatchewan,Females,15 to 24 years,Pain,Mild,Age standardized employment rate,Percent,83.0,
Saskatchewan,Females,15 to 24 years,Pain,Moderate,Total labour force,Number,270.0,E
Saskatchewan,Females,15 to 24 years,Pain,Moderate,Employed,Number,120.0,E
Saskatchewan,Females,15 to 24 years,Pain,Moderate,Participation rate,Percent,73.1,
Saskatchewan,Females,15 to 24 years,Pain,Moderate,Age standardized participation rate,Percent,72.1,
Saskatchewan,Females,15 to 24 years,Pain,Moderate,Employment Rate,Percent,46.2,E
Saskatchewan,Females,15 to 24 years,Pain,Moderate,Age standardized employment rate,Percent,46.1,E
Saskatchewan,Females,15 to 24 years,Pain,Very Severe,Total labour force,Number,270.0,E
Saskatchewan,Females,15 to 24 years,Learning,Mild,Total labour force,Number,230.0,E
Saskatchewan,Females,15 to 24 years,Learning,Mild,Employed,Number,130.0,E
Saskatchewan,Females,15 to 24 years,Learning,Mild,Participation rate,Percent,63.6,E
Saskatchewan,Females,15 to 24 years,Learning,Mild,Age standardized participation rate,Percent,62.9,E
Saskatchewan,Females,15 to 24 years,Learning,Mild,Employment Rate,Percent,59.1,E
Saskatchewan,Females,15 to 24 years,Learning,Mild,Age standardized employment rate,Percent,58.5,E
Saskatchewan,Females,15 to 24 years,Learning,Moderate,Total labour force,Number,140.0,E
Saskatchewan,Females,15 to 24 years,Learning,Very Severe,Total labour force,Number,350.0,E
Saskatchewan,Females,15 to 24 years,Mental and/or psychological,Mild,Total labour force,Number,400.0,E
Saskatchewan,Females,15 to 24 years,Mental and/or psychological,Mild,Employed,Number,240.0,E
Saskatchewan,Females,15 to 24 years,Mental and/or psychological,Mild,Participation rate,Percent,66.7,E
Saskatchewan,Females,15 to 24 years,Mental and/or psychological,Mild,Age standardized participation rate,Percent,66.4,E
Saskatchewan,Females,15 to 24 years,Mental and/or psychological,Mild,Employment Rate,Percent,61.5,E
Saskatchewan,Females,15 to 24 years,Mental and/or psychological,Mild,Age standardized employment rate,Percent,61.9,E
Saskatchewan,Females,15 to 24 years,Mental and/or psychological,Moderate,Total labour force,Number,260.0,E
Saskatchewan,Females,15 to 24 years,Mental and/or psychological,Moderate,Employed,Number,160.0,E
Saskatchewan,Females,15 to 24 years,Mental and/or psychological,Moderate,Participation rate,Percent,70.8,
Saskatchewan,Females,15 to 24 years,Mental and/or psychological,Moderate,Age standardized participation rate,Percent,73.4,
Saskatchewan,Females,15 to 24 years,Mental and/or psychological,Moderate,Employment Rate,Percent,66.7,
Saskatchewan,Females,15 to 24 years,Mental and/or psychological,Moderate,Age standardized employment rate,Percent,66.9,
Saskatchewan,Females,15 to 24 years,Mental and/or psychological,Severe,Total labour force,Number,520.0,E
Saskatchewan,Females,15 to 24 years,Mental and/or psychological,Severe,Not in labour force,Number,130.0,E
Saskatchewan,Females,15 to 24 years,Mental and/or psychological,Severe,Participation rate,Percent,75.0,
Saskatchewan,Females,15 to 24 years,Mental and/or psychological,Severe,Age standardized participation rate,Percent,75.4,
Saskatchewan,Females,15 to 24 years,Mental and/or psychological,Very Severe,Total labour force,Number,280.0,E
Saskatchewan,Females,25 to 34 years,All disability types,Mild,Total labour force,Number,1730.0,E
Saskatchewan,Females,25 to 34 years,All disability types,Mild,Employed,Number,1170.0,E
Saskatchewan,Females,25 to 34 years,All disability types,Mild,Participation rate,Percent,72.3,
Saskatchewan,Females,25 to 34 years,All disability types,Mild,Age standardized participation rate,Percent,72.6,
Saskatchewan,Females,25 to 34 years,All disability types,Mild,Employment Rate,Percent,70.5,
Saskatchewan,Females,25 to 34 years,All disability types,Mild,Age standardized employment rate,Percent,70.4,
Saskatchewan,Females,25 to 34 years,All disability types,Moderate,Total labour force,Number,750.0,E
Saskatchewan,Females,25 to 34 years,All disability types,Moderate,Participation rate,Percent,59.7,E
Saskatchewan,Females,25 to 34 years,All disability types,Moderate,Age standardized participation rate,Percent,60.7,E
Saskatchewan,Females,25 to 34 years,All disability types,Moderate,Employment Rate,Percent,56.9,E
Saskatchewan,Females,25 to 34 years,All disability types,Moderate,Age standardized employment rate,Percent,57.3,E
Saskatchewan,Females,25 to 34 years,All disability types,Very Severe,Total labour force,Number,560.0,E
Saskatchewan,Females,25 to 34 years,Flexibility,Very Severe,Total labour force,Number,450.0,E
Saskatchewan,Females,25 to 34 years,Pain,Mild,Total labour force,Number,760.0,E
Saskatchewan,Females,25 to 34 years,Pain,Mild,Employed,Number,530.0,E
Saskatchewan,Females,25 to 34 years,Pain,Mild,Participation rate,Percent,69.7,E
Saskatchewan,Females,25 to 34 years,Pain,Mild,Age standardized participation rate,Percent,69.6,E
Saskatchewan,Females,25 to 34 years,Pain,Mild,Employment Rate,Percent,69.7,E
Saskatchewan,Females,25 to 34 years,Pain,Mild,Age standardized employment rate,Percent,69.6,E
Saskatchewan,Females,25 to 34 years,Pain,Very Severe,Total labour force,Number,470.0,E
Saskatchewan,Females,25 to 34 years,Mental and/or psychological,Mild,Total labour force,Number,560.0,E
Saskatchewan,Females,25 to 34 years,Mental and/or psychological,Mild,Employed,Number,360.0,E
Saskatchewan,Females,25 to 34 years,Mental and/or psychological,Mild,Participation rate,Percent,75.0,E
Saskatchewan,Females,25 to 34 years,Mental and/or psychological,Mild,Age standardized participation rate,Percent,74.9,E
Saskatchewan,Females,25 to 34 years,Mental and/or psychological,Mild,Employment Rate,Percent,69.2,E
Saskatchewan,Females,25 to 34 years,Mental and/or psychological,Mild,Age standardized employment rate,Percent,67.8,E
Saskatchewan,Females,35 to 44 years,All disability types,Mild,Total labour force,Number,2010.0,E
Saskatchewan,Females,35 to 44 years,All disability types,Mild,Employed,Number,1810.0,E
Saskatchewan,Females,35 to 44 years,All disability types,Mild,Participation rate,Percent,94.8,
Saskatchewan,Females,35 to 44 years,All disability types,Mild,Age standardized participation rate,Percent,95.1,
Saskatchewan,Females,35 to 44 years,All disability types,Mild,Employment Rate,Percent,94.8,
Saskatchewan,Females,35 to 44 years,All disability types,Mild,Age standardized employment rate,Percent,95.1,
Saskatchewan,Females,35 to 44 years,All disability types,Moderate,Total labour force,Number,1070.0,E
Saskatchewan,Females,35 to 44 years,All disability types,Moderate,Employed,Number,710.0,E
Saskatchewan,Females,35 to 44 years,All disability types,Moderate,Participation rate,Percent,81.0,
Saskatchewan,Females,35 to 44 years,All disability types,Moderate,Age standardized participation rate,Percent,81.1,
Saskatchewan,Females,35 to 44 years,All disability types,Moderate,Employment Rate,Percent,67.6,
Saskatchewan,Females,35 to 44 years,All disability types,Moderate,Age standardized employment rate,Percent,67.9,
Saskatchewan,Females,35 to 44 years,All disability types,Severe,Total labour force,Number,1080.0,E
Saskatchewan,Females,35 to 44 years,All disability types,Severe,Participation rate,Percent,71.8,
Saskatchewan,Females,35 to 44 years,All disability types,Severe,Age standardized participation rate,Percent,71.6,
Saskatchewan,Females,35 to 44 years,All disability types,Severe,Employment Rate,Percent,71.8,
Saskatchewan,Females,35 to 44 years,All disability types,Severe,Age standardized employment rate,Percent,71.6,
Saskatchewan,Females,35 to 44 years,All disability types,Very Severe,Total labour force,Number,1370.0,E
Saskatchewan,Females,35 to 44 years,All disability types,Very Severe,Not in labour force,Number,460.0,E
Saskatchewan,Females,35 to 44 years,All disability types,Very Severe,Participation rate,Percent,64.3,E
Saskatchewan,Females,35 to 44 years,All disability types,Very Severe,Age standardized participation rate,Percent,63.7,E
Saskatchewan,Females,35 to 44 years,All disability types,Very Severe,Employment Rate,Percent,58.7,E
Saskatchewan,Females,35 to 44 years,All disability types,Very Severe,Age standardized employment rate,Percent,58.2,E
Saskatchewan,Females,35 to 44 years,Hearing,Mild,Total labour force,Number,170.0,E
Saskatchewan,Females,35 to 44 years,Hearing,Mild,Employed,Number,170.0,E
Saskatchewan,Females,35 to 44 years,Hearing,Mild,Participation rate,Percent,100.0,
Saskatchewan,Females,35 to 44 years,Hearing,Mild,Age standardized participation rate,Percent,100.0,
Saskatchewan,Females,35 to 44 years,Hearing,Mild,Employment Rate,Percent,100.0,
Saskatchewan,Females,35 to 44 years,Hearing,Mild,Age standardized employment rate,Percent,100.0,
Saskatchewan,Females,35 to 44 years,Mobility,Moderate,Total labour force,Number,650.0,E
Saskatchewan,Females,35 to 44 years,Mobility,Moderate,Employed,Number,440.0,E
Saskatchewan,Females,35 to 44 years,Mobility,Moderate,Participation rate,Percent,76.2,
Saskatchewan,Females,35 to 44 years,Mobility,Moderate,Age standardized participation rate,Percent,77.5,
Saskatchewan,Females,35 to 44 years,Mobility,Moderate,Employment Rate,Percent,69.8,
Saskatchewan,Females,35 to 44 years,Mobility,Moderate,Age standardized employment rate,Percent,70.2,
Saskatchewan,Females,35 to 44 years,Mobility,Very Severe,Total labour force,Number,1310.0,E
Saskatchewan,Females,35 to 44 years,Mobility,Very Severe,Not in labour force,Number,440.0,E
Saskatchewan,Females,35 to 44 years,Mobility,Very Severe,Participation rate,Percent,63.6,E
Saskatchewan,Females,35 to 44 years,Mobility,Very Severe,Age standardized participation rate,Percent,63.8,E
Saskatchewan,Females,35 to 44 years,Flexibility,Moderate,Total labour force,Number,610.0,E
Saskatchewan,Females,35 to 44 years,Flexibility,Moderate,Employed,Number,380.0,E
Saskatchewan,Females,35 to 44 years,Flexibility,Moderate,Participation rate,Percent,88.1,
Saskatchewan,Females,35 to 44 years,Flexibility,Moderate,Age standardized participation rate,Percent,87.5,
Saskatchewan,Females,35 to 44 years,Flexibility,Moderate,Employment Rate,Percent,64.4,E
Saskatchewan,Females,35 to 44 years,Flexibility,Moderate,Age standardized employment rate,Percent,64.1,E
Saskatchewan,Females,35 to 44 years,Flexibility,Severe,Total labour force,Number,750.0,E
Saskatchewan,Females,35 to 44 years,Flexibility,Severe,Participation rate,Percent,67.1,E
Saskatchewan,Females,35 to 44 years,Flexibility,Severe,Age standardized participation rate,Percent,66.9,E
Saskatchewan,Females,35 to 44 years,Flexibility,Severe,Employment Rate,Percent,67.1,E
Saskatchewan,Females,35 to 44 years,Flexibility,Severe,Age standardized employment rate,Percent,66.9,E
Saskatchewan,Females,35 to 44 years,Flexibility,Very Severe,Total labour force,Number,1310.0,E
Saskatchewan,Females,35 to 44 years,Flexibility,Very Severe,Not in labour force,Number,420.0,E
Saskatchewan,Females,35 to 44 years,Flexibility,Very Severe,Participation rate,Percent,65.8,E
Saskatchewan,Females,35 to 44 years,Flexibility,Very Severe,Age standardized participation rate,Percent,65.4,E
Saskatchewan,Females,35 to 44 years,Flexibility,Very Severe,Employment Rate,Percent,61.7,E
Saskatchewan,Females,35 to 44 years,Flexibility,Very Severe,Age standardized employment rate,Percent,61.2,E
Saskatchewan,Females,35 to 44 years,Dexterity,Very Severe,Total labour force,Number,570.0,E
Saskatchewan,Females,35 to 44 years,Pain,Mild,Total labour force,Number,1420.0,E
Saskatchewan,Females,35 to 44 years,Pain,Mild,Employed,Number,1320.0,E
Saskatchewan,Females,35 to 44 years,Pain,Mild,Participation rate,Percent,96.4,
Saskatchewan,Females,35 to 44 years,Pain,Mild,Age standardized participation rate,Percent,96.1,
Saskatchewan,Females,35 to 44 years,Pain,Mild,Employment Rate,Percent,96.4,
Saskatchewan,Females,35 to 44 years,Pain,Mild,Age standardized employment rate,Percent,96.1,
Saskatchewan,Females,35 to 44 years,Pain,Moderate,Total labour force,Number,930.0,E
Saskatchewan,Females,35 to 44 years,Pain,Moderate,Employed,Number,630.0,E
Saskatchewan,Females,35 to 44 years,Pain,Moderate,Participation rate,Percent,84.6,
Saskatchewan,Females,35 to 44 years,Pain,Moderate,Age standardized participation rate,Percent,84.7,
Saskatchewan,Females,35 to 44 years,Pain,Moderate,Employment Rate,Percent,69.2,
Saskatchewan,Females,35 to 44 years,Pain,Moderate,Age standardized employment rate,Percent,69.4,
Saskatchewan,Females,35 to 44 years,Pain,Severe,Total labour force,Number,920.0,E
Saskatchewan,Females,35 to 44 years,Pain,Severe,Participation rate,Percent,79.3,
Saskatchewan,Females,35 to 44 years,Pain,Severe,Age standardized participation rate,Percent,78.8,
Saskatchewan,Females,35 to 44 years,Pain,Severe,Employment Rate,Percent,79.3,
Saskatchewan,Females,35 to 44 years,Pain,Severe,Age standardized employment rate,Percent,78.8,
Saskatchewan,Females,35 to 44 years,Pain,Very Severe,Total labour force,Number,1370.0,E
Saskatchewan,Females,35 to 44 years,Pain,Very Severe,Not in labour force,Number,460.0,E
Saskatchewan,Females,35 to 44 years,Pain,Very Severe,Participation rate,Percent,64.3,E
Saskatchewan,Females,35 to 44 years,Pain,Very Severe,Age standardized participation rate,Percent,63.7,E
Saskatchewan,Females,35 to 44 years,Pain,Very Severe,Employment Rate,Percent,58.7,E
Saskatchewan,Females,35 to 44 years,Pain,Very Severe,Age standardized employment rate,Percent,58.2,E
Saskatchewan,Females,35 to 44 years,Mental and/or psychological,Mild,Total labour force,Number,450.0,E
Saskatchewan,Females,35 to 44 years,Mental and/or psychological,Mild,Participation rate,Percent,94.9,
Saskatchewan,Females,35 to 44 years,Mental and/or psychological,Mild,Age standardized participation rate,Percent,94.6,
Saskatchewan,Females,35 to 44 years,Mental and/or psychological,Mild,Employment Rate,Percent,94.9,
Saskatchewan,Females,35 to 44 years,Mental and/or psychological,Mild,Age standardized employment rate,Percent,94.6,
Saskatchewan,Females,35 to 44 years,Mental and/or psychological,Moderate,Total labour force,Number,490.0,E
Saskatchewan,Females,35 to 44 years,Mental and/or psychological,Moderate,Employed,Number,390.0,E
Saskatchewan,Females,35 to 44 years,Mental and/or psychological,Moderate,Participation rate,Percent,83.0,
Saskatchewan,Females,35 to 44 years,Mental and/or psychological,Moderate,Age standardized participation rate,Percent,82.8,
Saskatchewan,Females,35 to 44 years,Mental and/or psychological,Moderate,Employment Rate,Percent,83.0,
Saskatchewan,Females,35 to 44 years,Mental and/or psychological,Moderate,Age standardized employment rate,Percent,82.8,
Saskatchewan,Females,35 to 44 years,Mental and/or psychological,Very Severe,Total labour force,Number,870.0,E
Saskatchewan,Females,35 to 44 years,Mental and/or psychological,Very Severe,Not in labour force,Number,210.0,E
Saskatchewan,Females,45 to 54 years,All disability types,Mild,Total labour force,Number,3630.0,E
Saskatchewan,Females,45 to 54 years,All disability types,Mild,Employed,Number,2570.0,E
Saskatchewan,Females,45 to 54 years,All disability types,Mild,Participation rate,Percent,73.7,
Saskatchewan,Females,45 to 54 years,All disability types,Mild,Age standardized participation rate,Percent,73.8,
Saskatchewan,Females,45 to 54 years,All disability types,Mild,Employment Rate,Percent,72.0,
Saskatchewan,Females,45 to 54 years,All disability types,Mild,Age standardized employment rate,Percent,72.1,
Saskatchewan,Females,45 to 54 years,All disability types,Moderate,Total labour force,Number,2490.0,E
Saskatchewan,Females,45 to 54 years,All disability types,Moderate,Employed,Number,2130.0,E
Saskatchewan,Females,45 to 54 years,All disability types,Moderate,Participation rate,Percent,90.5,
Saskatchewan,Females,45 to 54 years,All disability types,Moderate,Age standardized participation rate,Percent,90.4,
Saskatchewan,Females,45 to 54 years,All disability types,Moderate,Employment Rate,Percent,87.7,
Saskatchewan,Females,45 to 54 years,All disability types,Moderate,Age standardized employment rate,Percent,87.7,
Saskatchewan,Females,45 to 54 years,All disability types,Severe,Total labour force,Number,3450.0,E
Saskatchewan,Females,45 to 54 years,All disability types,Severe,Employed,Number,1610.0,E
Saskatchewan,Females,45 to 54 years,All disability types,Severe,Participation rate,Percent,62.9,E
Saskatchewan,Females,45 to 54 years,All disability types,Severe,Age standardized participation rate,Percent,62.9,E
Saskatchewan,Females,45 to 54 years,All disability types,Severe,Employment Rate,Percent,46.7,E
Saskatchewan,Females,45 to 54 years,All disability types,Severe,Age standardized employment rate,Percent,46.7,E
Saskatchewan,Females,45 to 54 years,All disability types,Very Severe,Total labour force,Number,1960.0,E
Saskatchewan,Females,45 to 54 years,All disability types,Very Severe,Not in labour force,Number,1210.0,E
Saskatchewan,Females,45 to 54 years,Mobility,Severe,Employed,Number,1140.0,E
Saskatchewan,Females,45 to 54 years,Mobility,Very Severe,Total labour force,Number,1840.0,E
Saskatchewan,Females,45 to 54 years,Mobility,Very Severe,Not in labour force,Number,1090.0,E
Saskatchewan,Females,45 to 54 years,Flexibility,Moderate,Total labour force,Number,1100.0,E
Saskatchewan,Females,45 to 54 years,Flexibility,Moderate,Participation rate,Percent,84.5,
Saskatchewan,Females,45 to 54 years,Flexibility,Moderate,Age standardized participation rate,Percent,84.5,
Saskatchewan,Females,45 to 54 years,Flexibility,Severe,Employed,Number,1120.0,E
Saskatchewan,Females,45 to 54 years,Flexibility,Severe,Participation rate,Percent,63.8,E
Saskatchewan,Females,45 to 54 years,Flexibility,Severe,Age standardized participation rate,Percent,63.6,E
Saskatchewan,Females,45 to 54 years,Flexibility,Very Severe,Total labour force,Number,1820.0,E
Saskatchewan,Females,45 to 54 years,Flexibility,Very Severe,Not in labour force,Number,1160.0,E
Saskatchewan,Females,45 to 54 years,Dexterity,Very Severe,Total labour force,Number,1120.0,E
Saskatchewan,Females,45 to 54 years,Pain,Mild,Total labour force,Number,2240.0,E
Saskatchewan,Females,45 to 54 years,Pain,Mild,Employed,Number,1420.0,E
Saskatchewan,Females,45 to 54 years,Pain,Mild,Participation rate,Percent,67.4,E
Saskatchewan,Females,45 to 54 years,Pain,Mild,Age standardized participation rate,Percent,67.7,E
Saskatchewan,Females,45 to 54 years,Pain,Mild,Employment Rate,Percent,65.1,E
Saskatchewan,Females,45 to 54 years,Pain,Mild,Age standardized employment rate,Percent,64.9,E
Saskatchewan,Females,45 to 54 years,Pain,Moderate,Total labour force,Number,1840.0,E
Saskatchewan,Females,45 to 54 years,Pain,Moderate,Participation rate,Percent,91.5,
Saskatchewan,Females,45 to 54 years,Pain,Moderate,Age standardized participation rate,Percent,91.6,
Saskatchewan,Females,45 to 54 years,Pain,Moderate,Employment Rate,Percent,88.1,
Saskatchewan,Females,45 to 54 years,Pain,Moderate,Age standardized employment rate,Percent,88.0,
Saskatchewan,Females,45 to 54 years,Pain,Severe,Total labour force,Number,3230.0,E
Saskatchewan,Females,45 to 54 years,Pain,Severe,Employed,Number,1480.0,E
Saskatchewan,Females,45 to 54 years,Pain,Severe,Participation rate,Percent,63.2,E
Saskatchewan,Females,45 to 54 years,Pain,Severe,Age standardized participation rate,Percent,63.2,E
Saskatchewan,Females,45 to 54 years,Pain,Severe,Employment Rate,Percent,45.8,E
Saskatchewan,Females,45 to 54 years,Pain,Severe,Age standardized employment rate,Percent,45.9,E
Saskatchewan,Females,45 to 54 years,Pain,Very Severe,Total labour force,Number,1900.0,E
Saskatchewan,Females,45 to 54 years,Pain,Very Severe,Not in labour force,Number,1150.0,E
Saskatchewan,Females,45 to 54 years,Mental and/or psychological,Very Severe,Total labour force,Number,880.0,E
Saskatchewan,Females,55 to 64 years,All disability types,Mild,Total labour force,Number,4010.0,E
Saskatchewan,Females,55 to 64 years,All disability types,Mild,Employed,Number,2670.0,E
Saskatchewan,Females,55 to 64 years,All disability types,Mild,Not in labour force,Number,880.0,E
Saskatchewan,Females,55 to 64 years,All disability types,Mild,Participation rate,Percent,76.1,
Saskatchewan,Females,55 to 64 years,All disability types,Mild,Age standardized participation rate,Percent,76.1,
Saskatchewan,Females,55 to 64 years,All disability types,Mild,Employment Rate,Percent,72.6,
Saskatchewan,Females,55 to 64 years,All disability types,Mild,Age standardized employment rate,Percent,72.6,
Saskatchewan,Females,55 to 64 years,All disability types,Moderate,Total labour force,Number,2400.0,E
Saskatchewan,Females,55 to 64 years,All disability types,Moderate,Employed,Number,1350.0,E
Saskatchewan,Females,55 to 64 years,All disability types,Moderate,Not in labour force,Number,880.0,E
Saskatchewan,Females,55 to 64 years,All disability types,Moderate,Participation rate,Percent,61.4,
Saskatchewan,Females,55 to 64 years,All disability types,Moderate,Age standardized participation rate,Percent,61.3,
Saskatchewan,Females,55 to 64 years,All disability types,Moderate,Employment Rate,Percent,59.2,
Saskatchewan,Females,55 to 64 years,All disability types,Moderate,Age standardized employment rate,Percent,59.0,
Saskatchewan,Females,55 to 64 years,All disability types,Severe,Total labour force,Number,3300.0,E
Saskatchewan,Females,55 to 64 years,All disability types,Severe,Not in labour force,Number,1820.0,E
Saskatchewan,Females,55 to 64 years,All disability types,Very Severe,Total labour force,Number,3820.0,E
Saskatchewan,Females,55 to 64 years,All disability types,Very Severe,Not in labour force,Number,2630.0,E
Saskatchewan,Females,55 to 64 years,Seeing,Very Severe,Total labour force,Number,2160.0,E
Saskatchewan,Females,55 to 64 years,Mobility,Mild,Total labour force,Number,870.0,E
Saskatchewan,Females,55 to 64 years,Mobility,Moderate,Total labour force,Number,1160.0,E
Saskatchewan,Females,55 to 64 years,Mobility,Severe,Total labour force,Number,2520.0,E
Saskatchewan,Females,55 to 64 years,Mobility,Severe,Not in labour force,Number,1820.0,E
Saskatchewan,Females,55 to 64 years,Mobility,Very Severe,Total labour force,Number,3820.0,E
Saskatchewan,Females,55 to 64 years,Mobility,Very Severe,Not in labour force,Number,2630.0,E
Saskatchewan,Females,55 to 64 years,Flexibility,Mild,Total labour force,Number,1100.0,E
Saskatchewan,Females,55 to 64 years,Flexibility,Moderate,Total labour force,Number,1390.0,E
Saskatchewan,Females,55 to 64 years,Flexibility,Severe,Total labour force,Number,1940.0,E
Saskatchewan,Females,55 to 64 years,Flexibility,Severe,Not in labour force,Number,810.0,E
Saskatchewan,Females,55 to 64 years,Flexibility,Very Severe,Total labour force,Number,3630.0,E
Saskatchewan,Females,55 to 64 years,Flexibility,Very Severe,Not in labour force,Number,2500.0,E
Saskatchewan,Females,55 to 64 years,Dexterity,Very Severe,Total labour force,Number,1510.0,E
Saskatchewan,Females,55 to 64 years,Dexterity,Very Severe,Not in labour force,Number,1090.0,E
Saskatchewan,Females,55 to 64 years,Pain,Mild,Total labour force,Number,2660.0,E
Saskatchewan,Females,55 to 64 years,Pain,Mild,Employed,Number,1620.0,E
Saskatchewan,Females,55 to 64 years,Pain,Mild,Not in labour force,Number,820.0,E
Saskatchewan,Females,55 to 64 years,Pain,Mild,Participation rate,Percent,66.4,
Saskatchewan,Females,55 to 64 years,Pain,Mild,Age standardized participation rate,Percent,66.4,
Saskatchewan,Females,55 to 64 years,Pain,Mild,Employment Rate,Percent,66.4,
Saskatchewan,Females,55 to 64 years,Pain,Mild,Age standardized employment rate,Percent,66.4,
Saskatchewan,Females,55 to 64 years,Pain,Moderate,Total labour force,Number,1980.0,E
Saskatchewan,Females,55 to 64 years,Pain,Moderate,Employed,Number,1100.0,E
Saskatchewan,Females,55 to 64 years,Pain,Moderate,Not in labour force,Number,770.0,E
Saskatchewan,Females,55 to 64 years,Pain,Moderate,Participation rate,Percent,60.2,E
Saskatchewan,Females,55 to 64 years,Pain,Moderate,Age standardized participation rate,Percent,60.0,E
Saskatchewan,Females,55 to 64 years,Pain,Moderate,Employment Rate,Percent,57.6,E
Saskatchewan,Females,55 to 64 years,Pain,Moderate,Age standardized employment rate,Percent,57.3,E
Saskatchewan,Females,55 to 64 years,Pain,Severe,Total labour force,Number,2490.0,E
Saskatchewan,Females,55 to 64 years,Pain,Severe,Employed,Number,750.0,E
Saskatchewan,Females,55 to 64 years,Pain,Severe,Not in labour force,Number,1670.0,E
Saskatchewan,Females,55 to 64 years,Pain,Severe,Participation rate,Percent,31.1,E
Saskatchewan,Females,55 to 64 years,Pain,Severe,Age standardized participation rate,Percent,30.9,E
Saskatchewan,Females,55 to 64 years,Pain,Severe,Employment Rate,Percent,31.1,E
Saskatchewan,Females,55 to 64 years,Pain,Severe,Age standardized employment rate,Percent,30.9,E
Saskatchewan,Females,55 to 64 years,Pain,Very Severe,Total labour force,Number,3820.0,E
Saskatchewan,Females,55 to 64 years,Pain,Very Severe,Not in labour force,Number,2630.0,E
Saskatchewan,Females,55 to 64 years,Mental and/or psychological,Very Severe,Total labour force,Number,2410.0,E
Saskatchewan,Females,55 to 64 years,Mental and/or psychological,Very Severe,Not in labour force,Number,1750.0,E
Alberta,Males,15 to 24 years,All disability types,Mild,Total labour force,Number,3720.0,
Alberta,Males,15 to 24 years,All disability types,Mild,Employed,Number,1630.0,E
Alberta,Males,15 to 24 years,All disability types,Mild,Not in labour force,Number,1610.0,E
Alberta,Males,15 to 24 years,All disability types,Mild,Participation rate,Percent,56.7,
Alberta,Males,15 to 24 years,All disability types,Mild,Age standardized participation rate,Percent,56.7,
Alberta,Males,15 to 24 years,All disability types,Mild,Employment Rate,Percent,43.8,E
Alberta,Males,15 to 24 years,All disability types,Mild,Age standardized employment rate,Percent,43.9,E
Alberta,Males,15 to 24 years,All disability types,Moderate,Total labour force,Number,3120.0,E
Alberta,Males,15 to 24 years,All disability types,Moderate,Employed,Number,1510.0,E
Alberta,Males,15 to 24 years,All disability types,Moderate,Not in labour force,Number,990.0,E
Alberta,Males,15 to 24 years,All disability types,Moderate,Participation rate,Percent,67.8,
Alberta,Males,15 to 24 years,All disability types,Moderate,Age standardized participation rate,Percent,67.6,
Alberta,Males,15 to 24 years,All disability types,Moderate,Employment Rate,Percent,49.7,E
Alberta,Males,15 to 24 years,All disability types,Moderate,Age standardized employment rate,Percent,49.7,E
Alberta,Males,15 to 24 years,All disability types,Severe,Total labour force,Number,2390.0,E
Alberta,Males,15 to 24 years,All disability types,Severe,Employed,Number,620.0,E
Alberta,Males,15 to 24 years,All disability types,Severe,Not in labour force,Number,1030.0,E
Alberta,Males,15 to 24 years,All disability types,Severe,Participation rate,Percent,54.0,E
Alberta,Males,15 to 24 years,All disability types,Severe,Age standardized participation rate,Percent,54.2,E
Alberta,Males,15 to 24 years,All disability types,Severe,Employment Rate,Percent,27.4,E
Alberta,Males,15 to 24 years,All disability types,Very Severe,Total labour force,Number,1510.0,E
Alberta,Males,15 to 24 years,All disability types,Very Severe,Not in labour force,Number,1120.0,E
Alberta,Males,15 to 24 years,Mobility,Very Severe,Total labour force,Number,530.0,E
Alberta,Males,15 to 24 years,Flexibility,Severe,Total labour force,Number,370.0,E
Alberta,Males,15 to 24 years,Flexibility,Very Severe,Total labour force,Number,530.0,E
Alberta,Males,15 to 24 years,Dexterity,Very Severe,Total labour force,Number,700.0,E
Alberta,Males,15 to 24 years,Dexterity,Very Severe,Not in labour force,Number,490.0,E
Alberta,Males,15 to 24 years,Pain,Mild,Total labour force,Number,940.0,E
Alberta,Males,15 to 24 years,Pain,Mild,Participation rate,Percent,69.1,E
Alberta,Males,15 to 24 years,Pain,Mild,Age standardized participation rate,Percent,69.4,E
Alberta,Males,15 to 24 years,Pain,Moderate,Participation rate,Percent,81.3,
Alberta,Males,15 to 24 years,Pain,Moderate,Age standardized participation rate,Percent,81.5,
Alberta,Males,15 to 24 years,Pain,Severe,Total labour force,Number,900.0,E
Alberta,Males,15 to 24 years,Pain,Severe,Participation rate,Percent,66.3,E
Alberta,Males,15 to 24 years,Pain,Severe,Age standardized participation rate,Percent,66.8,E
Alberta,Males,15 to 24 years,Pain,Severe,Employment Rate,Percent,59.0,E
Alberta,Males,15 to 24 years,Pain,Severe,Age standardized employment rate,Percent,58.6,E
Alberta,Males,15 to 24 years,Pain,Very Severe,Total labour force,Number,790.0,E
Alberta,Males,15 to 24 years,Pain,Very Severe,Not in labour force,Number,540.0,E
Alberta,Males,15 to 24 years,Learning,Mild,Total labour force,Number,1210.0,E
Alberta,Males,15 to 24 years,Learning,Moderate,Total labour force,Number,1410.0,E
Alberta,Males,15 to 24 years,Learning,Moderate,Not in labour force,Number,630.0,E
Alberta,Males,15 to 24 years,Learning,Moderate,Participation rate,Percent,54.3,E
Alberta,Males,15 to 24 years,Learning,Moderate,Age standardized participation rate,Percent,54.2,E
Alberta,Males,15 to 24 years,Learning,Moderate,Employment Rate,Percent,51.4,E
Alberta,Males,15 to 24 years,Learning,Moderate,Age standardized employment rate,Percent,51.7,E
Alberta,Males,15 to 24 years,Learning,Severe,Total labour force,Number,1580.0,E
Alberta,Males,15 to 24 years,Learning,Severe,Employed,Number,340.0,E
Alberta,Males,15 to 24 years,Learning,Severe,Not in labour force,Number,620.0,E
Alberta,Males,15 to 24 years,Learning,Severe,Participation rate,Percent,59.6,E
Alberta,Males,15 to 24 years,Learning,Severe,Age standardized participation rate,Percent,59.3,E
Alberta,Males,15 to 24 years,Learning,Very Severe,Total labour force,Number,1440.0,E
Alberta,Males,15 to 24 years,Learning,Very Severe,Not in labour force,Number,1080.0,E
Alberta,Males,15 to 24 years,Memory,Severe,Total labour force,Number,550.0,E
Alberta,Males,15 to 24 years,Memory,Very Severe,Total labour force,Number,670.0,E
Alberta,Males,15 to 24 years,Memory,Very Severe,Not in labour force,Number,490.0,E
Alberta,Males,15 to 24 years,Developmental,Mild,Total labour force,Number,400.0,E
Alberta,Males,15 to 24 years,Developmental,Moderate,Total labour force,Number,470.0,E
Alberta,Males,15 to 24 years,Developmental,Severe,Total labour force,Number,520.0,E
Alberta,Males,15 to 24 years,Developmental,Very Severe,Total labour force,Number,1220.0,E
Alberta,Males,15 to 24 years,Developmental,Very Severe,Not in labour force,Number,930.0,E
Alberta,Males,15 to 24 years,Mental and/or psychological,Mild,Total labour force,Number,420.0,E
Alberta,Males,15 to 24 years,Mental and/or psychological,Moderate,Total labour force,Number,1870.0,E
Alberta,Males,15 to 24 years,Mental and/or psychological,Moderate,Participation rate,Percent,81.5,
Alberta,Males,15 to 24 years,Mental and/or psychological,Moderate,Age standardized participation rate,Percent,81.8,
Alberta,Males,15 to 24 years,Mental and/or psychological,Moderate,Employment Rate,Percent,68.5,E
Alberta,Males,15 to 24 years,Mental and/or psychological,Moderate,Age standardized employment rate,Percent,68.7,E
Alberta,Males,15 to 24 years,Mental and/or psychological,Severe,Total labour force,Number,1760.0,E
Alberta,Males,15 to 24 years,Mental and/or psychological,Severe,Not in labour force,Number,620.0,E
Alberta,Males,15 to 24 years,Mental and/or psychological,Severe,Participation rate,Percent,62.7,E
Alberta,Males,15 to 24 years,Mental and/or psychological,Severe,Age standardized participation rate,Percent,62.4,E
Alberta,Males,15 to 24 years,Mental and/or psychological,Very Severe,Total labour force,Number,1170.0,E
Alberta,Males,15 to 24 years,Mental and/or psychological,Very Severe,Not in labour force,Number,870.0,E
Alberta,Males,25 to 34 years,All disability types,Mild,Total labour force,Number,6670.0,E
Alberta,Males,25 to 34 years,All disability types,Mild,Employed,Number,5050.0,E
Alberta,Males,25 to 34 years,All disability types,Mild,Participation rate,Percent,92.9,
Alberta,Males,25 to 34 years,All disability types,Mild,Age standardized participation rate,Percent,92.9,
Alberta,Males,25 to 34 years,All disability types,Mild,Employment Rate,Percent,87.4,
Alberta,Males,25 to 34 years,All disability types,Mild,Age standardized employment rate,Percent,87.5,
Alberta,Males,25 to 34 years,All disability types,Moderate,Total labour force,Number,2420.0,E
Alberta,Males,25 to 34 years,All disability types,Moderate,Employed,Number,2180.0,E
Alberta,Males,25 to 34 years,All disability types,Moderate,Participation rate,Percent,90.1,
Alberta,Males,25 to 34 years,All disability types,Moderate,Age standardized participation rate,Percent,90.4,
Alberta,Males,25 to 34 years,All disability types,Moderate,Employment Rate,Percent,90.1,
Alberta,Males,25 to 34 years,All disability types,Moderate,Age standardized employment rate,Percent,90.4,
Alberta,Males,25 to 34 years,All disability types,Severe,Total labour force,Number,2090.0,E
Alberta,Males,25 to 34 years,Pain,Mild,Total labour force,Number,3990.0,E
Alberta,Males,25 to 34 years,Pain,Mild,Employed,Number,2880.0,E
Alberta,Males,25 to 34 years,Pain,Mild,Participation rate,Percent,96.6,
Alberta,Males,25 to 34 years,Pain,Mild,Age standardized participation rate,Percent,96.4,
Alberta,Males,25 to 34 years,Pain,Mild,Employment Rate,Percent,90.3,
Alberta,Males,25 to 34 years,Pain,Mild,Age standardized employment rate,Percent,90.1,
Alberta,Males,35 to 44 years,All disability types,Mild,Total labour force,Number,7850.0,
Alberta,Males,35 to 44 years,All disability types,Mild,Employed,Number,5920.0,
Alberta,Males,35 to 44 years,All disability types,Mild,Participation rate,Percent,82.6,
Alberta,Males,35 to 44 years,All disability types,Mild,Age standardized participation rate,Percent,82.7,
Alberta,Males,35 to 44 years,All disability types,Mild,Employment Rate,Percent,79.8,
Alberta,Males,35 to 44 years,All disability types,Mild,Age standardized employment rate,Percent,79.8,
Alberta,Males,35 to 44 years,All disability types,Moderate,Total labour force,Number,2950.0,E
Alberta,Males,35 to 44 years,All disability types,Moderate,Participation rate,Percent,77.7,
Alberta,Males,35 to 44 years,All disability types,Moderate,Age standardized participation rate,Percent,77.8,
Alberta,Males,35 to 44 years,All disability types,Moderate,Employment Rate,Percent,77.7,
Alberta,Males,35 to 44 years,All disability types,Moderate,Age standardized employment rate,Percent,77.8,
Alberta,Males,35 to 44 years,All disability types,Severe,Total labour force,Number,3710.0,E
Alberta,Males,35 to 44 years,All disability types,Severe,Employed,Number,1400.0,E
Alberta,Males,35 to 44 years,All disability types,Severe,Participation rate,Percent,44.5,E
Alberta,Males,35 to 44 years,All disability types,Severe,Age standardized participation rate,Percent,44.4,E
Alberta,Males,35 to 44 years,All disability types,Severe,Employment Rate,Percent,40.2,E
Alberta,Males,35 to 44 years,All disability types,Severe,Age standardized employment rate,Percent,40.1,E
Alberta,Males,35 to 44 years,Hearing,Mild,Total labour force,Number,990.0,E
Alberta,Males,35 to 44 years,Mobility,Severe,Total labour force,Number,2410.0,E
Alberta,Males,35 to 44 years,Flexibility,Mild,Total labour force,Number,1200.0,E
Alberta,Males,35 to 44 years,Flexibility,Mild,Participation rate,Percent,90.8,
Alberta,Males,35 to 44 years,Flexibility,Mild,Age standardized participation rate,Percent,90.5,
Alberta,Males,35 to 44 years,Flexibility,Severe,Total labour force,Number,3170.0,E
Alberta,Males,35 to 44 years,Flexibility,Severe,Participation rate,Percent,44.4,E
Alberta,Males,35 to 44 years,Flexibility,Severe,Age standardized participation rate,Percent,44.3,E
Alberta,Males,35 to 44 years,Pain,Mild,Total labour force,Number,4850.0,E
Alberta,Males,35 to 44 years,Pain,Mild,Employed,Number,3390.0,E
Alberta,Males,35 to 44 years,Pain,Mild,Participation rate,Percent,76.2,
Alberta,Males,35 to 44 years,Pain,Mild,Age standardized participation rate,Percent,76.3,
Alberta,Males,35 to 44 years,Pain,Mild,Employment Rate,Percent,74.7,
Alberta,Males,35 to 44 years,Pain,Mild,Age standardized employment rate,Percent,74.6,
Alberta,Males,35 to 44 years,Pain,Moderate,Total labour force,Number,1270.0,E
Alberta,Males,35 to 44 years,Pain,Severe,Total labour force,Number,3580.0,E
Alberta,Males,35 to 44 years,Pain,Severe,Employed,Number,1350.0,E
Alberta,Males,35 to 44 years,Pain,Severe,Participation rate,Percent,44.6,E
Alberta,Males,35 to 44 years,Pain,Severe,Age standardized participation rate,Percent,44.6,E
Alberta,Males,35 to 44 years,Pain,Severe,Employment Rate,Percent,40.2,E
Alberta,Males,35 to 44 years,Pain,Severe,Age standardized employment rate,Percent,40.2,E
Alberta,Males,35 to 44 years,Mental and/or psychological,Severe,Total labour force,Number,1570.0,E
Alberta,Males,45 to 54 years,All disability types,Mild,Total labour force,Number,8120.0,E
Alberta,Males,45 to 54 years,All disability types,Mild,Employed,Number,6880.0,E
Alberta,Males,45 to 54 years,All disability types,Mild,Participation rate,Percent,92.2,
Alberta,Males,45 to 54 years,All disability types,Mild,Age standardized participation rate,Percent,92.2,
Alberta,Males,45 to 54 years,All disability types,Mild,Employment Rate,Percent,87.1,
Alberta,Males,45 to 54 years,All disability types,Mild,Age standardized employment rate,Percent,87.2,
Alberta,Males,45 to 54 years,All disability types,Moderate,Total labour force,Number,6880.0,E
Alberta,Males,45 to 54 years,All disability types,Moderate,Employed,Number,4120.0,E
Alberta,Males,45 to 54 years,All disability types,Moderate,Participation rate,Percent,66.8,E
Alberta,Males,45 to 54 years,All disability types,Moderate,Age standardized participation rate,Percent,66.8,E
Alberta,Males,45 to 54 years,All disability types,Moderate,Employment Rate,Percent,62.0,E
Alberta,Males,45 to 54 years,All disability types,Moderate,Age standardized employment rate,Percent,62.0,E
Alberta,Males,45 to 54 years,All disability types,Severe,Total labour force,Number,9020.0,E
Alberta,Males,45 to 54 years,All disability types,Severe,Employed,Number,3840.0,E
Alberta,Males,45 to 54 years,All disability types,Severe,Participation rate,Percent,66.5,E
Alberta,Males,45 to 54 years,All disability types,Severe,Age standardized participation rate,Percent,66.5,E
Alberta,Males,45 to 54 years,All disability types,Severe,Employment Rate,Percent,60.2,E
Alberta,Males,45 to 54 years,All disability types,Severe,Age standardized employment rate,Percent,60.2,E
Alberta,Males,45 to 54 years,All disability types,Very Severe,Total labour force,Number,9160.0,E
Alberta,Males,45 to 54 years,All disability types,Very Severe,Participation rate,Percent,37.3,E
Alberta,Males,45 to 54 years,All disability types,Very Severe,Age standardized participation rate,Percent,37.3,E
Alberta,Males,45 to 54 years,Mobility,Severe,Total labour force,Number,5360.0,E
Alberta,Males,45 to 54 years,Mobility,Very Severe,Total labour force,Number,8920.0,E
Alberta,Males,45 to 54 years,Mobility,Very Severe,Participation rate,Percent,37.5,E
Alberta,Males,45 to 54 years,Mobility,Very Severe,Age standardized participation rate,Percent,37.5,E
Alberta,Males,45 to 54 years,Flexibility,Moderate,Participation rate,Percent,64.5,E
Alberta,Males,45 to 54 years,Flexibility,Moderate,Age standardized participation rate,Percent,64.4,E
Alberta,Males,45 to 54 years,Flexibility,Severe,Total labour force,Number,6350.0,E
Alberta,Males,45 to 54 years,Flexibility,Very Severe,Total labour force,Number,8970.0,E
Alberta,Males,45 to 54 years,Flexibility,Very Severe,Participation rate,Percent,37.3,E
Alberta,Males,45 to 54 years,Flexibility,Very Severe,Age standardized participation rate,Percent,37.3,E
Alberta,Males,45 to 54 years,Pain,Mild,Total labour force,Number,4110.0,E
Alberta,Males,45 to 54 years,Pain,Mild,Participation rate,Percent,94.4,
Alberta,Males,45 to 54 years,Pain,Mild,Age standardized participation rate,Percent,94.5,
Alberta,Males,45 to 54 years,Pain,Moderate,Total labour force,Number,5510.0,E
Alberta,Males,45 to 54 years,Pain,Moderate,Employed,Number,3520.0,E
Alberta,Males,45 to 54 years,Pain,Moderate,Participation rate,Percent,72.7,E
Alberta,Males,45 to 54 years,Pain,Moderate,Age standardized participation rate,Percent,72.8,E
Alberta,Males,45 to 54 years,Pain,Moderate,Employment Rate,Percent,66.7,E
Alberta,Males,45 to 54 years,Pain,Moderate,Age standardized employment rate,Percent,66.8,E
Alberta,Males,45 to 54 years,Pain,Severe,Total labour force,Number,7750.0,E
Alberta,Males,45 to 54 years,Pain,Severe,Employed,Number,3620.0,E
Alberta,Males,45 to 54 years,Pain,Severe,Participation rate,Percent,78.9,
Alberta,Males,45 to 54 years,Pain,Severe,Age standardized participation rate,Percent,78.8,
Alberta,Males,45 to 54 years,Pain,Severe,Employment Rate,Percent,70.8,
Alberta,Males,45 to 54 years,Pain,Severe,Age standardized employment rate,Percent,70.9,
Alberta,Males,45 to 54 years,Pain,Very Severe,Total labour force,Number,8730.0,E
Alberta,Males,45 to 54 years,Pain,Very Severe,Participation rate,Percent,38.5,E
Alberta,Males,45 to 54 years,Pain,Very Severe,Age standardized participation rate,Percent,38.4,E
Alberta,Males,45 to 54 years,Mental and/or psychological,Very Severe,Total labour force,Number,7840.0,E
Alberta,Males,55 to 64 years,All disability types,Mild,Total labour force,Number,16190.0,
Alberta,Males,55 to 64 years,All disability types,Mild,Employed,Number,12720.0,E
Alberta,Males,55 to 64 years,All disability types,Mild,Participation rate,Percent,92.8,
Alberta,Males,55 to 64 years,All disability types,Mild,Age standardized participation rate,Percent,92.7,
Alberta,Males,55 to 64 years,All disability types,Mild,Employment Rate,Percent,85.3,
Alberta,Males,55 to 64 years,All disability types,Mild,Age standardized employment rate,Percent,85.3,
Alberta,Males,55 to 64 years,All disability types,Moderate,Total labour force,Number,7660.0,E
Alberta,Males,55 to 64 years,All disability types,Moderate,Employed,Number,5360.0,E
Alberta,Males,55 to 64 years,All disability types,Moderate,Participation rate,Percent,73.3,
Alberta,Males,55 to 64 years,All disability types,Moderate,Age standardized participation rate,Percent,73.3,
Alberta,Males,55 to 64 years,All disability types,Moderate,Employment Rate,Percent,73.3,
Alberta,Males,55 to 64 years,All disability types,Moderate,Age standardized employment rate,Percent,73.3,
Alberta,Males,55 to 64 years,All disability types,Severe,Total labour force,Number,8390.0,E
Alberta,Males,55 to 64 years,All disability types,Severe,Employed,Number,5480.0,E
Alberta,Males,55 to 64 years,All disability types,Severe,Participation rate,Percent,74.6,
Alberta,Males,55 to 64 years,All disability types,Severe,Age standardized participation rate,Percent,74.7,
Alberta,Males,55 to 64 years,All disability types,Severe,Employment Rate,Percent,69.2,
Alberta,Males,55 to 64 years,All disability types,Severe,Age standardized employment rate,Percent,69.2,
Alberta,Males,55 to 64 years,All disability types,Very Severe,Total labour force,Number,9460.0,E
Alberta,Males,55 to 64 years,All disability types,Very Severe,Not in labour force,Number,4720.0,E
Alberta,Males,55 to 64 years,All disability types,Very Severe,Participation rate,Percent,48.6,E
Alberta,Males,55 to 64 years,All disability types,Very Severe,Age standardized participation rate,Percent,48.6,E
Alberta,Males,55 to 64 years,Seeing,Very Severe,Total labour force,Number,3630.0,E
Alberta,Males,55 to 64 years,Hearing,Mild,Total labour force,Number,2610.0,E
Alberta,Males,55 to 64 years,Mobility,Moderate,Total labour force,Number,4860.0,E
Alberta,Males,55 to 64 years,Mobility,Moderate,Employed,Number,3930.0,E
Alberta,Males,55 to 64 years,Mobility,Moderate,Participation rate,Percent,87.1,
Alberta,Males,55 to 64 years,Mobility,Moderate,Age standardized participation rate,Percent,87.1,
Alberta,Males,55 to 64 years,Mobility,Moderate,Employment Rate,Percent,87.1,
Alberta,Males,55 to 64 years,Mobility,Moderate,Age standardized employment rate,Percent,87.1,
Alberta,Males,55 to 64 years,Mobility,Severe,Total labour force,Number,5090.0,E
Alberta,Males,55 to 64 years,Mobility,Severe,Employed,Number,2990.0,E
Alberta,Males,55 to 64 years,Mobility,Severe,Participation rate,Percent,74.2,
Alberta,Males,55 to 64 years,Mobility,Severe,Age standardized participation rate,Percent,74.2,
Alberta,Males,55 to 64 years,Mobility,Severe,Employment Rate,Percent,64.9,E
Alberta,Males,55 to 64 years,Mobility,Severe,Age standardized employment rate,Percent,64.8,E
Alberta,Males,55 to 64 years,Mobility,Very Severe,Total labour force,Number,7770.0,E
Alberta,Males,55 to 64 years,Mobility,Very Severe,Not in labour force,Number,3770.0,E
Alberta,Males,55 to 64 years,Flexibility,Moderate,Total labour force,Number,4600.0,E
Alberta,Males,55 to 64 years,Flexibility,Moderate,Employed,Number,3660.0,E
Alberta,Males,55 to 64 years,Flexibility,Moderate,Participation rate,Percent,82.6,
Alberta,Males,55 to 64 years,Flexibility,Moderate,Age standardized participation rate,Percent,82.7,
Alberta,Males,55 to 64 years,Flexibility,Moderate,Employment Rate,Percent,82.6,
Alberta,Males,55 to 64 years,Flexibility,Moderate,Age standardized employment rate,Percent,82.7,
Alberta,Males,55 to 64 years,Flexibility,Severe,Total labour force,Number,6290.0,E
Alberta,Males,55 to 64 years,Flexibility,Severe,Employed,Number,3970.0,E
Alberta,Males,55 to 64 years,Flexibility,Severe,Participation rate,Percent,70.6,E
Alberta,Males,55 to 64 years,Flexibility,Severe,Age standardized participation rate,Percent,70.5,E
Alberta,Males,55 to 64 years,Flexibility,Severe,Employment Rate,Percent,66.7,E
Alberta,Males,55 to 64 years,Flexibility,Severe,Age standardized employment rate,Percent,66.6,E
Alberta,Males,55 to 64 years,Flexibility,Very Severe,Total labour force,Number,8990.0,E
Alberta,Males,55 to 64 years,Flexibility,Very Severe,Not in labour force,Number,4480.0,E
Alberta,Males,55 to 64 years,Dexterity,Very Severe,Total labour force,Number,6060.0,E
Alberta,Males,55 to 64 years,Pain,Mild,Total labour force,Number,8190.0,E
Alberta,Males,55 to 64 years,Pain,Mild,Employed,Number,6670.0,E
Alberta,Males,55 to 64 years,Pain,Mild,Participation rate,Percent,94.6,
Alberta,Males,55 to 64 years,Pain,Mild,Age standardized participation rate,Percent,94.6,
Alberta,Males,55 to 64 years,Pain,Mild,Employment Rate,Percent,83.2,
Alberta,Males,55 to 64 years,Pain,Mild,Age standardized employment rate,Percent,83.2,
Alberta,Males,55 to 64 years,Pain,Moderate,Total labour force,Number,4810.0,E
Alberta,Males,55 to 64 years,Pain,Moderate,Employed,Number,3330.0,E
Alberta,Males,55 to 64 years,Pain,Moderate,Participation rate,Percent,71.9,
Alberta,Males,55 to 64 years,Pain,Moderate,Age standardized participation rate,Percent,72.0,
Alberta,Males,55 to 64 years,Pain,Moderate,Employment Rate,Percent,71.9,
Alberta,Males,55 to 64 years,Pain,Moderate,Age standardized employment rate,Percent,72.0,
Alberta,Males,55 to 64 years,Pain,Severe,Total labour force,Number,8040.0,E
Alberta,Males,55 to 64 years,Pain,Severe,Employed,Number,5260.0,E
Alberta,Males,55 to 64 years,Pain,Severe,Participation rate,Percent,73.9,
Alberta,Males,55 to 64 years,Pain,Severe,Age standardized participation rate,Percent,74.0,
Alberta,Males,55 to 64 years,Pain,Severe,Employment Rate,Percent,68.3,
Alberta,Males,55 to 64 years,Pain,Severe,Age standardized employment rate,Percent,68.3,
Alberta,Males,55 to 64 years,Pain,Very Severe,Total labour force,Number,9220.0,E
Alberta,Males,55 to 64 years,Pain,Very Severe,Not in labour force,Number,4480.0,E
Alberta,Males,55 to 64 years,Pain,Very Severe,Participation rate,Percent,49.9,E
Alberta,Males,55 to 64 years,Pain,Very Severe,Age standardized participation rate,Percent,49.9,E
Alberta,Males,55 to 64 years,Learning,Very Severe,Total labour force,Number,3870.0,E
Alberta,Males,55 to 64 years,Mental and/or psychological,Very Severe,Total labour force,Number,4730.0,E
Alberta,Males,55 to 64 years,Mental and/or psychological,Very Severe,Not in labour force,Number,3250.0,E
Alberta,Females,15 to 24 years,All disability types,Mild,Total labour force,Number,5280.0,
Alberta,Females,15 to 24 years,All disability types,Mild,Employed,Number,2530.0,E
Alberta,Females,15 to 24 years,All disability types,Mild,Not in labour force,Number,1810.0,E
Alberta,Females,15 to 24 years,All disability types,Mild,Participation rate,Percent,64.5,
Alberta,Females,15 to 24 years,All disability types,Mild,Age standardized participation rate,Percent,64.5,
Alberta,Females,15 to 24 years,All disability types,Mild,Employment Rate,Percent,49.6,E
Alberta,Females,15 to 24 years,All disability types,Mild,Age standardized employment rate,Percent,49.6,E
Alberta,Females,15 to 24 years,All disability types,Moderate,Total labour force,Number,3440.0,E
Alberta,Females,15 to 24 years,All disability types,Moderate,Employed,Number,1540.0,E
Alberta,Females,15 to 24 years,All disability types,Moderate,Not in labour force,Number,1770.0,E
Alberta,Females,15 to 24 years,All disability types,Moderate,Participation rate,Percent,48.8,E
Alberta,Females,15 to 24 years,All disability types,Moderate,Age standardized participation rate,Percent,48.7,E
Alberta,Females,15 to 24 years,All disability types,Moderate,Employment Rate,Percent,44.8,E
Alberta,Females,15 to 24 years,All disability types,Moderate,Age standardized employment rate,Percent,44.6,E
Alberta,Females,15 to 24 years,All disability types,Severe,Total labour force,Number,2240.0,E
Alberta,Females,15 to 24 years,All disability types,Severe,Employed,Number,860.0,E
Alberta,Females,15 to 24 years,All disability types,Severe,Participation rate,Percent,45.5,E
Alberta,Females,15 to 24 years,All disability types,Severe,Age standardized participation rate,Percent,45.7,E
Alberta,Females,15 to 24 years,All disability types,Severe,Employment Rate,Percent,38.4,E
Alberta,Females,15 to 24 years,All disability types,Severe,Age standardized employment rate,Percent,38.3,E
Alberta,Females,15 to 24 years,All disability types,Very Severe,Total labour force,Number,1000.0,E
Alberta,Females,15 to 24 years,All disability types,Very Severe,Not in labour force,Number,650.0,E
Alberta,Females,15 to 24 years,All disability types,Very Severe,Participation rate,Percent,31.6,E
Alberta,Females,15 to 24 years,All disability types,Very Severe,Age standardized participation rate,Percent,31.7,E
Alberta,Females,15 to 24 years,Mobility,Very Severe,Total labour force,Number,620.0,E
Alberta,Females,15 to 24 years,Pain,Mild,Total labour force,Number,2050.0,E
Alberta,Females,15 to 24 years,Pain,Mild,Employed,Number,1230.0,E
Alberta,Females,15 to 24 years,Pain,Mild,Not in labour force,Number,480.0,E
Alberta,Females,15 to 24 years,Pain,Mild,Participation rate,Percent,75.7,
Alberta,Females,15 to 24 years,Pain,Mild,Age standardized participation rate,Percent,75.9,
Alberta,Females,15 to 24 years,Pain,Mild,Employment Rate,Percent,60.9,
Alberta,Females,15 to 24 years,Pain,Mild,Age standardized employment rate,Percent,61.1,
Alberta,Females,15 to 24 years,Pain,Moderate,Total labour force,Number,990.0,E
Alberta,Females,15 to 24 years,Pain,Moderate,Participation rate,Percent,51.5,E
Alberta,Females,15 to 24 years,Pain,Moderate,Age standardized participation rate,Percent,51.6,E
Alberta,Females,15 to 24 years,Pain,Severe,Total labour force,Number,1790.0,E
Alberta,Females,15 to 24 years,Pain,Very Severe,Total labour force,Number,770.0,E
Alberta,Females,15 to 24 years,Learning,Mild,Total labour force,Number,1330.0,E
Alberta,Females,15 to 24 years,Learning,Very Severe,Total labour force,Number,660.0,E
Alberta,Females,15 to 24 years,Memory,Severe,Total labour force,Number,480.0,E
Alberta,Females,15 to 24 years,Developmental,Very Severe,Total labour force,Number,530.0,E
Alberta,Females,15 to 24 years,Mental and/or psychological,Mild,Total labour force,Number,1350.0,E
Alberta,Females,15 to 24 years,Mental and/or psychological,Mild,Employed,Number,410.0,E
Alberta,Females,15 to 24 years,Mental and/or psychological,Mild,Participation rate,Percent,63.8,E
Alberta,Females,15 to 24 years,Mental and/or psychological,Mild,Age standardized participation rate,Percent,64.3,E
Alberta,Females,15 to 24 years,Mental and/or psychological,Mild,Employment Rate,Percent,32.3,E
Alberta,Females,15 to 24 years,Mental and/or psychological,Mild,Age standardized employment rate,Percent,32.5,E
Alberta,Females,15 to 24 years,Mental and/or psychological,Severe,Total labour force,Number,1030.0,E
Alberta,Females,15 to 24 years,Mental and/or psychological,Severe,Participation rate,Percent,67.0,E
Alberta,Females,15 to 24 years,Mental and/or psychological,Severe,Age standardized participation rate,Percent,67.0,E
Alberta,Females,15 to 24 years,Mental and/or psychological,Very Severe,Total labour force,Number,820.0,E
Alberta,Females,25 to 34 years,All disability types,Mild,Total labour force,Number,5540.0,
Alberta,Females,25 to 34 years,All disability types,Mild,Employed,Number,3840.0,E
Alberta,Females,25 to 34 years,All disability types,Mild,Participation rate,Percent,79.1,
Alberta,Females,25 to 34 years,All disability types,Mild,Age standardized participation rate,Percent,79.0,
Alberta,Females,25 to 34 years,All disability types,Mild,Employment Rate,Percent,72.3,
Alberta,Females,25 to 34 years,All disability types,Mild,Age standardized employment rate,Percent,72.2,
Alberta,Females,25 to 34 years,All disability types,Moderate,Total labour force,Number,3200.0,E
Alberta,Females,25 to 34 years,All disability types,Moderate,Employed,Number,2810.0,E
Alberta,Females,25 to 34 years,All disability types,Moderate,Participation rate,Percent,94.6,
Alberta,Females,25 to 34 years,All disability types,Moderate,Age standardized participation rate,Percent,94.7,
Alberta,Females,25 to 34 years,All disability types,Moderate,Employment Rate,Percent,94.6,
Alberta,Females,25 to 34 years,All disability types,Moderate,Age standardized employment rate,Percent,94.7,
Alberta,Females,25 to 34 years,All disability types,Very Severe,Total labour force,Number,2530.0,E
Alberta,Females,25 to 34 years,Flexibility,Very Severe,Total labour force,Number,1810.0,E
Alberta,Females,25 to 34 years,Pain,Mild,Total labour force,Number,3150.0,E
Alberta,Females,25 to 34 years,Pain,Mild,Employed,Number,2240.0,E
Alberta,Females,25 to 34 years,Pain,Mild,Participation rate,Percent,81.8,
Alberta,Females,25 to 34 years,Pain,Mild,Age standardized participation rate,Percent,81.8,
Alberta,Females,25 to 34 years,Pain,Mild,Employment Rate,Percent,74.2,
Alberta,Females,25 to 34 years,Pain,Mild,Age standardized employment rate,Percent,74.1,
Alberta,Females,25 to 34 years,Pain,Moderate,Total labour force,Number,2280.0,E
Alberta,Females,25 to 34 years,Pain,Moderate,Participation rate,Percent,92.2,
Alberta,Females,25 to 34 years,Pain,Moderate,Age standardized participation rate,Percent,92.3,
Alberta,Females,25 to 34 years,Pain,Moderate,Employment Rate,Percent,92.2,
Alberta,Females,25 to 34 years,Pain,Moderate,Age standardized employment rate,Percent,92.3,
Alberta,Females,25 to 34 years,Pain,Very Severe,Total labour force,Number,2110.0,E
Alberta,Females,25 to 34 years,Memory,Very Severe,Total labour force,Number,1070.0,E
Alberta,Females,25 to 34 years,Mental and/or psychological,Mild,Total labour force,Number,1600.0,E
Alberta,Females,35 to 44 years,All disability types,Mild,Total labour force,Number,8050.0,
Alberta,Females,35 to 44 years,All disability types,Mild,Employed,Number,4980.0,E
Alberta,Females,35 to 44 years,All disability types,Mild,Participation rate,Percent,73.9,
Alberta,Females,35 to 44 years,All disability types,Mild,Age standardized participation rate,Percent,73.9,
Alberta,Females,35 to 44 years,All disability types,Mild,Employment Rate,Percent,66.3,
Alberta,Females,35 to 44 years,All disability types,Mild,Age standardized employment rate,Percent,66.3,
Alberta,Females,35 to 44 years,All disability types,Moderate,Total labour force,Number,4560.0,E
Alberta,Females,35 to 44 years,All disability types,Moderate,Employed,Number,3410.0,E
Alberta,Females,35 to 44 years,All disability types,Moderate,Participation rate,Percent,78.2,
Alberta,Females,35 to 44 years,All disability types,Moderate,Age standardized participation rate,Percent,78.1,
Alberta,Females,35 to 44 years,All disability types,Moderate,Employment Rate,Percent,76.8,
Alberta,Females,35 to 44 years,All disability types,Moderate,Age standardized employment rate,Percent,76.9,
Alberta,Females,35 to 44 years,All disability types,Severe,Total labour force,Number,3690.0,E
Alberta,Females,35 to 44 years,All disability types,Severe,Employed,Number,1650.0,E
Alberta,Females,35 to 44 years,All disability types,Severe,Participation rate,Percent,73.5,
Alberta,Females,35 to 44 years,All disability types,Severe,Age standardized participation rate,Percent,73.4,
Alberta,Females,35 to 44 years,All disability types,Severe,Employment Rate,Percent,53.2,E
Alberta,Females,35 to 44 years,All disability types,Severe,Age standardized employment rate,Percent,53.1,E
Alberta,Females,35 to 44 years,All disability types,Very Severe,Total labour force,Number,5340.0,E
Alberta,Females,35 to 44 years,All disability types,Very Severe,Not in labour force,Number,3360.0,E
Alberta,Females,35 to 44 years,Mobility,Moderate,Total labour force,Number,1150.0,E
Alberta,Females,35 to 44 years,Mobility,Moderate,Participation rate,Percent,75.9,
Alberta,Females,35 to 44 years,Mobility,Moderate,Age standardized participation rate,Percent,75.6,
Alberta,Females,35 to 44 years,Mobility,Severe,Total labour force,Number,2890.0,E
Alberta,Females,35 to 44 years,Mobility,Severe,Employed,Number,1170.0,E
Alberta,Females,35 to 44 years,Mobility,Severe,Participation rate,Percent,73.2,
Alberta,Females,35 to 44 years,Mobility,Severe,Age standardized participation rate,Percent,73.2,
Alberta,Females,35 to 44 years,Mobility,Severe,Employment Rate,Percent,50.6,E
Alberta,Females,35 to 44 years,Mobility,Severe,Age standardized employment rate,Percent,50.6,E
Alberta,Females,35 to 44 years,Mobility,Very Severe,Total labour force,Number,3740.0,E
Alberta,Females,35 to 44 years,Flexibility,Moderate,Participation rate,Percent,88.0,
Alberta,Females,35 to 44 years,Flexibility,Moderate,Age standardized participation rate,Percent,87.8,
Alberta,Females,35 to 44 years,Flexibility,Moderate,Employment Rate,Percent,85.2,
Alberta,Females,35 to 44 years,Flexibility,Moderate,Age standardized employment rate,Percent,85.1,
Alberta,Females,35 to 44 years,Flexibility,Severe,Total labour force,Number,2650.0,E
Alberta,Females,35 to 44 years,Flexibility,Severe,Employed,Number,1130.0,E
Alberta,Females,35 to 44 years,Flexibility,Severe,Participation rate,Percent,73.0,
Alberta,Females,35 to 44 years,Flexibility,Severe,Age standardized participation rate,Percent,72.9,
Alberta,Females,35 to 44 years,Flexibility,Severe,Employment Rate,Percent,50.0,E
Alberta,Females,35 to 44 years,Flexibility,Severe,Age standardized employment rate,Percent,49.9,E
Alberta,Females,35 to 44 years,Flexibility,Very Severe,Total labour force,Number,3680.0,E
Alberta,Females,35 to 44 years,Dexterity,Very Severe,Total labour force,Number,3140.0,E
Alberta,Females,35 to 44 years,Pain,Mild,Total labour force,Number,4150.0,E
Alberta,Females,35 to 44 years,Pain,Mild,Employed,Number,3230.0,E
Alberta,Females,35 to 44 years,Pain,Mild,Participation rate,Percent,86.8,
Alberta,Females,35 to 44 years,Pain,Mild,Age standardized participation rate,Percent,86.9,
Alberta,Females,35 to 44 years,Pain,Mild,Employment Rate,Percent,79.0,
Alberta,Females,35 to 44 years,Pain,Mild,Age standardized employment rate,Percent,79.1,
Alberta,Females,35 to 44 years,Pain,Moderate,Total labour force,Number,3100.0,E
Alberta,Females,35 to 44 years,Pain,Moderate,Participation rate,Percent,81.6,
Alberta,Females,35 to 44 years,Pain,Moderate,Age standardized participation rate,Percent,81.6,
Alberta,Females,35 to 44 years,Pain,Moderate,Employment Rate,Percent,79.6,
Alberta,Females,35 to 44 years,Pain,Moderate,Age standardized employment rate,Percent,79.8,
Alberta,Females,35 to 44 years,Pain,Severe,Total labour force,Number,3220.0,E
Alberta,Females,35 to 44 years,Pain,Severe,Employed,Number,1320.0,E
Alberta,Females,35 to 44 years,Pain,Severe,Participation rate,Percent,73.9,
Alberta,Females,35 to 44 years,Pain,Severe,Age standardized participation rate,Percent,74.1,
Alberta,Females,35 to 44 years,Pain,Severe,Employment Rate,Percent,50.0,E
Alberta,Females,35 to 44 years,Pain,Severe,Age standardized employment rate,Percent,50.2,E
Alberta,Females,35 to 44 years,Pain,Very Severe,Total labour force,Number,5190.0,E
Alberta,Females,35 to 44 years,Pain,Very Severe,Not in labour force,Number,3290.0,E
Alberta,Females,35 to 44 years,Learning,Very Severe,Total labour force,Number,3700.0,E
Alberta,Females,35 to 44 years,Memory,Very Severe,Total labour force,Number,3960.0,E
Alberta,Females,35 to 44 years,Mental and/or psychological,Mild,Total labour force,Number,1100.0,E
Alberta,Females,35 to 44 years,Mental and/or psychological,Mild,Employed,Number,890.0,E
Alberta,Females,35 to 44 years,Mental and/or psychological,Mild,Participation rate,Percent,93.6,
Alberta,Females,35 to 44 years,Mental and/or psychological,Mild,Age standardized participation rate,Percent,93.7,
Alberta,Females,35 to 44 years,Mental and/or psychological,Mild,Employment Rate,Percent,80.9,
Alberta,Females,35 to 44 years,Mental and/or psychological,Mild,Age standardized employment rate,Percent,81.3,
Alberta,Females,35 to 44 years,Mental and/or psychological,Severe,Total labour force,Number,820.0,E
Alberta,Females,35 to 44 years,Mental and/or psychological,Very Severe,Total labour force,Number,4540.0,E
Alberta,Females,45 to 54 years,All disability types,Mild,Total labour force,Number,11150.0,
Alberta,Females,45 to 54 years,All disability types,Mild,Employed,Number,7470.0,E
Alberta,Females,45 to 54 years,All disability types,Mild,Participation rate,Percent,75.5,
Alberta,Females,45 to 54 years,All disability types,Mild,Age standardized participation rate,Percent,75.5,
Alberta,Females,45 to 54 years,All disability types,Mild,Employment Rate,Percent,73.5,
Alberta,Females,45 to 54 years,All disability types,Mild,Age standardized employment rate,Percent,73.5,
Alberta,Females,45 to 54 years,All disability types,Moderate,Total labour force,Number,5460.0,E
Alberta,Females,45 to 54 years,All disability types,Moderate,Employed,Number,3900.0,E
Alberta,Females,45 to 54 years,All disability types,Moderate,Participation rate,Percent,79.3,
Alberta,Females,45 to 54 years,All disability types,Moderate,Age standardized participation rate,Percent,79.4,
Alberta,Females,45 to 54 years,All disability types,Moderate,Employment Rate,Percent,74.0,
Alberta,Females,45 to 54 years,All disability types,Moderate,Age standardized employment rate,Percent,74.0,
Alberta,Females,45 to 54 years,All disability types,Severe,Total labour force,Number,11580.0,E
Alberta,Females,45 to 54 years,All disability types,Severe,Participation rate,Percent,48.1,E
Alberta,Females,45 to 54 years,All disability types,Severe,Age standardized participation rate,Percent,48.1,E
Alberta,Females,45 to 54 years,All disability types,Severe,Employment Rate,Percent,48.1,E
Alberta,Females,45 to 54 years,All disability types,Severe,Age standardized employment rate,Percent,48.1,E
Alberta,Females,45 to 54 years,All disability types,Very Severe,Total labour force,Number,8300.0,E
Alberta,Females,45 to 54 years,All disability types,Very Severe,Not in labour force,Number,4200.0,E
Alberta,Females,45 to 54 years,All disability types,Very Severe,Participation rate,Percent,41.1,E
Alberta,Females,45 to 54 years,All disability types,Very Severe,Age standardized participation rate,Percent,41.0,E
Alberta,Females,45 to 54 years,Seeing,Very Severe,Total labour force,Number,3650.0,E
Alberta,Females,45 to 54 years,Mobility,Severe,Total labour force,Number,8930.0,E
Alberta,Females,45 to 54 years,Mobility,Very Severe,Total labour force,Number,6230.0,E
Alberta,Females,45 to 54 years,Mobility,Very Severe,Not in labour force,Number,3000.0,E
Alberta,Females,45 to 54 years,Flexibility,Moderate,Total labour force,Number,3110.0,E
Alberta,Females,45 to 54 years,Flexibility,Moderate,Employed,Number,2530.0,E
Alberta,Females,45 to 54 years,Flexibility,Moderate,Participation rate,Percent,86.9,
Alberta,Females,45 to 54 years,Flexibility,Moderate,Age standardized participation rate,Percent,86.9,
Alberta,Females,45 to 54 years,Flexibility,Moderate,Employment Rate,Percent,86.9,
Alberta,Females,45 to 54 years,Flexibility,Moderate,Age standardized employment rate,Percent,86.9,
Alberta,Females,45 to 54 years,Flexibility,Severe,Total labour force,Number,6950.0,E
Alberta,Females,45 to 54 years,Flexibility,Very Severe,Total labour force,Number,6400.0,E
Alberta,Females,45 to 54 years,Dexterity,Very Severe,Total labour force,Number,4570.0,E
Alberta,Females,45 to 54 years,Pain,Mild,Total labour force,Number,6830.0,E
Alberta,Females,45 to 54 years,Pain,Mild,Employed,Number,4890.0,E
Alberta,Females,45 to 54 years,Pain,Mild,Participation rate,Percent,75.5,
Alberta,Females,45 to 54 years,Pain,Mild,Age standardized participation rate,Percent,75.4,
Alberta,Females,45 to 54 years,Pain,Mild,Employment Rate,Percent,75.5,
Alberta,Females,45 to 54 years,Pain,Mild,Age standardized employment rate,Percent,75.4,
Alberta,Females,45 to 54 years,Pain,Moderate,Total labour force,Number,4080.0,E
Alberta,Females,45 to 54 years,Pain,Moderate,Employed,Number,2710.0,E
Alberta,Females,45 to 54 years,Pain,Moderate,Participation rate,Percent,77.1,
Alberta,Females,45 to 54 years,Pain,Moderate,Age standardized participation rate,Percent,77.1,
Alberta,Females,45 to 54 years,Pain,Moderate,Employment Rate,Percent,69.7,E
Alberta,Females,45 to 54 years,Pain,Moderate,Age standardized employment rate,Percent,69.7,E
Alberta,Females,45 to 54 years,Pain,Severe,Total labour force,Number,9800.0,E
Alberta,Females,45 to 54 years,Pain,Very Severe,Total labour force,Number,7500.0,E
Alberta,Females,45 to 54 years,Pain,Very Severe,Not in labour force,Number,3700.0,E
Alberta,Females,45 to 54 years,Pain,Very Severe,Participation rate,Percent,41.5,E
Alberta,Females,45 to 54 years,Pain,Very Severe,Age standardized participation rate,Percent,41.5,E
Alberta,Females,45 to 54 years,Learning,Very Severe,Total labour force,Number,4140.0,E
Alberta,Females,45 to 54 years,Learning,Very Severe,Not in labour force,Number,3780.0,E
Alberta,Females,45 to 54 years,Memory,Very Severe,Total labour force,Number,4390.0,E
Alberta,Females,45 to 54 years,Memory,Very Severe,Not in labour force,Number,3050.0,E
Alberta,Females,45 to 54 years,Mental and/or psychological,Severe,Total labour force,Number,5360.0,E
Alberta,Females,45 to 54 years,Mental and/or psychological,Very Severe,Total labour force,Number,6420.0,E
Alberta,Females,45 to 54 years,Mental and/or psychological,Very Severe,Not in labour force,Number,3770.0,E
Alberta,Females,55 to 64 years,All disability types,Mild,Total labour force,Number,15640.0,
Alberta,Females,55 to 64 years,All disability types,Mild,Employed,Number,9310.0,E
Alberta,Females,55 to 64 years,All disability types,Mild,Not in labour force,Number,5590.0,E
Alberta,Females,55 to 64 years,All disability types,Mild,Participation rate,Percent,62.5,
Alberta,Females,55 to 64 years,All disability types,Mild,Age standardized participation rate,Percent,62.5,
Alberta,Females,55 to 64 years,All disability types,Mild,Employment Rate,Percent,62.5,
Alberta,Females,55 to 64 years,All disability types,Mild,Age standardized employment rate,Percent,62.5,
Alberta,Females,55 to 64 years,All disability types,Moderate,Total labour force,Number,9930.0,E
Alberta,Females,55 to 64 years,All disability types,Moderate,Employed,Number,4440.0,E
Alberta,Females,55 to 64 years,All disability types,Moderate,Not in labour force,Number,5160.0,E
Alberta,Females,55 to 64 years,All disability types,Moderate,Participation rate,Percent,46.3,E
Alberta,Females,55 to 64 years,All disability types,Moderate,Age standardized participation rate,Percent,46.3,E
Alberta,Females,55 to 64 years,All disability types,Moderate,Employment Rate,Percent,46.3,E
Alberta,Females,55 to 64 years,All disability types,Moderate,Age standardized employment rate,Percent,46.3,E
Alberta,Females,55 to 64 years,All disability types,Severe,Total labour force,Number,11870.0,E
Alberta,Females,55 to 64 years,All disability types,Severe,Employed,Number,5620.0,E
Alberta,Females,55 to 64 years,All disability types,Severe,Participation rate,Percent,58.8,E
Alberta,Females,55 to 64 years,All disability types,Severe,Age standardized participation rate,Percent,58.7,E
Alberta,Females,55 to 64 years,All disability types,Severe,Employment Rate,Percent,55.8,E
Alberta,Females,55 to 64 years,All disability types,Severe,Age standardized employment rate,Percent,55.8,E
Alberta,Females,55 to 64 years,All disability types,Very Severe,Total labour force,Number,8750.0,E
Alberta,Females,55 to 64 years,All disability types,Very Severe,Not in labour force,Number,6060.0,E
Alberta,Females,55 to 64 years,All disability types,Very Severe,Participation rate,Percent,27.3,E
Alberta,Females,55 to 64 years,All disability types,Very Severe,Age standardized participation rate,Percent,27.3,E
Alberta,Females,55 to 64 years,Seeing,Very Severe,Total labour force,Number,3310.0,E
Alberta,Females,55 to 64 years,Mobility,Moderate,Total labour force,Number,6140.0,E
Alberta,Females,55 to 64 years,Mobility,Severe,Total labour force,Number,9040.0,E
Alberta,Females,55 to 64 years,Mobility,Severe,Participation rate,Percent,60.7,E
Alberta,Females,55 to 64 years,Mobility,Severe,Age standardized participation rate,Percent,60.6,E
Alberta,Females,55 to 64 years,Mobility,Severe,Employment Rate,Percent,57.3,E
Alberta,Females,55 to 64 years,Mobility,Severe,Age standardized employment rate,Percent,57.3,E
Alberta,Females,55 to 64 years,Mobility,Very Severe,Total labour force,Number,8750.0,E
Alberta,Females,55 to 64 years,Mobility,Very Severe,Not in labour force,Number,6060.0,E
Alberta,Females,55 to 64 years,Mobility,Very Severe,Participation rate,Percent,27.3,E
Alberta,Females,55 to 64 years,Mobility,Very Severe,Age standardized participation rate,Percent,27.3,E
Alberta,Females,55 to 64 years,Flexibility,Moderate,Total labour force,Number,3870.0,E
Alberta,Females,55 to 64 years,Flexibility,Moderate,Not in labour force,Number,3190.0,E
Alberta,Females,55 to 64 years,Flexibility,Severe,Total labour force,Number,8610.0,E
Alberta,Females,55 to 64 years,Flexibility,Severe,Employed,Number,3300.0,E
Alberta,Females,55 to 64 years,Flexibility,Severe,Participation rate,Percent,48.5,E
Alberta,Females,55 to 64 years,Flexibility,Severe,Age standardized participation rate,Percent,48.4,E
Alberta,Females,55 to 64 years,Flexibility,Severe,Employment Rate,Percent,48.5,E
Alberta,Females,55 to 64 years,Flexibility,Severe,Age standardized employment rate,Percent,48.4,E
Alberta,Females,55 to 64 years,Flexibility,Very Severe,Total labour force,Number,8580.0,E
Alberta,Females,55 to 64 years,Flexibility,Very Severe,Not in labour force,Number,5900.0,E
Alberta,Females,55 to 64 years,Flexibility,Very Severe,Participation rate,Percent,27.9,E
Alberta,Females,55 to 64 years,Flexibility,Very Severe,Age standardized participation rate,Percent,27.9,E
Alberta,Females,55 to 64 years,Dexterity,Very Severe,Total labour force,Number,5980.0,E
Alberta,Females,55 to 64 years,Dexterity,Very Severe,Not in labour force,Number,4210.0,E
Alberta,Females,55 to 64 years,Pain,Mild,Total labour force,Number,10710.0,E
Alberta,Females,55 to 64 years,Pain,Mild,Employed,Number,6650.0,E
Alberta,Females,55 to 64 years,Pain,Mild,Participation rate,Percent,66.8,
Alberta,Females,55 to 64 years,Pain,Mild,Age standardized participation rate,Percent,66.7,
Alberta,Females,55 to 64 years,Pain,Mild,Employment Rate,Percent,66.8,
Alberta,Females,55 to 64 years,Pain,Mild,Age standardized employment rate,Percent,66.7,
Alberta,Females,55 to 64 years,Pain,Moderate,Total labour force,Number,8490.0,E
Alberta,Females,55 to 64 years,Pain,Moderate,Not in labour force,Number,4480.0,E
Alberta,Females,55 to 64 years,Pain,Severe,Total labour force,Number,10380.0,E
Alberta,Females,55 to 64 years,Pain,Severe,Employed,Number,5230.0,E
Alberta,Females,55 to 64 years,Pain,Severe,Participation rate,Percent,64.3,E
Alberta,Females,55 to 64 years,Pain,Severe,Age standardized participation rate,Percent,64.4,E
Alberta,Females,55 to 64 years,Pain,Severe,Employment Rate,Percent,61.0,E
Alberta,Females,55 to 64 years,Pain,Severe,Age standardized employment rate,Percent,60.9,E
Alberta,Females,55 to 64 years,Pain,Very Severe,Total labour force,Number,8590.0,E
Alberta,Females,55 to 64 years,Pain,Very Severe,Not in labour force,Number,5910.0,E
Alberta,Females,55 to 64 years,Pain,Very Severe,Participation rate,Percent,27.8,E
Alberta,Females,55 to 64 years,Pain,Very Severe,Age standardized participation rate,Percent,27.8,E
Alberta,Females,55 to 64 years,Mental and/or psychological,Very Severe,Total labour force,Number,5820.0,E
Alberta,Females,55 to 64 years,Mental and/or psychological,Very Severe,Not in labour force,Number,3970.0,E
British Columbia,Males,15 to 24 years,All disability types,Mild,Total labour force,Number,4550.0,
British Columbia,Males,15 to 24 years,All disability types,Mild,Employed,Number,1790.0,E
British Columbia,Males,15 to 24 years,All disability types,Mild,Not in labour force,Number,1710.0,E
British Columbia,Males,15 to 24 years,All disability types,Mild,Participation rate,Percent,59.4,
British Columbia,Males,15 to 24 years,All disability types,Mild,Age standardized participation rate,Percent,59.4,
British Columbia,Males,15 to 24 years,All disability types,Mild,Employment Rate,Percent,42.5,E
British Columbia,Males,15 to 24 years,All disability types,Mild,Age standardized employment rate,Percent,42.4,E
British Columbia,Males,15 to 24 years,All disability types,Moderate,Total labour force,Number,2450.0,E
British Columbia,Males,15 to 24 years,All disability types,Moderate,Not in labour force,Number,1090.0,E
British Columbia,Males,15 to 24 years,All disability types,Moderate,Participation rate,Percent,52.8,E
British Columbia,Males,15 to 24 years,All disability types,Moderate,Age standardized participation rate,Percent,53.0,E
British Columbia,Males,15 to 24 years,All disability types,Moderate,Employment Rate,Percent,46.8,E
British Columbia,Males,15 to 24 years,All disability types,Moderate,Age standardized employment rate,Percent,46.8,E
British Columbia,Males,15 to 24 years,All disability types,Severe,Total labour force,Number,3690.0,E
British Columbia,Males,15 to 24 years,All disability types,Very Severe,Total labour force,Number,3680.0,E
British Columbia,Males,15 to 24 years,All disability types,Very Severe,Not in labour force,Number,3190.0,E
British Columbia,Males,15 to 24 years,Mobility,Very Severe,Total labour force,Number,2100.0,E
British Columbia,Males,15 to 24 years,Mobility,Very Severe,Not in labour force,Number,2000.0,E
British Columbia,Males,15 to 24 years,Flexibility,Very Severe,Total labour force,Number,1980.0,E
British Columbia,Males,15 to 24 years,Flexibility,Very Severe,Not in labour force,Number,1940.0,E
British Columbia,Males,15 to 24 years,Dexterity,Very Severe,Total labour force,Number,1890.0,E
British Columbia,Males,15 to 24 years,Dexterity,Very Severe,Not in labour force,Number,1810.0,E
British Columbia,Males,15 to 24 years,Pain,Mild,Total labour force,Number,1330.0,E
British Columbia,Males,15 to 24 years,Pain,Mild,Participation rate,Percent,65.5,E
British Columbia,Males,15 to 24 years,Pain,Mild,Age standardized participation rate,Percent,66.1,E
British Columbia,Males,15 to 24 years,Pain,Mild,Employment Rate,Percent,62.8,E
British Columbia,Males,15 to 24 years,Pain,Mild,Age standardized employment rate,Percent,62.9,E
British Columbia,Males,15 to 24 years,Pain,Moderate,Total labour force,Number,890.0,E
British Columbia,Males,15 to 24 years,Pain,Very Severe,Total labour force,Number,1510.0,E
British Columbia,Males,15 to 24 years,Learning,Mild,Total labour force,Number,1270.0,E
British Columbia,Males,15 to 24 years,Learning,Mild,Participation rate,Percent,65.4,E
British Columbia,Males,15 to 24 years,Learning,Mild,Age standardized participation rate,Percent,65.0,E
British Columbia,Males,15 to 24 years,Learning,Moderate,Total labour force,Number,1470.0,E
British Columbia,Males,15 to 24 years,Learning,Severe,Total labour force,Number,2560.0,E
British Columbia,Males,15 to 24 years,Learning,Very Severe,Total labour force,Number,3520.0,E
British Columbia,Males,15 to 24 years,Learning,Very Severe,Not in labour force,Number,3040.0,E
British Columbia,Males,15 to 24 years,Memory,Very Severe,Total labour force,Number,2400.0,E
British Columbia,Males,15 to 24 years,Memory,Very Severe,Not in labour force,Number,2090.0,E
British Columbia,Males,15 to 24 years,Developmental,Mild,Total labour force,Number,820.0,E
British Columbia,Males,15 to 24 years,Developmental,Moderate,Total labour force,Number,420.0,E
British Columbia,Males,15 to 24 years,Developmental,Very Severe,Total labour force,Number,2580.0,E
British Columbia,Males,15 to 24 years,Developmental,Very Severe,Not in labour force,Number,2130.0,E
British Columbia,Males,15 to 24 years,Mental and/or psychological,Moderate,Total labour force,Number,980.0,E
British Columbia,Males,15 to 24 years,Mental and/or psychological,Moderate,Not in labour force,Number,530.0,E
British Columbia,Males,15 to 24 years,Mental and/or psychological,Severe,Total labour force,Number,2300.0,E
British Columbia,Males,15 to 24 years,Mental and/or psychological,Severe,Not in labour force,Number,1140.0,E
British Columbia,Males,15 to 24 years,Mental and/or psychological,Very Severe,Total labour force,Number,2950.0,E
British Columbia,Males,15 to 24 years,Mental and/or psychological,Very Severe,Not in labour force,Number,2500.0,E
British Columbia,Males,25 to 34 years,All disability types,Mild,Total labour force,Number,4630.0,E
British Columbia,Males,25 to 34 years,All disability types,Mild,Employed,Number,3600.0,E
British Columbia,Males,25 to 34 years,All disability types,Mild,Participation rate,Percent,89.8,
British Columbia,Males,25 to 34 years,All disability types,Mild,Age standardized participation rate,Percent,89.9,
British Columbia,Males,25 to 34 years,All disability types,Mild,Employment Rate,Percent,79.6,
British Columbia,Males,25 to 34 years,All disability types,Mild,Age standardized employment rate,Percent,79.8,
British Columbia,Males,25 to 34 years,All disability types,Moderate,Total labour force,Number,3490.0,E
British Columbia,Males,25 to 34 years,All disability types,Moderate,Participation rate,Percent,55.3,E
British Columbia,Males,25 to 34 years,All disability types,Moderate,Age standardized participation rate,Percent,55.2,E
British Columbia,Males,25 to 34 years,All disability types,Moderate,Employment Rate,Percent,55.3,E
British Columbia,Males,25 to 34 years,All disability types,Moderate,Age standardized employment rate,Percent,55.2,E
British Columbia,Males,25 to 34 years,All disability types,Severe,Total labour force,Number,3420.0,E
British Columbia,Males,25 to 34 years,Pain,Mild,Total labour force,Number,2980.0,E
British Columbia,Males,25 to 34 years,Pain,Mild,Participation rate,Percent,91.6,
British Columbia,Males,25 to 34 years,Pain,Mild,Age standardized participation rate,Percent,91.7,
British Columbia,Males,25 to 34 years,Pain,Mild,Employment Rate,Percent,86.9,
British Columbia,Males,25 to 34 years,Pain,Mild,Age standardized employment rate,Percent,86.9,
British Columbia,Males,35 to 44 years,All disability types,Mild,Total labour force,Number,8030.0,
British Columbia,Males,35 to 44 years,All disability types,Mild,Employed,Number,6330.0,E
British Columbia,Males,35 to 44 years,All disability types,Mild,Participation rate,Percent,83.9,
British Columbia,Males,35 to 44 years,All disability types,Mild,Age standardized participation rate,Percent,83.8,
British Columbia,Males,35 to 44 years,All disability types,Mild,Employment Rate,Percent,81.0,
British Columbia,Males,35 to 44 years,All disability types,Mild,Age standardized employment rate,Percent,81.0,
British Columbia,Males,35 to 44 years,All disability types,Moderate,Total labour force,Number,2860.0,E
British Columbia,Males,35 to 44 years,All disability types,Moderate,Employed,Number,2170.0,E
British Columbia,Males,35 to 44 years,All disability types,Moderate,Participation rate,Percent,86.8,
British Columbia,Males,35 to 44 years,All disability types,Moderate,Age standardized participation rate,Percent,86.8,
British Columbia,Males,35 to 44 years,All disability types,Moderate,Employment Rate,Percent,86.8,
British Columbia,Males,35 to 44 years,All disability types,Moderate,Age standardized employment rate,Percent,86.8,
British Columbia,Males,35 to 44 years,All disability types,Severe,Total labour force,Number,2750.0,E
British Columbia,Males,35 to 44 years,All disability types,Very Severe,Total labour force,Number,5130.0,E
British Columbia,Males,35 to 44 years,All disability types,Very Severe,Not in labour force,Number,2300.0,E
British Columbia,Males,35 to 44 years,All disability types,Very Severe,Participation rate,Percent,48.0,E
British Columbia,Males,35 to 44 years,All disability types,Very Severe,Age standardized participation rate,Percent,47.9,E
British Columbia,Males,35 to 44 years,Mobility,Very Severe,Total labour force,Number,3970.0,E
British Columbia,Males,35 to 44 years,Mobility,Very Severe,Not in labour force,Number,1840.0,E
British Columbia,Males,35 to 44 years,Flexibility,Very Severe,Total labour force,Number,4620.0,E
British Columbia,Males,35 to 44 years,Flexibility,Very Severe,Not in labour force,Number,2140.0,E
British Columbia,Males,35 to 44 years,Flexibility,Very Severe,Participation rate,Percent,46.9,E
British Columbia,Males,35 to 44 years,Flexibility,Very Severe,Age standardized participation rate,Percent,46.8,E
British Columbia,Males,35 to 44 years,Dexterity,Very Severe,Total labour force,Number,3360.0,E
British Columbia,Males,35 to 44 years,Pain,Mild,Total labour force,Number,3790.0,E
British Columbia,Males,35 to 44 years,Pain,Mild,Employed,Number,3100.0,E
British Columbia,Males,35 to 44 years,Pain,Mild,Participation rate,Percent,90.7,
British Columbia,Males,35 to 44 years,Pain,Mild,Age standardized participation rate,Percent,90.6,
British Columbia,Males,35 to 44 years,Pain,Mild,Employment Rate,Percent,84.7,
British Columbia,Males,35 to 44 years,Pain,Mild,Age standardized employment rate,Percent,84.5,
British Columbia,Males,35 to 44 years,Pain,Moderate,Total labour force,Number,1740.0,E
British Columbia,Males,35 to 44 years,Pain,Moderate,Employed,Number,1400.0,E
British Columbia,Males,35 to 44 years,Pain,Moderate,Participation rate,Percent,85.9,
British Columbia,Males,35 to 44 years,Pain,Moderate,Age standardized participation rate,Percent,85.9,
British Columbia,Males,35 to 44 years,Pain,Moderate,Employment Rate,Percent,85.9,
British Columbia,Males,35 to 44 years,Pain,Moderate,Age standardized employment rate,Percent,85.9,
British Columbia,Males,35 to 44 years,Pain,Very Severe,Total labour force,Number,4360.0,E
British Columbia,Males,35 to 44 years,Pain,Very Severe,Not in labour force,Number,1810.0,E
British Columbia,Males,35 to 44 years,Pain,Very Severe,Participation rate,Percent,53.9,E
British Columbia,Males,35 to 44 years,Pain,Very Severe,Age standardized participation rate,Percent,54.0,E
British Columbia,Males,35 to 44 years,Learning,Very Severe,Total labour force,Number,2320.0,E
British Columbia,Males,35 to 44 years,Memory,Very Severe,Total labour force,Number,2770.0,E
British Columbia,Males,35 to 44 years,Mental and/or psychological,Very Severe,Total labour force,Number,3050.0,E
British Columbia,Males,45 to 54 years,All disability types,Mild,Total labour force,Number,18370.0,E
British Columbia,Males,45 to 54 years,All disability types,Mild,Employed,Number,14170.0,E
British Columbia,Males,45 to 54 years,All disability types,Mild,Participation rate,Percent,82.7,
British Columbia,Males,45 to 54 years,All disability types,Mild,Age standardized participation rate,Percent,82.7,
British Columbia,Males,45 to 54 years,All disability types,Mild,Employment Rate,Percent,77.1,
British Columbia,Males,45 to 54 years,All disability types,Mild,Age standardized employment rate,Percent,77.1,
British Columbia,Males,45 to 54 years,All disability types,Moderate,Total labour force,Number,9170.0,E
British Columbia,Males,45 to 54 years,All disability types,Moderate,Participation rate,Percent,95.1,
British Columbia,Males,45 to 54 years,All disability types,Moderate,Age standardized participation rate,Percent,95.2,
British Columbia,Males,45 to 54 years,All disability types,Moderate,Employment Rate,Percent,95.1,
British Columbia,Males,45 to 54 years,All disability types,Moderate,Age standardized employment rate,Percent,95.2,
British Columbia,Males,45 to 54 years,All disability types,Severe,Total labour force,Number,8490.0,E
British Columbia,Males,45 to 54 years,All disability types,Severe,Participation rate,Percent,48.6,E
British Columbia,Males,45 to 54 years,All disability types,Severe,Age standardized participation rate,Percent,48.6,E
British Columbia,Males,45 to 54 years,All disability types,Very Severe,Total labour force,Number,12800.0,E
British Columbia,Males,45 to 54 years,All disability types,Very Severe,Not in labour force,Number,7280.0,E
British Columbia,Males,45 to 54 years,Mobility,Very Severe,Total labour force,Number,9560.0,E
British Columbia,Males,45 to 54 years,Mobility,Very Severe,Not in labour force,Number,7280.0,E
British Columbia,Males,45 to 54 years,Flexibility,Severe,Total labour force,Number,6260.0,E
British Columbia,Males,45 to 54 years,Flexibility,Very Severe,Total labour force,Number,10860.0,E
British Columbia,Males,45 to 54 years,Dexterity,Very Severe,Total labour force,Number,10060.0,E
British Columbia,Males,45 to 54 years,Pain,Mild,Total labour force,Number,13090.0,E
British Columbia,Males,45 to 54 years,Pain,Mild,Employed,Number,9590.0,E
British Columbia,Males,45 to 54 years,Pain,Mild,Participation rate,Percent,75.8,E
British Columbia,Males,45 to 54 years,Pain,Mild,Age standardized participation rate,Percent,75.8,E
British Columbia,Males,45 to 54 years,Pain,Mild,Employment Rate,Percent,73.3,E
British Columbia,Males,45 to 54 years,Pain,Mild,Age standardized employment rate,Percent,73.3,E
British Columbia,Males,45 to 54 years,Pain,Severe,Total labour force,Number,6870.0,E
British Columbia,Males,45 to 54 years,Pain,Very Severe,Total labour force,Number,12690.0,E
British Columbia,Males,45 to 54 years,Pain,Very Severe,Not in labour force,Number,7280.0,E
British Columbia,Males,45 to 54 years,Mental and/or psychological,Very Severe,Total labour force,Number,8800.0,E
British Columbia,Males,55 to 64 years,All disability types,Mild,Total labour force,Number,12980.0,
British Columbia,Males,55 to 64 years,All disability types,Mild,Employed,Number,7650.0,E
British Columbia,Males,55 to 64 years,All disability types,Mild,Not in labour force,Number,3620.0,E
British Columbia,Males,55 to 64 years,All disability types,Mild,Participation rate,Percent,70.2,
British Columbia,Males,55 to 64 years,All disability types,Mild,Age standardized participation rate,Percent,70.3,
British Columbia,Males,55 to 64 years,All disability types,Mild,Employment Rate,Percent,62.7,
British Columbia,Males,55 to 64 years,All disability types,Mild,Age standardized employment rate,Percent,62.7,
British Columbia,Males,55 to 64 years,All disability types,Moderate,Total labour force,Number,18420.0,E
British Columbia,Males,55 to 64 years,All disability types,Moderate,Participation rate,Percent,61.6,E
British Columbia,Males,55 to 64 years,All disability types,Moderate,Age standardized participation rate,Percent,61.6,E
British Columbia,Males,55 to 64 years,All disability types,Moderate,Employment Rate,Percent,56.7,E
British Columbia,Males,55 to 64 years,All disability types,Moderate,Age standardized employment rate,Percent,56.7,E
British Columbia,Males,55 to 64 years,All disability types,Severe,Total labour force,Number,10450.0,E
British Columbia,Males,55 to 64 years,All disability types,Severe,Participation rate,Percent,54.1,E
British Columbia,Males,55 to 64 years,All disability types,Severe,Age standardized participation rate,Percent,54.1,E
British Columbia,Males,55 to 64 years,All disability types,Severe,Employment Rate,Percent,49.9,E
British Columbia,Males,55 to 64 years,All disability types,Severe,Age standardized employment rate,Percent,50.0,E
British Columbia,Males,55 to 64 years,All disability types,Very Severe,Total labour force,Number,13370.0,E
British Columbia,Males,55 to 64 years,All disability types,Very Severe,Not in labour force,Number,10700.0,E
British Columbia,Males,55 to 64 years,Hearing,Mild,Total labour force,Number,3080.0,E
British Columbia,Males,55 to 64 years,Hearing,Moderate,Total labour force,Number,4210.0,E
British Columbia,Males,55 to 64 years,Mobility,Moderate,Total labour force,Number,3040.0,E
British Columbia,Males,55 to 64 years,Mobility,Severe,Total labour force,Number,6890.0,E
British Columbia,Males,55 to 64 years,Mobility,Very Severe,Total labour force,Number,10930.0,E
British Columbia,Males,55 to 64 years,Mobility,Very Severe,Not in labour force,Number,8270.0,E
British Columbia,Males,55 to 64 years,Flexibility,Moderate,Total labour force,Number,5560.0,E
British Columbia,Males,55 to 64 years,Flexibility,Severe,Total labour force,Number,7430.0,E
British Columbia,Males,55 to 64 years,Flexibility,Very Severe,Total labour force,Number,12500.0,E
British Columbia,Males,55 to 64 years,Flexibility,Very Severe,Not in labour force,Number,10160.0,E
British Columbia,Males,55 to 64 years,Dexterity,Very Severe,Total labour force,Number,4500.0,E
British Columbia,Males,55 to 64 years,Pain,Mild,Total labour force,Number,4930.0,E
British Columbia,Males,55 to 64 years,Pain,Mild,Employed,Number,2840.0,E
British Columbia,Males,55 to 64 years,Pain,Mild,Participation rate,Percent,61.2,E
British Columbia,Males,55 to 64 years,Pain,Mild,Age standardized participation rate,Percent,61.3,E
British Columbia,Males,55 to 64 years,Pain,Mild,Employment Rate,Percent,61.2,E
British Columbia,Males,55 to 64 years,Pain,Mild,Age standardized employment rate,Percent,61.3,E
British Columbia,Males,55 to 64 years,Pain,Moderate,Total labour force,Number,10250.0,E
British Columbia,Males,55 to 64 years,Pain,Moderate,Participation rate,Percent,71.2,
British Columbia,Males,55 to 64 years,Pain,Moderate,Age standardized participation rate,Percent,71.2,
British Columbia,Males,55 to 64 years,Pain,Severe,Total labour force,Number,7750.0,E
British Columbia,Males,55 to 64 years,Pain,Very Severe,Total labour force,Number,11700.0,E
British Columbia,Males,55 to 64 years,Pain,Very Severe,Not in labour force,Number,9280.0,E
British Columbia,Females,15 to 24 years,All disability types,Mild,Total labour force,Number,6470.0,
British Columbia,Females,15 to 24 years,All disability types,Mild,Employed,Number,3190.0,E
British Columbia,Females,15 to 24 years,All disability types,Mild,Not in labour force,Number,2740.0,E
British Columbia,Females,15 to 24 years,All disability types,Mild,Participation rate,Percent,56.6,
British Columbia,Females,15 to 24 years,All disability types,Mild,Age standardized participation rate,Percent,56.7,
British Columbia,Females,15 to 24 years,All disability types,Mild,Employment Rate,Percent,50.5,
British Columbia,Females,15 to 24 years,All disability types,Mild,Age standardized employment rate,Percent,50.4,
British Columbia,Females,15 to 24 years,All disability types,Moderate,Total labour force,Number,2240.0,E
British Columbia,Females,15 to 24 years,All disability types,Moderate,Employed,Number,780.0,E
British Columbia,Females,15 to 24 years,All disability types,Moderate,Not in labour force,Number,1040.0,E
British Columbia,Females,15 to 24 years,All disability types,Moderate,Participation rate,Percent,51.4,E
British Columbia,Females,15 to 24 years,All disability types,Moderate,Age standardized participation rate,Percent,51.3,E
British Columbia,Females,15 to 24 years,All disability types,Moderate,Employment Rate,Percent,36.4,E
British Columbia,Females,15 to 24 years,All disability types,Moderate,Age standardized employment rate,Percent,36.6,E
British Columbia,Females,15 to 24 years,All disability types,Severe,Total labour force,Number,2350.0,E
British Columbia,Females,15 to 24 years,All disability types,Very Severe,Total labour force,Number,2760.0,E
British Columbia,Females,15 to 24 years,All disability types,Very Severe,Not in labour force,Number,2280.0,E
British Columbia,Females,15 to 24 years,Mobility,Very Severe,Total labour force,Number,1460.0,E
British Columbia,Females,15 to 24 years,Pain,Mild,Total labour force,Number,2580.0,E
British Columbia,Females,15 to 24 years,Pain,Mild,Participation rate,Percent,81.9,
British Columbia,Females,15 to 24 years,Pain,Mild,Age standardized participation rate,Percent,82.0,
British Columbia,Females,15 to 24 years,Pain,Mild,Employment Rate,Percent,77.4,
British Columbia,Females,15 to 24 years,Pain,Mild,Age standardized employment rate,Percent,77.5,
British Columbia,Females,15 to 24 years,Pain,Very Severe,Total labour force,Number,1780.0,E
British Columbia,Females,15 to 24 years,Pain,Very Severe,Not in labour force,Number,1350.0,E
British Columbia,Females,15 to 24 years,Learning,Moderate,Total labour force,Number,940.0,E
British Columbia,Females,15 to 24 years,Learning,Very Severe,Total labour force,Number,2510.0,E
British Columbia,Females,15 to 24 years,Memory,Very Severe,Total labour force,Number,1890.0,E
British Columbia,Females,15 to 24 years,Memory,Very Severe,Not in labour force,Number,1470.0,E
British Columbia,Females,15 to 24 years,Mental and/or psychological,Mild,Total labour force,Number,1680.0,E
British Columbia,Females,15 to 24 years,Mental and/or psychological,Mild,Participation rate,Percent,44.2,E
British Columbia,Females,15 to 24 years,Mental and/or psychological,Mild,Age standardized participation rate,Percent,44.0,E
British Columbia,Females,15 to 24 years,Mental and/or psychological,Moderate,Total labour force,Number,1260.0,E
British Columbia,Females,15 to 24 years,Mental and/or psychological,Moderate,Employed,Number,620.0,E
British Columbia,Females,15 to 24 years,Mental and/or psychological,Moderate,Not in labour force,Number,550.0,E
British Columbia,Females,15 to 24 years,Mental and/or psychological,Moderate,Participation rate,Percent,53.0,E
British Columbia,Females,15 to 24 years,Mental and/or psychological,Moderate,Age standardized participation rate,Percent,52.9,E
British Columbia,Females,15 to 24 years,Mental and/or psychological,Moderate,Employment Rate,Percent,53.0,E
British Columbia,Females,15 to 24 years,Mental and/or psychological,Moderate,Age standardized employment rate,Percent,52.9,E
British Columbia,Females,15 to 24 years,Mental and/or psychological,Very Severe,Total labour force,Number,1590.0,E
British Columbia,Females,15 to 24 years,Mental and/or psychological,Very Severe,Not in labour force,Number,1110.0,E
British Columbia,Females,25 to 34 years,All disability types,Mild,Total labour force,Number,6260.0,E
British Columbia,Females,25 to 34 years,All disability types,Mild,Employed,Number,3960.0,E
British Columbia,Females,25 to 34 years,All disability types,Mild,Participation rate,Percent,69.3,E
British Columbia,Females,25 to 34 years,All disability types,Mild,Age standardized participation rate,Percent,69.3,E
British Columbia,Females,25 to 34 years,All disability types,Mild,Employment Rate,Percent,64.6,E
British Columbia,Females,25 to 34 years,All disability types,Mild,Age standardized employment rate,Percent,64.5,E
British Columbia,Females,25 to 34 years,All disability types,Moderate,Total labour force,Number,3630.0,E
British Columbia,Females,25 to 34 years,All disability types,Moderate,Employed,Number,2150.0,E
British Columbia,Females,25 to 34 years,All disability types,Moderate,Participation rate,Percent,70.5,
British Columbia,Females,25 to 34 years,All disability types,Moderate,Age standardized participation rate,Percent,70.6,
British Columbia,Females,25 to 34 years,All disability types,Moderate,Employment Rate,Percent,70.5,
British Columbia,Females,25 to 34 years,All disability types,Moderate,Age standardized employment rate,Percent,70.6,
British Columbia,Females,25 to 34 years,All disability types,Severe,Total labour force,Number,6470.0,E
British Columbia,Females,25 to 34 years,All disability types,Severe,Employed,Number,3520.0,E
British Columbia,Females,25 to 34 years,All disability types,Severe,Participation rate,Percent,76.0,
British Columbia,Females,25 to 34 years,All disability types,Severe,Age standardized participation rate,Percent,76.0,
British Columbia,Females,25 to 34 years,All disability types,Severe,Employment Rate,Percent,69.2,
British Columbia,Females,25 to 34 years,All disability types,Severe,Age standardized employment rate,Percent,69.2,
British Columbia,Females,25 to 34 years,All disability types,Very Severe,Total labour force,Number,4050.0,E
British Columbia,Females,25 to 34 years,Mobility,Very Severe,Total labour force,Number,3400.0,E
British Columbia,Females,25 to 34 years,Flexibility,Severe,Total labour force,Number,2020.0,E
British Columbia,Females,25 to 34 years,Flexibility,Very Severe,Total labour force,Number,3790.0,E
British Columbia,Females,25 to 34 years,Dexterity,Very Severe,Total labour force,Number,1900.0,E
British Columbia,Females,25 to 34 years,Pain,Mild,Participation rate,Percent,64.5,E
British Columbia,Females,25 to 34 years,Pain,Mild,Age standardized participation rate,Percent,64.5,E
British Columbia,Females,25 to 34 years,Pain,Mild,Employment Rate,Percent,60.3,E
British Columbia,Females,25 to 34 years,Pain,Mild,Age standardized employment rate,Percent,60.4,E
British Columbia,Females,25 to 34 years,Pain,Moderate,Total labour force,Number,2780.0,E
British Columbia,Females,25 to 34 years,Pain,Moderate,Employed,Number,1820.0,E
British Columbia,Females,25 to 34 years,Pain,Moderate,Participation rate,Percent,83.1,
British Columbia,Females,25 to 34 years,Pain,Moderate,Age standardized participation rate,Percent,82.7,
British Columbia,Females,25 to 34 years,Pain,Moderate,Employment Rate,Percent,83.1,
British Columbia,Females,25 to 34 years,Pain,Moderate,Age standardized employment rate,Percent,82.7,
British Columbia,Females,25 to 34 years,Pain,Severe,Total labour force,Number,5980.0,E
British Columbia,Females,25 to 34 years,Pain,Severe,Participation rate,Percent,74.3,
British Columbia,Females,25 to 34 years,Pain,Severe,Age standardized participation rate,Percent,74.4,
British Columbia,Females,25 to 34 years,Pain,Severe,Employment Rate,Percent,67.2,
British Columbia,Females,25 to 34 years,Pain,Severe,Age standardized employment rate,Percent,67.3,
British Columbia,Females,25 to 34 years,Pain,Very Severe,Total labour force,Number,3670.0,E
British Columbia,Females,25 to 34 years,Learning,Very Severe,Total labour force,Number,2060.0,E
British Columbia,Females,25 to 34 years,Memory,Very Severe,Total labour force,Number,2660.0,E
British Columbia,Females,25 to 34 years,Mental and/or psychological,Mild,Total labour force,Number,1630.0,E
British Columbia,Females,25 to 34 years,Mental and/or psychological,Moderate,Total labour force,Number,1470.0,E
British Columbia,Females,25 to 34 years,Mental and/or psychological,Severe,Total labour force,Number,4870.0,E
British Columbia,Females,25 to 34 years,Mental and/or psychological,Very Severe,Total labour force,Number,3560.0,E
British Columbia,Females,35 to 44 years,All disability types,Mild,Total labour force,Number,8530.0,
British Columbia,Females,35 to 44 years,All disability types,Mild,Employed,Number,6470.0,E
British Columbia,Females,35 to 44 years,All disability types,Mild,Participation rate,Percent,80.1,
British Columbia,Females,35 to 44 years,All disability types,Mild,Age standardized participation rate,Percent,80.1,
British Columbia,Females,35 to 44 years,All disability types,Mild,Employment Rate,Percent,79.4,
British Columbia,Females,35 to 44 years,All disability types,Mild,Age standardized employment rate,Percent,79.3,
British Columbia,Females,35 to 44 years,All disability types,Moderate,Total labour force,Number,8320.0,E
British Columbia,Females,35 to 44 years,All disability types,Moderate,Employed,Number,5970.0,E
British Columbia,Females,35 to 44 years,All disability types,Moderate,Participation rate,Percent,85.4,
British Columbia,Females,35 to 44 years,All disability types,Moderate,Age standardized participation rate,Percent,85.4,
British Columbia,Females,35 to 44 years,All disability types,Moderate,Employment Rate,Percent,72.8,
British Columbia,Females,35 to 44 years,All disability types,Moderate,Age standardized employment rate,Percent,72.8,
British Columbia,Females,35 to 44 years,All disability types,Severe,Total labour force,Number,3710.0,E
British Columbia,Females,35 to 44 years,All disability types,Severe,Employed,Number,2130.0,E
British Columbia,Females,35 to 44 years,All disability types,Severe,Participation rate,Percent,73.7,
British Columbia,Females,35 to 44 years,All disability types,Severe,Age standardized participation rate,Percent,73.6,
British Columbia,Females,35 to 44 years,All disability types,Severe,Employment Rate,Percent,61.6,
British Columbia,Females,35 to 44 years,All disability types,Severe,Age standardized employment rate,Percent,61.7,
British Columbia,Females,35 to 44 years,All disability types,Very Severe,Total labour force,Number,5110.0,E
British Columbia,Females,35 to 44 years,All disability types,Very Severe,Employed,Number,1140.0,E
British Columbia,Females,35 to 44 years,All disability types,Very Severe,Not in labour force,Number,3080.0,E
British Columbia,Females,35 to 44 years,All disability types,Very Severe,Participation rate,Percent,32.2,E
British Columbia,Females,35 to 44 years,All disability types,Very Severe,Age standardized participation rate,Percent,32.2,E
British Columbia,Females,35 to 44 years,All disability types,Very Severe,Employment Rate,Percent,25.1,E
British Columbia,Females,35 to 44 years,All disability types,Very Severe,Age standardized employment rate,Percent,25.0,E
British Columbia,Females,35 to 44 years,Mobility,Moderate,Participation rate,Percent,95.7,
British Columbia,Females,35 to 44 years,Mobility,Moderate,Age standardized participation rate,Percent,95.4,
British Columbia,Females,35 to 44 years,Mobility,Severe,Total labour force,Number,2210.0,E
British Columbia,Females,35 to 44 years,Mobility,Severe,Employed,Number,1110.0,E
British Columbia,Females,35 to 44 years,Mobility,Severe,Participation rate,Percent,77.6,
British Columbia,Females,35 to 44 years,Mobility,Severe,Age standardized participation rate,Percent,77.6,
British Columbia,Females,35 to 44 years,Mobility,Severe,Employment Rate,Percent,56.6,E
British Columbia,Females,35 to 44 years,Mobility,Severe,Age standardized employment rate,Percent,56.5,E
British Columbia,Females,35 to 44 years,Mobility,Very Severe,Total labour force,Number,3780.0,E
British Columbia,Females,35 to 44 years,Mobility,Very Severe,Not in labour force,Number,2320.0,E
British Columbia,Females,35 to 44 years,Flexibility,Mild,Total labour force,Number,1200.0,E
British Columbia,Females,35 to 44 years,Flexibility,Moderate,Total labour force,Number,4870.0,E
British Columbia,Females,35 to 44 years,Flexibility,Moderate,Participation rate,Percent,84.0,
British Columbia,Females,35 to 44 years,Flexibility,Moderate,Age standardized participation rate,Percent,84.2,
British Columbia,Females,35 to 44 years,Flexibility,Moderate,Employment Rate,Percent,66.2,E
British Columbia,Females,35 to 44 years,Flexibility,Moderate,Age standardized employment rate,Percent,66.2,E
British Columbia,Females,35 to 44 years,Flexibility,Severe,Total labour force,Number,1910.0,E
British Columbia,Females,35 to 44 years,Flexibility,Severe,Employed,Number,1190.0,E
British Columbia,Females,35 to 44 years,Flexibility,Severe,Participation rate,Percent,80.5,
British Columbia,Females,35 to 44 years,Flexibility,Severe,Age standardized participation rate,Percent,80.7,
British Columbia,Females,35 to 44 years,Flexibility,Severe,Employment Rate,Percent,68.4,E
British Columbia,Females,35 to 44 years,Flexibility,Severe,Age standardized employment rate,Percent,68.5,E
British Columbia,Females,35 to 44 years,Flexibility,Very Severe,Total labour force,Number,4670.0,E
British Columbia,Females,35 to 44 years,Flexibility,Very Severe,Not in labour force,Number,3000.0,E
British Columbia,Females,35 to 44 years,Flexibility,Very Severe,Participation rate,Percent,28.6,E
British Columbia,Females,35 to 44 years,Flexibility,Very Severe,Age standardized participation rate,Percent,28.5,E
British Columbia,Females,35 to 44 years,Dexterity,Very Severe,Total labour force,Number,2660.0,E
British Columbia,Females,35 to 44 years,Pain,Mild,Total labour force,Number,5530.0,E
British Columbia,Females,35 to 44 years,Pain,Mild,Employed,Number,4440.0,E
British Columbia,Females,35 to 44 years,Pain,Mild,Participation rate,Percent,86.0,
British Columbia,Females,35 to 44 years,Pain,Mild,Age standardized participation rate,Percent,86.0,
British Columbia,Females,35 to 44 years,Pain,Mild,Employment Rate,Percent,86.0,
British Columbia,Females,35 to 44 years,Pain,Mild,Age standardized employment rate,Percent,86.0,
British Columbia,Females,35 to 44 years,Pain,Moderate,Total labour force,Number,6890.0,E
British Columbia,Females,35 to 44 years,Pain,Moderate,Employed,Number,4750.0,E
British Columbia,Females,35 to 44 years,Pain,Moderate,Participation rate,Percent,84.2,
British Columbia,Females,35 to 44 years,Pain,Moderate,Age standardized participation rate,Percent,84.2,
British Columbia,Females,35 to 44 years,Pain,Moderate,Employment Rate,Percent,70.2,E
British Columbia,Females,35 to 44 years,Pain,Moderate,Age standardized employment rate,Percent,70.2,E
British Columbia,Females,35 to 44 years,Pain,Severe,Total labour force,Number,3370.0,E
British Columbia,Females,35 to 44 years,Pain,Severe,Employed,Number,1960.0,E
British Columbia,Females,35 to 44 years,Pain,Severe,Participation rate,Percent,76.3,
British Columbia,Females,35 to 44 years,Pain,Severe,Age standardized participation rate,Percent,76.2,
British Columbia,Females,35 to 44 years,Pain,Severe,Employment Rate,Percent,62.8,
British Columbia,Females,35 to 44 years,Pain,Severe,Age standardized employment rate,Percent,62.9,
British Columbia,Females,35 to 44 years,Pain,Very Severe,Total labour force,Number,4150.0,E
British Columbia,Females,35 to 44 years,Pain,Very Severe,Not in labour force,Number,2320.0,E
British Columbia,Females,35 to 44 years,Pain,Very Severe,Participation rate,Percent,35.4,E
British Columbia,Females,35 to 44 years,Pain,Very Severe,Age standardized participation rate,Percent,35.4,E
British Columbia,Females,35 to 44 years,Memory,Severe,Total labour force,Number,1290.0,E
British Columbia,Females,35 to 44 years,Memory,Very Severe,Total labour force,Number,1270.0,E
British Columbia,Females,35 to 44 years,Mental and/or psychological,Severe,Total labour force,Number,1850.0,E
British Columbia,Females,35 to 44 years,Mental and/or psychological,Severe,Participation rate,Percent,65.0,E
British Columbia,Females,35 to 44 years,Mental and/or psychological,Severe,Age standardized participation rate,Percent,65.1,E
British Columbia,Females,35 to 44 years,Mental and/or psychological,Very Severe,Total labour force,Number,3060.0,E
British Columbia,Females,45 to 54 years,All disability types,Mild,Total labour force,Number,13220.0,E
British Columbia,Females,45 to 54 years,All disability types,Mild,Employed,Number,8090.0,E
British Columbia,Females,45 to 54 years,All disability types,Mild,Participation rate,Percent,94.8,
British Columbia,Females,45 to 54 years,All disability types,Mild,Age standardized participation rate,Percent,94.9,
British Columbia,Females,45 to 54 years,All disability types,Mild,Employment Rate,Percent,68.9,E
British Columbia,Females,45 to 54 years,All disability types,Mild,Age standardized employment rate,Percent,68.9,E
British Columbia,Females,45 to 54 years,All disability types,Moderate,Total labour force,Number,11270.0,E
British Columbia,Females,45 to 54 years,All disability types,Moderate,Employed,Number,4990.0,E
British Columbia,Females,45 to 54 years,All disability types,Moderate,Participation rate,Percent,47.1,E
British Columbia,Females,45 to 54 years,All disability types,Moderate,Age standardized participation rate,Percent,47.1,E
British Columbia,Females,45 to 54 years,All disability types,Moderate,Employment Rate,Percent,47.1,E
British Columbia,Females,45 to 54 years,All disability types,Moderate,Age standardized employment rate,Percent,47.1,E
British Columbia,Females,45 to 54 years,All disability types,Severe,Total labour force,Number,12750.0,E
British Columbia,Females,45 to 54 years,All disability types,Severe,Participation rate,Percent,57.6,E
British Columbia,Females,45 to 54 years,All disability types,Severe,Age standardized participation rate,Percent,57.6,E
British Columbia,Females,45 to 54 years,All disability types,Severe,Employment Rate,Percent,54.9,E
British Columbia,Females,45 to 54 years,All disability types,Severe,Age standardized employment rate,Percent,55.0,E
British Columbia,Females,45 to 54 years,All disability types,Very Severe,Total labour force,Number,14110.0,E
British Columbia,Females,45 to 54 years,All disability types,Very Severe,Participation rate,Percent,60.1,E
British Columbia,Females,45 to 54 years,All disability types,Very Severe,Age standardized participation rate,Percent,60.1,E
British Columbia,Females,45 to 54 years,Seeing,Severe,Total labour force,Number,5310.0,E
British Columbia,Females,45 to 54 years,Seeing,Very Severe,Total labour force,Number,7820.0,E
British Columbia,Females,45 to 54 years,Mobility,Moderate,Total labour force,Number,4210.0,E
British Columbia,Females,45 to 54 years,Mobility,Very Severe,Total labour force,Number,6590.0,E
British Columbia,Females,45 to 54 years,Flexibility,Severe,Total labour force,Number,7370.0,E
British Columbia,Females,45 to 54 years,Flexibility,Very Severe,Total labour force,Number,14110.0,E
British Columbia,Females,45 to 54 years,Flexibility,Very Severe,Participation rate,Percent,60.1,E
British Columbia,Females,45 to 54 years,Flexibility,Very Severe,Age standardized participation rate,Percent,60.1,E
British Columbia,Females,45 to 54 years,Dexterity,Very Severe,Total labour force,Number,9190.0,E
British Columbia,Females,45 to 54 years,Pain,Mild,Total labour force,Number,8140.0,E
British Columbia,Females,45 to 54 years,Pain,Mild,Employed,Number,4190.0,E
British Columbia,Females,45 to 54 years,Pain,Mild,Participation rate,Percent,92.1,
British Columbia,Females,45 to 54 years,Pain,Mild,Age standardized participation rate,Percent,92.1,
British Columbia,Females,45 to 54 years,Pain,Mild,Employment Rate,Percent,55.2,E
British Columbia,Females,45 to 54 years,Pain,Mild,Age standardized employment rate,Percent,55.3,E
British Columbia,Females,45 to 54 years,Pain,Moderate,Total labour force,Number,9010.0,E
British Columbia,Females,45 to 54 years,Pain,Moderate,Employed,Number,3310.0,E
British Columbia,Females,45 to 54 years,Pain,Severe,Total labour force,Number,12200.0,E
British Columbia,Females,45 to 54 years,Pain,Severe,Participation rate,Percent,57.6,E
British Columbia,Females,45 to 54 years,Pain,Severe,Age standardized participation rate,Percent,57.6,E
British Columbia,Females,45 to 54 years,Pain,Severe,Employment Rate,Percent,54.9,E
British Columbia,Females,45 to 54 years,Pain,Severe,Age standardized employment rate,Percent,55.0,E
British Columbia,Females,45 to 54 years,Pain,Very Severe,Total labour force,Number,13460.0,E
British Columbia,Females,45 to 54 years,Pain,Very Severe,Participation rate,Percent,60.5,E
British Columbia,Females,45 to 54 years,Pain,Very Severe,Age standardized participation rate,Percent,60.5,E
British Columbia,Females,45 to 54 years,Memory,Very Severe,Total labour force,Number,8030.0,E
British Columbia,Females,45 to 54 years,Mental and/or psychological,Severe,Total labour force,Number,7740.0,E
British Columbia,Females,45 to 54 years,Mental and/or psychological,Very Severe,Total labour force,Number,9550.0,E
British Columbia,Females,55 to 64 years,All disability types,Mild,Total labour force,Number,20330.0,E
British Columbia,Females,55 to 64 years,All disability types,Mild,Employed,Number,7790.0,E
British Columbia,Females,55 to 64 years,All disability types,Mild,Participation rate,Percent,40.1,E
British Columbia,Females,55 to 64 years,All disability types,Mild,Age standardized participation rate,Percent,40.1,E
British Columbia,Females,55 to 64 years,All disability types,Mild,Employment Rate,Percent,38.8,E
British Columbia,Females,55 to 64 years,All disability types,Mild,Age standardized employment rate,Percent,38.8,E
British Columbia,Females,55 to 64 years,All disability types,Moderate,Total labour force,Number,14390.0,E
British Columbia,Females,55 to 64 years,All disability types,Moderate,Employed,Number,6870.0,E
British Columbia,Females,55 to 64 years,All disability types,Moderate,Not in labour force,Number,7270.0,E
British Columbia,Females,55 to 64 years,All disability types,Moderate,Participation rate,Percent,49.4,E
British Columbia,Females,55 to 64 years,All disability types,Moderate,Age standardized participation rate,Percent,49.4,E
British Columbia,Females,55 to 64 years,All disability types,Moderate,Employment Rate,Percent,47.7,E
British Columbia,Females,55 to 64 years,All disability types,Moderate,Age standardized employment rate,Percent,47.8,E
British Columbia,Females,55 to 64 years,All disability types,Severe,Total labour force,Number,21370.0,E
British Columbia,Females,55 to 64 years,All disability types,Severe,Employed,Number,4450.0,E
British Columbia,Females,55 to 64 years,All disability types,Severe,Not in labour force,Number,16160.0,E
British Columbia,Females,55 to 64 years,All disability types,Severe,Participation rate,Percent,21.6,E
British Columbia,Females,55 to 64 years,All disability types,Severe,Age standardized participation rate,Percent,21.6,E
British Columbia,Females,55 to 64 years,All disability types,Severe,Employment Rate,Percent,21.6,E
British Columbia,Females,55 to 64 years,All disability types,Severe,Age standardized employment rate,Percent,21.6,E
British Columbia,Females,55 to 64 years,All disability types,Very Severe,Total labour force,Number,14970.0,E
British Columbia,Females,55 to 64 years,All disability types,Very Severe,Not in labour force,Number,11940.0,E
British Columbia,Females,55 to 64 years,Hearing,Very Severe,Total labour force,Number,3680.0,E
British Columbia,Females,55 to 64 years,Mobility,Moderate,Total labour force,Number,7940.0,E
British Columbia,Females,55 to 64 years,Mobility,Severe,Total labour force,Number,16960.0,E
British Columbia,Females,55 to 64 years,Mobility,Severe,Not in labour force,Number,13480.0,E
British Columbia,Females,55 to 64 years,Mobility,Very Severe,Total labour force,Number,13200.0,E
British Columbia,Females,55 to 64 years,Mobility,Very Severe,Not in labour force,Number,10430.0,E
British Columbia,Females,55 to 64 years,Flexibility,Moderate,Total labour force,Number,9350.0,E
British Columbia,Females,55 to 64 years,Flexibility,Moderate,Participation rate,Percent,49.3,E
British Columbia,Females,55 to 64 years,Flexibility,Moderate,Age standardized participation rate,Percent,49.3,E
British Columbia,Females,55 to 64 years,Flexibility,Moderate,Employment Rate,Percent,46.7,E
British Columbia,Females,55 to 64 years,Flexibility,Moderate,Age standardized employment rate,Percent,46.8,E
British Columbia,Females,55 to 64 years,Flexibility,Severe,Total labour force,Number,12960.0,E
British Columbia,Females,55 to 64 years,Flexibility,Severe,Not in labour force,Number,9270.0,E
British Columbia,Females,55 to 64 years,Flexibility,Very Severe,Total labour force,Number,13880.0,E
British Columbia,Females,55 to 64 years,Flexibility,Very Severe,Not in labour force,Number,11190.0,E
British Columbia,Females,55 to 64 years,Dexterity,Severe,Total labour force,Number,5750.0,E
British Columbia,Females,55 to 64 years,Dexterity,Very Severe,Total labour force,Number,5650.0,E
British Columbia,Females,55 to 64 years,Dexterity,Very Severe,Not in labour force,Number,3390.0,E
British Columbia,Females,55 to 64 years,Pain,Mild,Total labour force,Number,10040.0,E
British Columbia,Females,55 to 64 years,Pain,Mild,Employed,Number,3370.0,E
British Columbia,Females,55 to 64 years,Pain,Moderate,Total labour force,Number,11800.0,E
British Columbia,Females,55 to 64 years,Pain,Moderate,Employed,Number,6110.0,E
British Columbia,Females,55 to 64 years,Pain,Moderate,Not in labour force,Number,5450.0,E
British Columbia,Females,55 to 64 years,Pain,Moderate,Participation rate,Percent,53.8,E
British Columbia,Females,55 to 64 years,Pain,Moderate,Age standardized participation rate,Percent,53.8,E
British Columbia,Females,55 to 64 years,Pain,Moderate,Employment Rate,Percent,51.8,E
British Columbia,Females,55 to 64 years,Pain,Moderate,Age standardized employment rate,Percent,51.8,E
British Columbia,Females,55 to 64 years,Pain,Severe,Total labour force,Number,20130.0,E
British Columbia,Females,55 to 64 years,Pain,Severe,Employed,Number,4220.0,E
British Columbia,Females,55 to 64 years,Pain,Severe,Not in labour force,Number,15380.0,E
British Columbia,Females,55 to 64 years,Pain,Severe,Participation rate,Percent,21.5,E
British Columbia,Females,55 to 64 years,Pain,Severe,Age standardized participation rate,Percent,21.5,E
British Columbia,Females,55 to 64 years,Pain,Severe,Employment Rate,Percent,21.5,E
British Columbia,Females,55 to 64 years,Pain,Severe,Age standardized employment rate,Percent,21.5,E
British Columbia,Females,55 to 64 years,Pain,Very Severe,Total labour force,Number,13720.0,E
British Columbia,Females,55 to 64 years,Pain,Very Severe,Not in labour force,Number,10690.0,E
British Columbia,Females,55 to 64 years,Mental and/or psychological,Very Severe,Total labour force,Number,8810.0,E
British Columbia,Females,55 to 64 years,Mental and/or psychological,Very Severe,Not in labour force,Number,6860.0,E
Yukon,Males,45 to 54 years,All disability types,Mild,Total labour force,Number,150.0,E
Yukon,Males,45 to 54 years,All disability types,Mild,Participation rate,Percent,100.0,
Yukon,Males,45 to 54 years,All disability types,Mild,Age standardized participation rate,Percent,100.0,
Yukon,Males,45 to 54 years,All disability types,Mild,Employment Rate,Percent,100.0,
Yukon,Males,45 to 54 years,All disability types,Mild,Age standardized employment rate,Percent,100.0,
Yukon,Males,45 to 54 years,All disability types,Moderate,Participation rate,Percent,100.0,
Yukon,Males,45 to 54 years,All disability types,Moderate,Age standardized participation rate,Percent,97.8,
Yukon,Males,55 to 64 years,All disability types,Mild,Total labour force,Number,260.0,E
Yukon,Males,55 to 64 years,All disability types,Mild,Employed,Number,160.0,E
Yukon,Males,55 to 64 years,All disability types,Mild,Participation rate,Percent,84.6,
Yukon,Males,55 to 64 years,All disability types,Mild,Age standardized participation rate,Percent,87.6,
Yukon,Males,55 to 64 years,All disability types,Mild,Employment Rate,Percent,61.5,E
Yukon,Males,55 to 64 years,All disability types,Mild,Age standardized employment rate,Percent,62.9,E
Yukon,Males,55 to 64 years,Hearing,Mild,Total labour force,Number,120.0,E
Yukon,Males,55 to 64 years,Pain,Mild,Participation rate,Percent,92.9,
Yukon,Males,55 to 64 years,Pain,Mild,Age standardized participation rate,Percent,96.7,
Yukon,Females,35 to 44 years,All disability types,Mild,Total labour force,Number,150.0,E
Yukon,Females,35 to 44 years,All disability types,Mild,Participation rate,Percent,93.3,
Yukon,Females,35 to 44 years,All disability types,Mild,Age standardized participation rate,Percent,95.9,
Yukon,Females,35 to 44 years,All disability types,Mild,Employment Rate,Percent,93.3,
Yukon,Females,35 to 44 years,All disability types,Mild,Age standardized employment rate,Percent,92.4,
Yukon,Females,45 to 54 years,All disability types,Mild,Total labour force,Number,140.0,E
Yukon,Females,45 to 54 years,All disability types,Mild,Employed,Number,130.0,E
Yukon,Females,45 to 54 years,All disability types,Mild,Participation rate,Percent,100.0,
Yukon,Females,45 to 54 years,All disability types,Mild,Age standardized participation rate,Percent,100.0,
Yukon,Females,45 to 54 years,All disability types,Mild,Employment Rate,Percent,100.0,
Yukon,Females,45 to 54 years,All disability types,Mild,Age standardized employment rate,Percent,100.0,
Yukon,Females,45 to 54 years,Pain,Mild,Total labour force,Number,110.0,E
Yukon,Females,55 to 64 years,All disability types,Mild,Total labour force,Number,150.0,E
Yukon,Females,55 to 64 years,All disability types,Mild,Employed,Number,110.0,E
Yukon,Females,55 to 64 years,All disability types,Mild,Participation rate,Percent,80.0,
Yukon,Females,55 to 64 years,All disability types,Mild,Age standardized participation rate,Percent,80.7,
Yukon,Females,55 to 64 years,All disability types,Mild,Employment Rate,Percent,73.3,
Yukon,Females,55 to 64 years,All disability types,Mild,Age standardized employment rate,Percent,70.3,
Yukon,Females,55 to 64 years,Pain,Mild,Total labour force,Number,90.0,E
Yukon,Females,55 to 64 years,Pain,Mild,Participation rate,Percent,88.9,
Yukon,Females,55 to 64 years,Pain,Mild,Age standardized participation rate,Percent,89.9,
Northwest Territories,Males,45 to 54 years,All disability types,Mild,Total labour force,Number,100.0,E
Northwest Territories,Males,45 to 54 years,All disability types,Mild,Participation rate,Percent,100.0,
Northwest Territories,Males,45 to 54 years,All disability types,Mild,Age standardized participation rate,Percent,91.8,
Northwest Territories,Males,55 to 64 years,All disability types,Mild,Total labour force,Number,140.0,E
Northwest Territories,Males,55 to 64 years,All disability types,Mild,Participation rate,Percent,57.1,E
Northwest Territories,Males,55 to 64 years,All disability types,Mild,Age standardized participation rate,Percent,56.9,E
Northwest Territories,Males,55 to 64 years,All disability types,Moderate,Total labour force,Number,100.0,E
Northwest Territories,Males,55 to 64 years,All disability types,Severe,Total labour force,Number,80.0,E
Northwest Territories,Males,55 to 64 years,Mobility,Severe,Total labour force,Number,70.0,E
Northwest Territories,Males,55 to 64 years,Pain,Severe,Total labour force,Number,60.0,E
Northwest Territories,Females,35 to 44 years,All disability types,Mild,Total labour force,Number,80.0,E
Northwest Territories,Females,45 to 54 years,All disability types,Mild,Total labour force,Number,80.0,E
Northwest Territories,Females,45 to 54 years,All disability types,Moderate,Total labour force,Number,70.0,E
Northwest Territories,Females,45 to 54 years,All disability types,Severe,Total labour force,Number,80.0,E
Northwest Territories,Females,45 to 54 years,All disability types,Very Severe,Total labour force,Number,70.0,E
Northwest Territories,Females,45 to 54 years,Mobility,Very Severe,Total labour force,Number,70.0,E
Northwest Territories,Females,45 to 54 years,Flexibility,Very Severe,Total labour force,Number,70.0,E
Northwest Territories,Females,45 to 54 years,Pain,Severe,Total labour force,Number,80.0,E
Northwest Territories,Females,45 to 54 years,Pain,Very Severe,Total labour force,Number,70.0,E
Northwest Territories,Females,55 to 64 years,All disability types,Mild,Total labour force,Number,90.0,E
Northwest Territories,Females,55 to 64 years,All disability types,Severe,Total labour force,Number,80.0,E
Northwest Territories,Females,55 to 64 years,All disability types,Very Severe,Total labour force,Number,90.0,E
Northwest Territories,Females,55 to 64 years,Mobility,Very Severe,Total labour force,Number,90.0,E
Northwest Territories,Females,55 to 64 years,Flexibility,Very Severe,Total labour force,Number,90.0,E
Northwest Territories,Females,55 to 64 years,Pain,Very Severe,Total labour force,Number,90.0,E
Nunavut,Males,35 to 44 years,All disability types,Mild,Total labour force,Number,90.0,E
Nunavut,Males,35 to 44 years,All disability types,Mild,Participation rate,Percent,87.5,
Nunavut,Males,35 to 44 years,All disability types,Mild,Age standardized participation rate,Percent,90.3,
Nunavut,Males,45 to 54 years,All disability types,Mild,Total labour force,Number,120.0,
Nunavut,Males,45 to 54 years,All disability types,Mild,Employed,Number,80.0,E
Nunavut,Males,45 to 54 years,All disability types,Mild,Participation rate,Percent,90.0,
Nunavut,Males,45 to 54 years,All disability types,Mild,Age standardized participation rate,Percent,97.4,
Nunavut,Males,45 to 54 years,All disability types,Mild,Employment Rate,Percent,80.0,
Nunavut,Males,45 to 54 years,All disability types,Mild,Age standardized employment rate,Percent,80.4,
Nunavut,Males,45 to 54 years,Hearing,Mild,Total labour force,Number,70.0,E
Nunavut,Females,15 to 24 years,All disability types,Mild,Total labour force,Number,40.0,E
Nunavut,Females,25 to 34 years,All disability types,Mild,Total labour force,Number,120.0,
Nunavut,Females,25 to 34 years,All disability types,Mild,Participation rate,Percent,60.0,
Nunavut,Females,25 to 34 years,All disability types,Mild,Age standardized participation rate,Percent,62.4,
Nunavut,Females,35 to 44 years,All disability types,Mild,Total labour force,Number,60.0,E
Nunavut,Females,45 to 54 years,All disability types,Mild,Total labour force,Number,80.0,E
Nunavut,Females,55 to 64 years,All disability types,Mild,Total labour force,Number,70.0,E
Nunavut,Females,55 to 64 years,All disability types,Severe,Total labour force,Number,30.0,E
